{"info":{"_postman_id":"04c036f5-dd2d-4a67-99be-0b3f2ff6a29c","name":"Enquiry","schema":"https://schema.getpostman.com/json/collection/v2.1.0/collection.json"},"item":[{"name":"FundsExchangeInquiryApplicationServiceSpi","id":"454fb425-48c6-4c44-9297-acb86e3bfe7d","protocolProfileBehavior":{"disableBodyPruning":true,"disabledSystemHeaders":{"content-type":true}},"request":{"method":"POST","header":[{"key":"Content-Type","value":"text/xml","type":"default"}],"body":{"mode":"raw","raw":"<soapenv:Envelope xmlns:soapenv=\"http://schemas.xmlsoap.org/soap/envelope/\" xmlns:fun=\"http://inquiry.service.pc.appx.fc.ofss.com/FundsExchangeInquiryApplicationServiceSpi\" xmlns:con=\"http://context.app.fc.ofss.com\" xmlns:exc=\"http://exception.infra.fc.ofss.com\" xmlns:dto=\"http://dto.common.domain.framework.fc.ofss.com\" xmlns:inq=\"http://inquiry.dto.pc.app.fc.ofss.com\" xmlns:dto1=\"http://dto.account.adapter.app.fc.ofss.com\" xmlns:dto2=\"http://dto.dda.adapter.app.fc.ofss.com\" xmlns:dat=\"http://datatype.fc.ofss.com\" xmlns:dto3=\"http://dto.search.app.fc.ofss.com\" xmlns:dom=\"http://domain.framework.fc.ofss.com\">\n    <soapenv:Header/>\n    <soapenv:Body>\n        <fun:fetchTransactionsByEndpointFundsExchangeInquiry>\n            <!--Optional:-->\n            <fun:sessionContext>\n                <con:bankCode>08</con:bankCode>\n                <con:channel>BB11</con:channel>\n                <con:transactingPartyCode>192598029</con:transactingPartyCode>\n                <con:transactionBranch>089999</con:transactionBranch>\n                <con:userId>DevUser01</con:userId>\n                <con:externalReferenceNo>74da348ed1e348cdaa26992ef3f46cf2</con:externalReferenceNo>\n                <con:serviceCode>CHAPI10167</con:serviceCode>\n                <!--Zero or more repetitions:-->\n                <!--<con:bankCode>08</con:bankCode><con:channel>BIZXP</con:channel><con:externalReferenceNo>B1M9818124110631</con:externalReferenceNo><con:transactingPartyCode>113999439</con:transactingPartyCode><con:transactionBranch>089999</con:transactionBranch><con:userId>DevUser01</con:userId>-->\n            \n            </fun:sessionContext>\n            <!--Optional:-->\n            <fun:fundsExchangeInquiryRequestDTO>\n                <inq:accountInquiryRequestDTO>\n                    <!--Optional:-->\n                    <!--Optional:-->\n                    <dto1:accountId>50100000090329</dto1:accountId>\n                    <!--Optional:-->\n                    <dto1:accountType></dto1:accountType>\n                </inq:accountInquiryRequestDTO>\n                <!--Optional:-->\n                <inq:dateRangeDTO>\n                    <dto:organizationName></dto:organizationName>\n                    <!--Optional:-->\n                    <dto2:endDate>\n                        <!--Optional:-->\n                        <dat:dateString>20230109000000</dat:dateString>\n                    </dto2:endDate>\n                    <!--Optional:-->\n                    <dto2:startDate>\n                        <!--Optional:-->\n                        <dat:dateString>20230105000000</dat:dateString>\n                    </dto2:startDate>\n                </inq:dateRangeDTO>\n                <!--Zero or more repetitions:-->\n                <inq:endPointIdList>ALL</inq:endPointIdList>\n                <!--Optional:-->\n                <inq:pageInformationDTO>\n                    <dto3:numberOfRecordsPerPage>100</dto3:numberOfRecordsPerPage>\n                    <dto3:pageNumber>1</dto3:pageNumber>\n                </inq:pageInformationDTO>\n                <!--Optional:-->\n                <inq:partyId>192598029</inq:partyId>\n            </fun:fundsExchangeInquiryRequestDTO>\n            <!--Zero or more repetitions:-->\n            <fun:workItemViewObjectDTO>\n            \n         </fun:workItemViewObjectDTO>\n        </fun:fetchTransactionsByEndpointFundsExchangeInquiry>\n    </soapenv:Body>\n</soapenv:Envelope>","options":{"raw":{"language":"xml"}}},"url":{"raw":"https://10.226.163.7:9444/com.ofss.fc.cz.hdfc.obp.webservice/FundsExchangeInquiryApplicationServiceSpi","protocol":"https","host":["10","226","163","7"],"port":"9444","path":["com.ofss.fc.cz.hdfc.obp.webservice","FundsExchangeInquiryApplicationServiceSpi"]}},"response":[]}]}