{"info":{"_postman_id":"0a5ea4b4-728a-460a-88ec-dc1c568e88e2","name":"EPIC 3 Integration","schema":"https://schema.getpostman.com/json/collection/v2.1.0/collection.json"},"item":[{"name":"BeneficiaryManagement","item":[{"name":"INTENV-addpayee","id":"bdf8798f-ed71-4fd2-b240-c114c76e9a75","protocolProfileBehavior":{"disableBodyPruning":true},"request":{"method":"POST","header":[{"key":"Device","value":"","type":"default"}],"body":{"mode":"raw","raw":"{\n  \"CustomerID\": \"1\",\n    \"Name\": \"Mohit\",\n    \"NickName\": \"Kumar\",\n    \"AccountNumber\": \"123456789\",\n    \"IfscCode\": \"987654321\",\n    \"bankName\": \"HDFC\",\n    \"type\": \"current\"\n  }","options":{"raw":{"language":"json"}}},"url":{"raw":"http://dev.efblr.in/beneficiarysystem/addpayee","protocol":"http","host":["dev","efblr","in"],"path":["beneficiarysystem","addpayee"]}},"response":[]},{"name":"INTENV-getpayees","id":"57bf936d-948a-44ae-a443-bd219557c65c","protocolProfileBehavior":{"disableBodyPruning":true},"request":{"method":"POST","header":[],"body":{"mode":"raw","raw":"{\n  \"CustomerID\": \"1\"\n  }","options":{"raw":{"language":"json"}}},"url":{"raw":"http://dev.efblr.in/beneficiarysystem/getpayees","protocol":"http","host":["dev","efblr","in"],"path":["beneficiarysystem","getpayees"]}},"response":[]}],"id":"d7f273b2-419c-4841-b803-10d22fde12e9"},{"name":"New Request","id":"52bcd692-d326-436f-93b1-6c1579409ed4","protocolProfileBehavior":{"disableBodyPruning":true},"request":{"method":"GET","header":[]},"response":[]},{"name":"getconfig","id":"5d65bec4-72eb-4f24-b3a7-8eb395b22757","protocolProfileBehavior":{"disableBodyPruning":true},"request":{"method":"GET","header":[{"key":"Device-Id","value":"123","type":"default"}],"url":{"raw":"https://dev.efblr.in/config/getconfig/nli/nli","protocol":"https","host":["dev","efblr","in"],"path":["config","getconfig","nli","nli"]}},"response":[]},{"name":"getbanks","id":"49eae065-a438-45ef-a2ef-b5315166518e","protocolProfileBehavior":{"disableBodyPruning":true},"request":{"method":"GET","header":[]},"response":[]}]}