{"info":{"_postman_id":"0ab43789-9843-4d47-ebf9-bdfb9110d36e","name":"Entitlement","schema":"https://schema.getpostman.com/json/collection/v2.1.0/collection.json"},"item":[{"name":"Delete-Entitlement","id":"0c74a0c4-ab18-0ca6-4434-41cc49723fd4","request":{"method":"DELETE","header":[],"body":{"mode":"formdata","formdata":[]},"url":{"raw":"http://internal-entitlement-partneragnostic-1185276102.ap-south-1.elb.amazonaws.com/entitlement/v1/mgmt/partners/50016367/products/07bf62a1-1235-11e8-baf9-02170cb549b8?visibilityOnly=true","protocol":"http","host":["internal-entitlement-partneragnostic-1185276102","ap-south-1","elb","amazonaws","com"],"path":["entitlement","v1","mgmt","partners","50016367","products","07bf62a1-1235-11e8-baf9-02170cb549b8"],"query":[{"key":"visibilityOnly","value":"true"}]}},"response":[]},{"name":"Entitlement-Add","id":"82649c92-1bfc-efcb-f917-c72f0648b867","request":{"method":"POST","header":[],"body":{"mode":"formdata","formdata":[]},"url":{"raw":"http://internal-entitlement-partneragnostic-1185276102.ap-south-1.elb.amazonaws.com/entitlement/v1/mgmt/partners/50016367/products/c4bff7ac-1235-11e8-bafa-02170cb549b8?visibilityOnly=true\n","protocol":"http","host":["internal-entitlement-partneragnostic-1185276102","ap-south-1","elb","amazonaws","com"],"path":["entitlement","v1","mgmt","partners","50016367","products","c4bff7ac-1235-11e8-bafa-02170cb549b8"],"query":[{"key":"visibilityOnly","value":"true\n"}]}},"response":[]},{"name":"Remove product from dispaying in the section by partner","id":"2bbb5ce5-d5d9-b9b6-3a0d-a92b613d2e0f","request":{"method":"DELETE","header":[],"body":{"mode":"formdata","formdata":[]},"url":{"raw":"http://internal-entitlement-partneragnostic-1185276102.ap-south-1.elb.amazonaws.com/entitlement/v1/mgmt/partners/1/products/27f2ae1c-ab8f-11e8-9d84-0ae0fc1ff2aa?visibilityOnly=true","protocol":"http","host":["internal-entitlement-partneragnostic-1185276102","ap-south-1","elb","amazonaws","com"],"path":["entitlement","v1","mgmt","partners","1","products","27f2ae1c-ab8f-11e8-9d84-0ae0fc1ff2aa"],"query":[{"key":"visibilityOnly","value":"true"}]}},"response":[]},{"name":"View the product availibility for partners","id":"8be03173-c515-b386-cccc-bfafa2b5557e","request":{"method":"GET","header":[],"body":{"mode":"formdata","formdata":[]},"url":{"raw":"http://internal-entitlement-partnerspecific-72155629.ap-south-1.elb.amazonaws.com/entitlement/v1/partners/1/products","protocol":"http","host":["internal-entitlement-partnerspecific-72155629","ap-south-1","elb","amazonaws","com"],"path":["entitlement","v1","partners","1","products"]}},"response":[]}]}