{"info":{"_postman_id":"1c45fa02-8296-1263-1ac8-6de6ca232c66","name":"ProfilingService","schema":"https://schema.getpostman.com/json/collection/v2.1.0/collection.json"},"item":[{"name":"reprovision","id":"5f713b3f-0e0d-0934-4929-2b46b73d43e6","request":{"method":"PUT","header":[{"key":"Content-Type","value":"application/json"}],"body":{"mode":"raw","raw":"[\n  {\n    \"partnerid\": \"9857\",\n    \"siteid\": \"110121\",\n    \"scriptid\": \"00c3a9c0-640c-4d88-a3e6-64713fd71343\",\n    \"endpointid\":\"81da72b2-eaf4-44b5-a9ef-75c4b214734c\"\n  },\n{\n    \"partnerid\": \"9857\",\n    \"siteid\": \"110121\",\n    \"scriptid\": \"00c3a9c0-640c-4d88-a3e6-64713fd71343\",\n    \"endpointid\":\"81da72b2-eaf4-44b5-a9ef-75c4b214734c\"\n  },\n{\n    \"partnerid\": \"9857\",\n    \"siteid\": \"110121\",\n    \"scriptid\": \"088424cf-d8ec-46e4-8647-bee13658d3c2\",\n    \"endpointid\":\"\"\n    \n  }\n]"},"url":{"raw":"http://localhost:12124/profiling/v1/reprovision","protocol":"http","host":["localhost"],"port":"12124","path":["profiling","v1","reprovision"]}},"response":[]},{"name":"DT-reprovision","id":"f4e83e55-59d4-bd2c-4941-dc504ab62826","request":{"method":"PUT","header":[],"body":{"mode":"raw","raw":"[\r\n  {\r\n    \"partnerid\": \"50016367\",\r\n    \"siteid\": \"50110212\",\r\n    \"scriptid\": \"05ffa35d-e616-46f4-b943-bd4a9b5ad873\",\r\n    \"endpointid\":\"199dfbfa-c801-4d61-bb14-305611623029\"\r\n  }\r\n]"},"url":{"raw":"http://internal-continuum-profiling-service-int-856030625.ap-south-1.elb.amazonaws.com/profiling/v1/reprovision","protocol":"http","host":["internal-continuum-profiling-service-int-856030625","ap-south-1","elb","amazonaws","com"],"path":["profiling","v1","reprovision"]}},"response":[]}]}