{"info":{"_postman_id":"3d5ef51c-e407-4971-bd83-b1a8f84ab9d6","name":"Sentinel1","schema":"https://schema.getpostman.com/json/collection/v2.1.0/collection.json"},"item":[{"name":"login user","id":"01bdabbd-9c14-472b-847a-4f349e9c9905","protocolProfileBehavior":{"disableBodyPruning":true},"request":{"method":"POST","header":[{"key":"Content-Type","value":"application/json"},{"key":"","value":"application/json","type":"text"}],"body":{"mode":"raw","raw":"{ \"username\": \"security.fddt@continuum.net\",\r\n    \"remember_me\": \"true\",\r\n    \"password\": \"Security@123\"\r\n    }"},"url":{"raw":"https://carvir-bigben.sentinelone.net/web/api/v2.0/users/login","protocol":"https","host":["carvir-bigben","sentinelone","net"],"path":["web","api","v2.0","users","login"]}},"response":[]},{"name":"get threats","id":"09a7cda9-d3f7-4052-a96c-b0865dc091cf","protocolProfileBehavior":{"disableBodyPruning":true},"request":{"method":"GET","header":[{"key":"Content-Type","value":"application/json","type":"text"},{"key":"Authozization","value":"token 7a501d058284c2fcf04d6f4310000db311ed0cee7e12a306633440bea7953c78e10bc8f269c7067f","type":"text"}],"url":{"raw":"https://carvir-bigben.sentinelone.net/web/api/v2.0/threats?resolved=false&limit=100","protocol":"https","host":["carvir-bigben","sentinelone","net"],"path":["web","api","v2.0","threats"],"query":[{"key":"resolved","value":"false"},{"key":"mitigationStatuses","value":"mitigated","disabled":true},{"key":"status","value":"mitigated","disabled":true},{"key":"coun\ntOnly","value":"false","disabled":true},{"key":"agentIsActive","value":"true","disabled":true},{"key":"skipCount","value":"false","disabled":true},{"key":"sortBy\n","value":"siteId","disabled":true},{"key":"limit","value":"100"}]}},"response":[]},{"name":"generate-api-token","id":"ef16e419-a6c3-4d49-9d87-24c1a50170a2","protocolProfileBehavior":{"disableBodyPruning":true},"request":{"method":"POST","header":[{"key":"Authorization","value":"token dad1aae42eed63edfec5cee760cae377a20551945713a6eb08abb35acf9ff7654958d584b804de83","type":"text"},{"key":"Content-Type","value":"Application/json","type":"text"}],"url":{"raw":"https://carvir-bigben.sentinelone.net/web/api/v2.0/users/generate-api-token","protocol":"https","host":["carvir-bigben","sentinelone","net"],"path":["web","api","v2.0","users","generate-api-token"],"query":[{"key":"","value":"","type":"text","disabled":true},{"key":"Content-Type","value":"","type":"text","disabled":true}]}},"response":[]},{"name":"create-slim-threat","id":"61f95a8e-c7cd-442a-a10c-2375cee1f449","protocolProfileBehavior":{"disableBodyPruning":true},"request":{"method":"POST","header":[{"key":"Authorization","value":"Apitoken 574377472185824931ZM7ZDeUGzEDsS3XTutKI6usvR9IOsoGuPXBnYJpX","type":"text"},{"key":"Content-Type","value":"application/json","type":"text"}],"body":{"mode":"raw","raw":"{\n  \"data\": {\n    \"hash\": \"c48af9c0ec58e49bbf6b58e6b0915b49b1b2cb03\",\n    \"annotationUrl\": \"secuirtytesting.url.cpm\",\n    \"groupId\": \"BED28EB4513B5161\",\n    \"path\": \"\\\\Device\\\\HarddiskVolume7\\\\Users\\\\caleb\\\\OneDrive\\\\Desktop\\\\test\\\\sec-eicar.com\",\n    \"agentId\": \"284923298721052343\",\n    \"annotation\": \"string\"\n  }\n}"},"url":{"raw":"https://carvir-bigben.sentinelone.net/web/api/v2.0/threats/create-slim-threat","protocol":"https","host":["carvir-bigben","sentinelone","net"],"path":["web","api","v2.0","threats","create-slim-threat"]}},"response":[]},{"name":"api-token-details","id":"4e390e63-6d0e-4326-ad37-ed6b54d93825","protocolProfileBehavior":{"disableBodyPruning":true},"request":{"method":"GET","header":[],"url":{"raw":"https://carvir-bigben.sentinelone.net/web/api/v2.0/users/404870864368306256","protocol":"https","host":["carvir-bigben","sentinelone","net"],"path":["web","api","v2.0","users","404870864368306256"]}},"response":[]},{"name":"https://carvir-bigben.sentinelone.net/web/api/v2.0/threats?resolved=false&limit=100","id":"43155dfd-7247-402c-9149-9f2883d9cd2f","protocolProfileBehavior":{"disableBodyPruning":true},"request":{"method":"GET","header":[{"key":"Content-Type","type":"text","value":"application/json"},{"key":"Authozization","type":"text","value":"Apitoken 574377472185824931ZM7ZDeUGzEDsS3XTutKI6usvR9IOsoGuPXBnYJpX"}],"url":{"raw":"https://carvir-bigben.sentinelone.net/web/api/v2.0/threats?resolved=false&limit=100","protocol":"https","host":["carvir-bigben","sentinelone","net"],"path":["web","api","v2.0","threats"],"query":[{"key":"resolved","value":"false"},{"key":"mitigationStatuses","value":"mitigated","disabled":true},{"key":"status","value":"mitigated","disabled":true},{"key":"coun\ntOnly","value":"false","disabled":true},{"key":"agentIsActive","value":"true","disabled":true},{"key":"skipCount","value":"false","disabled":true},{"key":"sortBy\n","value":"siteId","disabled":true},{"key":"limit","value":"100"}]}},"response":[]}]}