{"info":{"_postman_id":"3f3e415b-13ab-4982-b535-07309148e7c2","name":"MB","schema":"https://schema.getpostman.com/json/collection/v2.1.0/collection.json"},"item":[{"name":"fetchAccountDetailsForRequestDDAInquiry","event":[{"listen":"test","script":{"exec":["const responseJson = xml2Json(responseBody);\r","var MSG=responseJson['S:Envelope']['S:Body']['ns193:fetchAccountDetailsForRequestDDAInquiryResponse']['ns193:return']['responseservice:status'][\"responseservice:errorCode\"]\r","\r","//console.log(responseJson)\r","console.log(MSG)\r","\r","pm.test(MSG, function () {\r","        pm.expect(responseJson['S:Envelope']['S:Body']['ns193:fetchAccountDetailsForRequestDDAInquiryResponse']['ns193:return']['responseservice:status'][\"responseservice:errorCode\"]).is.to.equal(\"0\");})\r","        // console.log(responseJson);\r","\r","//console.log(\"hhi\")"],"type":"text/javascript","id":"7e3027b1-ebd3-4ec4-9393-862e41d61b9d"}}],"id":"cdaadcf4-9683-4ad4-9b13-72cedf97bc42","protocolProfileBehavior":{"disabledSystemHeaders":{"content-type":true},"disableBodyPruning":true},"request":{"method":"POST","header":[{"key":"Content-Type","name":"Content-Type","value":"text/xml","type":"text"}],"body":{"mode":"raw","raw":"<soapenv:Envelope xmlns:soapenv=\"http://schemas.xmlsoap.org/soap/envelope/\" xmlns:dda=\"http://core.account.service.dda.appx.fc.ofss.com/DDAInquiryApplicationServiceSpi\" xmlns:con=\"http://context.app.fc.ofss.com\" xmlns:exc=\"http://exception.infra.fc.ofss.com\" xmlns:dto=\"http://dto.common.domain.framework.fc.ofss.com\" xmlns:acc=\"http://account.dto.dda.app.fc.ofss.com\" xmlns:dom=\"http://domain.framework.fc.ofss.com\">\r\n   <soapenv:Header/>\r\n   <soapenv:Body>\r\n      <dda:fetchAccountDetailsForRequestDDAInquiry>\r\n         \r\n         <dda:sessionContext>\r\n\t\t\t<con:bankCode>08</con:bankCode>\r\n            <con:channel>CXH</con:channel>\r\n            <con:externalReferenceNo>{{$timestamp}}</con:externalReferenceNo>\r\n            <con:transactionBranch>089999</con:transactionBranch>\r\n            <con:userId>TVIRAJ240</con:userId>\r\n          </dda:sessionContext>\r\n         \r\n         <dda:ddAccountDetailsRequestDTO>\r\n\r\n            <acc:accountId>50100000934228</acc:accountId>\r\n            <acc:partyId>50194500</acc:partyId>\r\n         </dda:ddAccountDetailsRequestDTO>\r\n        \r\n      </dda:fetchAccountDetailsForRequestDDAInquiry>\r\n   </soapenv:Body>\r\n</soapenv:Envelope>"},"url":{"raw":"http://10.226.163.7:8002/com.ofss.fc.cz.hdfc.obp.webservice/DDAInquiryApplicationServiceSpi","protocol":"http","host":["10","226","163","7"],"port":"8002","path":["com.ofss.fc.cz.hdfc.obp.webservice","DDAInquiryApplicationServiceSpi"]}},"response":[]},{"name":"fetchPartyInformationDetailsMDMParty","event":[{"listen":"test","script":{"exec":["const responseJson = xml2Json(responseBody);\r","\r","console.log(responseJson)\r","\r"," var MSG=responseJson['S:Envelope']['S:Body']['ns166:fetchPartyInformationDetailsMDMPartyResponse']['ns166:return']['responseservice:status'][\"responseservice:errorCode\"]\r","\r","\r","console.log(MSG)\r","\r","pm.test(MSG, function () {\r","        pm.expect(responseJson['S:Envelope']['S:Body']['ns166:fetchPartyInformationDetailsMDMPartyResponse']['ns166:return']['responseservice:status'][\"responseservice:errorCode\"]).is.to.equal(\"0\");})\r","        // console.log(responseJson);\r","\r","// console.log(\"hhi\")"],"type":"text/javascript","id":"433670da-4533-4dbb-a361-ab4c4e608b6e"}}],"id":"afacf680-03e5-4677-ad7c-33d44ffef52b","protocolProfileBehavior":{"disabledSystemHeaders":{"content-type":true},"disableBodyPruning":true},"request":{"method":"POST","header":[{"key":"Content-Type","name":"Content-Type","value":"text/xml","type":"text"}],"body":{"mode":"raw","raw":"<soapenv:Envelope xmlns:soapenv=\"http://schemas.xmlsoap.org/soap/envelope/\" xmlns:mdm=\"http://core.service.party.appx.fc.ofss.com/MDMPartyApplicationServiceSpi\" xmlns:con=\"http://context.app.fc.ofss.com\" xmlns:exc=\"http://exception.infra.fc.ofss.com\" xmlns:dat=\"http://datatype.fc.ofss.com\" xmlns:dto=\"http://dto.common.domain.framework.fc.ofss.com\" xmlns:com=\"http://common.dto.integration.app.fc.ofss.com\" xmlns:dom=\"http://domain.framework.fc.ofss.com\">\r\n   <soapenv:Header/>\r\n   <soapenv:Body>\r\n      <mdm:fetchPartyInformationDetailsMDMParty>\r\n         <!--Optional:-->\r\n         <mdm:sessionContext>\r\n            <con:bankCode>08</con:bankCode>\r\n            <con:channel>CXH</con:channel>\r\n            <con:externalReferenceNo>{{$timestamp}}</con:externalReferenceNo>\r\n            <con:transactingPartyCode>50000045</con:transactingPartyCode>\r\n            <con:transactionBranch>089999</con:transactionBranch>\r\n            <con:userId>DevUser01</con:userId>\r\n         </mdm:sessionContext>\r\n         <mdm:mdmPartyRequestDTO>\r\n            <com:externalPartyId>?</com:externalPartyId>\r\n            <com:partyId>50009691</com:partyId>\r\n            <com:partyType>?</com:partyType>\r\n         </mdm:mdmPartyRequestDTO>\r\n      </mdm:fetchPartyInformationDetailsMDMParty>\r\n   </soapenv:Body>\r\n</soapenv:Envelope>"},"url":{"raw":"http://10.226.163.7:8002/com.ofss.fc.cz.hdfc.obp.webservice/MDMPartyApplicationServiceSpi?wsdl","protocol":"http","host":["10","226","163","7"],"port":"8002","path":["com.ofss.fc.cz.hdfc.obp.webservice","MDMPartyApplicationServiceSpi"],"query":[{"key":"wsdl","value":""}]}},"response":[]},{"name":"inquireUnbilledCreditCardTransactions","event":[{"listen":"test","script":{"exec":["const responseJson = xml2Json(responseBody);\r"," var MSG=responseJson['S:Envelope']['S:Body']['ns11:inquireUnbilledCreditCardTransactionsResponse'].return['responseservice:status'][\"responseservice:errorCode\"]\r","\r","//console.log(responseJson)\r","\r","console.log(MSG)\r","\r","pm.test(MSG, function () {\r","        pm.expect(responseJson['S:Envelope']['S:Body']['ns11:inquireUnbilledCreditCardTransactionsResponse'].return['responseservice:status'][\"responseservice:errorCode\"]).is.to.equal(\"0\");})\r","        // console.log(responseJson);\r","\r","// console.log(\"hhi\")"],"type":"text/javascript","id":"2fff1cab-5a7d-4312-af56-a748bcc996a0"}}],"id":"1cfc925f-5d7e-4538-a007-56765046eff0","protocolProfileBehavior":{"disabledSystemHeaders":{"content-type":true},"disableBodyPruning":true},"request":{"method":"POST","header":[{"key":"Content-Type","name":"Content-Type","value":"text/xml","type":"text"}],"body":{"mode":"raw","raw":"<soapenv:Envelope xmlns:soapenv=\"http://schemas.xmlsoap.org/soap/envelope/\" xmlns:inq=\"http://inquiry.service.cards.appx.cz.fc.ofss.com/\" xmlns:con=\"http://context.app.fc.ofss.com\" xmlns:exc=\"http://exception.infra.fc.ofss.com\" xmlns:dat=\"http://datatype.fc.ofss.com\" xmlns:dto=\"http://dto.common.domain.framework.fc.ofss.com\" xmlns:dom=\"http://domain.framework.fc.ofss.com\">\r\n   <soapenv:Header/>\r\n   <soapenv:Body>\r\n      <inq:inquireUnbilledCreditCardTransactions>\r\n         <!--Optional:-->\r\n         <arg0>\r\n            <con:bankCode>08</con:bankCode>\r\n            <con:channel>CXH</con:channel>\r\n            <con:transactionBranch>089999</con:transactionBranch>\r\n            <con:externalReferenceNo>{{$timestamp}}</con:externalReferenceNo>\r\n            <con:userId>DevUser01</con:userId>\r\n            <con:serviceCode>ACS</con:serviceCode>\r\n            <con:transactingPartyCode>50000013</con:transactingPartyCode>\r\n         </arg0>\r\n         <!--Optional:-->\r\n         <arg1>\r\n            <requestXML><![CDATA[<?xml version=\"1.0\"?><faml><header><idcust>50000899</idcust><reqdatetime>19092019T172359</reqdatetime><idrequest>BBUNBLTX</idrequest><reqrefno>59382</reqrefno></header><txndata><request><cardno>1011000000106562</cardno><coddrcr>B</coddrcr><initialswitch>I</initialswitch><lasttxnseqno>0</lasttxnseqno></request></txndata></faml>]]></requestXML>\r\n         </arg1>\r\n         <!--Zero or more repetitions:-->\r\n      </inq:inquireUnbilledCreditCardTransactions>\r\n   </soapenv:Body>\r\n</soapenv:Envelope>"},"url":{"raw":"http://10.226.163.7:8002/com.ofss.fc.cz.hdfc.obp.vp.webservice/CreditCardUnbilledTransactionInquiryApplicationServiceSpi","protocol":"http","host":["10","226","163","7"],"port":"8002","path":["com.ofss.fc.cz.hdfc.obp.vp.webservice","CreditCardUnbilledTransactionInquiryApplicationServiceSpi"]}},"response":[]},{"name":"getActiveCreditCardsSummary","event":[{"listen":"test","script":{"exec":["const responseJson = xml2Json(responseBody);\r","var MSG=responseJson['S:Envelope']['S:Body']['ns11:getActiveCreditCardsSummaryResponse'].return['responseservice:status'][\"responseservice:errorCode\"]\r","\r","console.log(MSG)\r","\r","pm.test(MSG, function () {\r","        pm.expect(responseJson['S:Envelope']['S:Body']['ns11:getActiveCreditCardsSummaryResponse'].return['responseservice:status'][\"responseservice:errorCode\"]).is.to.equal(\"0\");})\r","        // console.log(responseJson);\r","\r","// console.log(\"hhi\")\r",""],"type":"text/javascript","id":"9b16c65d-679e-462e-8933-bb284a590228"}}],"id":"1b93f908-ab39-4a29-8fa8-16e8624ad854","protocolProfileBehavior":{"disabledSystemHeaders":{"content-type":true},"disableBodyPruning":true},"request":{"method":"POST","header":[{"key":"Content-Type","name":"Content-Type","value":"text/xml","type":"text"}],"body":{"mode":"raw","raw":"<soapenv:Envelope xmlns:soapenv=\"http://schemas.xmlsoap.org/soap/envelope/\" xmlns:inq=\"http://inquiry.service.cards.appx.cz.fc.ofss.com/\" xmlns:con=\"http://context.app.fc.ofss.com\" xmlns:exc=\"http://exception.infra.fc.ofss.com\" xmlns:dat=\"http://datatype.fc.ofss.com\" xmlns:dto=\"http://dto.common.domain.framework.fc.ofss.com\" xmlns:dom=\"http://domain.framework.fc.ofss.com\">\r\n   <soapenv:Header/>\r\n   <soapenv:Body>\r\n      <inq:getActiveCreditCardsSummary>\r\n         <!--Optional:-->\r\n         <arg0>\r\n      <con:bankCode>08</con:bankCode>\r\n            <con:channel>CXH</con:channel>\r\n            <con:transactionBranch>089999</con:transactionBranch>\r\n            <con:externalReferenceNo>{{$timestamp}}</con:externalReferenceNo>\r\n            <con:userId>DevUkkser01</con:userId>\r\n            <con:serviceCode>ACS</con:serviceCode>\r\n            <con:transactingPartyCode>50000013</con:transactingPartyCode>\r\n         </arg0>\r\n         <!--Optional:-->\r\n         <arg1>\r\n            <requestXML><![CDATA[<?xml version=\"1.0\"?><emsg><header><op>eCSF</op><version>2.0</version><data>50000044            001eCSF        0004346781102105533     S                                        </data></header><msg><rec>BBCARDSM00200A10000000000243467811021055334346781102105699                                                                                                4346781102105533                                              </rec></msg></emsg>]]></requestXML>\r\n         </arg1>\r\n         <!--Zero or more repetitions:-->\r\n         \r\n      </inq:getActiveCreditCardsSummary>\r\n   </soapenv:Body>\r\n</soapenv:Envelope>"},"url":{"raw":"http://10.226.163.7:8002/com.ofss.fc.cz.hdfc.obp.vp.webservice/ActiveCreditCardsAccountSummaryApplicationServiceSpi","protocol":"http","host":["10","226","163","7"],"port":"8002","path":["com.ofss.fc.cz.hdfc.obp.vp.webservice","ActiveCreditCardsAccountSummaryApplicationServiceSpi"]}},"response":[]},{"name":"inquireUnbilledCreditCardTransactions","event":[{"listen":"test","script":{"exec":["const responseJson = xml2Json(responseBody);\r"," var MSG=responseJson['S:Envelope']['S:Body']['ns11:inquireUnbilledCreditCardTransactionsResponse'].return['responseservice:status'][\"responseservice:errorCode\"]\r","\r","//console.log(responseJson)\r","\r","console.log(MSG)\r","\r","pm.test(MSG, function () {\r","        pm.expect(responseJson['S:Envelope']['S:Body']['ns11:inquireUnbilledCreditCardTransactionsResponse'].return['responseservice:status'][\"responseservice:errorCode\"]).is.to.equal(\"0\");})\r","        // console.log(responseJson);\r","\r","// console.log(\"hhi\")"],"type":"text/javascript","id":"77b73d89-ba8e-4a23-aa4c-2c3933f043bf"}}],"id":"32520518-289a-4cd9-a348-b12957fba723","protocolProfileBehavior":{"disabledSystemHeaders":{"content-type":true},"disableBodyPruning":true},"request":{"method":"POST","header":[{"key":"Content-Type","name":"Content-Type","value":"text/xml","type":"text"}],"body":{"mode":"raw","raw":"<soapenv:Envelope xmlns:soapenv=\"http://schemas.xmlsoap.org/soap/envelope/\" xmlns:inq=\"http://inquiry.service.cards.appx.cz.fc.ofss.com/\" xmlns:con=\"http://context.app.fc.ofss.com\" xmlns:exc=\"http://exception.infra.fc.ofss.com\" xmlns:dat=\"http://datatype.fc.ofss.com\" xmlns:dto=\"http://dto.common.domain.framework.fc.ofss.com\" xmlns:dom=\"http://domain.framework.fc.ofss.com\">\r\n   <soapenv:Header/>\r\n   <soapenv:Body>\r\n      <inq:inquireUnbilledCreditCardTransactions>\r\n         <!--Optional:-->\r\n         <arg0>\r\n            <con:bankCode>08</con:bankCode>\r\n            <con:channel>CXH</con:channel>\r\n            <con:transactionBranch>089999</con:transactionBranch>\r\n            <con:externalReferenceNo>{{$timestamp}}</con:externalReferenceNo>\r\n            <con:userId>DevUser01</con:userId>\r\n            <con:serviceCode>ACS</con:serviceCode>\r\n            <con:transactingPartyCode>50000013</con:transactingPartyCode>\r\n         </arg0>\r\n         <!--Optional:-->\r\n         <arg1>\r\n            <requestXML><![CDATA[<?xml version=\"1.0\"?><faml><header><idcust>50000899</idcust><reqdatetime>19092019T172359</reqdatetime><idrequest>BBUNBLTX</idrequest><reqrefno>59382</reqrefno></header><txndata><request><cardno>1011000000106562</cardno><coddrcr>B</coddrcr><initialswitch>I</initialswitch><lasttxnseqno>0</lasttxnseqno></request></txndata></faml>]]></requestXML>\r\n         </arg1>\r\n         <!--Zero or more repetitions:-->\r\n      </inq:inquireUnbilledCreditCardTransactions>\r\n   </soapenv:Body>\r\n</soapenv:Envelope>"},"url":{"raw":"http://10.226.163.7:8002/com.ofss.fc.cz.hdfc.obp.vp.webservice/CreditCardUnbilledTransactionInquiryApplicationServiceSpi","protocol":"http","host":["10","226","163","7"],"port":"8002","path":["com.ofss.fc.cz.hdfc.obp.vp.webservice","CreditCardUnbilledTransactionInquiryApplicationServiceSpi"]}},"response":[]},{"name":"getDebitCardSummary","event":[{"listen":"test","script":{"exec":["const CompleteResJson = xml2Json(responseBody);\r","console.log(CompleteResJson)\r","var OBP_Res=CompleteResJson['S:Envelope']['S:Body']['ns11:getDebitCardsSummaryResponse'].return['responseservice:status'][\"responseservice:errorCode\"]\r","\r","//  var DCMSXMLRes=responseJson['S:Envelope']['S:Body']['ns11:getDebitCardsSummaryResponse'].return.responseXML\r","\r","// // //console.log(DCMSRes)\r","\r","// const DCMSJsonRes=xml2Json(DCMSXMLRes)\r","// // console.log(ResValue)\r","// const DCMSErrorCode=DCMSJsonRes.DCMSServices.Body.SrvResp.CardInquiryResp.ErrorCode\r","\r","// pm.test(DCMSErrorCode, function () {\r","//         pm.expect(DCMSJsonRes.DCMSServices.Body.SrvResp.CardInquiryResp.ErrorCode).is.to.equal(\"0\");})\r","// // console.log(exactDCMSresponse)\r","// console.log(OBP_Res)\r","\r","pm.test(OBP_Res, function () {\r","        pm.expect(CompleteResJson['S:Envelope']['S:Body']['ns11:getDebitCardsSummaryResponse'].return['responseservice:status'][\"responseservice:errorCode\"]).is.to.equal(\"0\");})\r","        //console.log(responseJson);\r","\r","// console.log(\"hhi\")"],"type":"text/javascript","id":"cd0d33ee-71ce-4cb6-8001-3eadd3b1b105"}}],"id":"11ae0893-1a6f-445e-9e9d-9f23a12a2d9c","protocolProfileBehavior":{"disabledSystemHeaders":{"content-type":true},"disableBodyPruning":true},"request":{"method":"POST","header":[{"key":"Content-Type","name":"Content-Type","value":"text/xml","type":"text"}],"body":{"mode":"raw","raw":"<soapenv:Envelope xmlns:soapenv=\"http://schemas.xmlsoap.org/soap/envelope/\" xmlns:inq=\"http://inquiry.service.cards.appx.cz.fc.ofss.com/\" xmlns:con=\"http://context.app.fc.ofss.com\" xmlns:exc=\"http://exception.infra.fc.ofss.com\" xmlns:dat=\"http://datatype.fc.ofss.com\" xmlns:dto=\"http://dto.common.domain.framework.fc.ofss.com\" xmlns:dom=\"http://domain.framework.fc.ofss.com\">\r\n    <soapenv:Header/>\r\n    <soapenv:Body>\r\n        <inq:getDebitCardsSummary>\r\n            <!--Optional:-->\r\n            <arg0>\r\n                <con:bankCode>08</con:bankCode>\r\n                <con:channel>CXH</con:channel>\r\n                <con:transactingPartyCode>777487</con:transactingPartyCode>\r\n                <con:transactionBranch>089999</con:transactionBranch>\r\n                <con:userId>CXH_user</con:userId>\r\n                <con:externalReferenceNo>{{$timestamp}}</con:externalReferenceNo>\r\n            </arg0>\r\n            <!--Optional:-->\r\n            <arg1>\r\n                <!--Zero or more repetitions:-->\r\n                <dto:dictionaryArray>\r\n                    <!--Optional:-->\r\n                    <dto:fullyQualifiedClassName>?</dto:fullyQualifiedClassName>\r\n                    <!--Zero or more repetitions:-->\r\n                    <dto:nameValuePairDTOArray>\r\n                        <!--Optional:-->\r\n                        <dto:datatype>?</dto:datatype>\r\n                        <!--Optional:-->\r\n                        <dto:genericName>?</dto:genericName>\r\n                        <!--Optional:-->\r\n                        <dto:name>?</dto:name>\r\n                        <!--Optional:-->\r\n                        <dto:value>?</dto:value>\r\n                    </dto:nameValuePairDTOArray>\r\n                </dto:dictionaryArray>\r\n                <!--Optional:-->\r\n                <requestXML>&lt;DCMSServices>&lt;Header>&lt;Version>1.0&lt;/Version>&lt;SrvType>TRANS&lt;/SrvType>&lt;SrvName>CARD_INQUIRY&lt;/SrvName>&lt;SrcApp>FLEX@&lt;/SrcApp>&lt;TargetApp>DCMS&lt;/TargetApp>&lt;Timestamp>22-12-2021 10:28:36&lt;/Timestamp>&lt;SrcMsgId>614683&lt;/SrcMsgId>&lt;OrgID>HDFC&lt;/OrgID>&lt;/Header>&lt;Body>&lt;SrvReq>&lt;CardInquiryReq>&lt;CustomerId>50233130&lt;/CustomerId>&lt;/CardInquiryReq>&lt;/SrvReq>&lt;/Body>&lt;/DCMSServices></requestXML>\r\n            </arg1>\r\n        </inq:getDebitCardsSummary>\r\n    </soapenv:Body>\r\n</soapenv:Envelope>"},"url":{"raw":"http://10.226.163.7:8002/com.ofss.fc.cz.hdfc.obp.dcms.webservice/DebitCardAccountSummaryApplicationServiceSpi?wsdl","protocol":"http","host":["10","226","163","7"],"port":"8002","path":["com.ofss.fc.cz.hdfc.obp.dcms.webservice","DebitCardAccountSummaryApplicationServiceSpi"],"query":[{"key":"wsdl","value":""}]}},"response":[]},{"name":"maintainCreditCardAutopayInstruction","event":[{"listen":"test","script":{"exec":["const responseJson = xml2Json(responseBody);\r","\r","console.log(responseJson)\r","\r"," var MSG=responseJson['S:Envelope']['S:Body']['ns11:maintainCreditCardAutopayInstructionResponse']['return']['responseservice:status'][\"responseservice:errorCode\"]\r","\r","\r","console.log(MSG)\r","\r","pm.test(MSG, function () {\r","        pm.expect(responseJson['S:Envelope']['S:Body']['ns11:maintainCreditCardAutopayInstructionResponse']['return']['responseservice:status'][\"responseservice:errorCode\"]).is.to.equal(\"0\");})\r","        // console.log(responseJson);\r","\r","// console.log(\"hhi\")"],"type":"text/javascript","id":"9d66da7a-8e8b-46da-a91c-88a800809576"}}],"id":"85d14a5e-e3b0-46fb-bfc6-1d6531686a61","protocolProfileBehavior":{"disabledSystemHeaders":{"content-type":true},"disableBodyPruning":true},"request":{"method":"POST","header":[{"key":"Content-Type","name":"Content-Type","value":"text/xml","type":"text"}],"body":{"mode":"raw","raw":"<soapenv:Envelope xmlns:soapenv=\"http://schemas.xmlsoap.org/soap/envelope/\" xmlns:tran=\"http://transaction.service.cards.appx.cz.fc.ofss.com/\" xmlns:con=\"http://context.app.fc.ofss.com\" xmlns:exc=\"http://exception.infra.fc.ofss.com\" xmlns:dat=\"http://datatype.fc.ofss.com\" xmlns:dto=\"http://dto.common.domain.framework.fc.ofss.com\" xmlns:dom=\"http://domain.framework.fc.ofss.com\">\r\n    <soapenv:Header/>\r\n    <soapenv:Body>\r\n        <tran:maintainCreditCardAutopayInstruction>\r\n            <arg0>\r\n                <con:bankCode>08</con:bankCode>\r\n                <con:channel>CXH</con:channel>\r\n                <con:transactionBranch>089999</con:transactionBranch>\r\n                <con:externalReferenceNo>Test00129077414569</con:externalReferenceNo>\r\n                <con:userId>DevUser01</con:userId>\r\n                <con:transactingPartyCode>50288925</con:transactingPartyCode>\r\n            </arg0>\r\n            <arg1>\r\n                <requestXML>\r\n                    <![CDATA[\r\n                    <?xml version=\"1.0\"?><faml><header><idcust>444669444</idcust><reqdatetime>20220112T134502</reqdatetime><idrequest>BBAUTOPY</idrequest><reqrefno>5718062</reqrefno></header><txndata><request><cardno>6528500020455506</cardno><payachflag>M</payachflag><tmvflag>M</tmvflag><effectivedate>20170517T155308</effectivedate><accountno>50100000000044</accountno></request></txndata></faml>]]>\r\n    </requestXML>\r\n</arg1>\r\n</tran:maintainCreditCardAutopayInstruction>\r\n</soapenv:Body>\r\n</soapenv:Envelope>"},"url":{"raw":"http://10.226.163.7:8002/com.ofss.fc.cz.hdfc.obp.vp.webservice/CreditCardAutopayInstructionApplicationServiceSpi?wsdl","protocol":"http","host":["10","226","163","7"],"port":"8002","path":["com.ofss.fc.cz.hdfc.obp.vp.webservice","CreditCardAutopayInstructionApplicationServiceSpi"],"query":[{"key":"wsdl","value":""}]}},"response":[]},{"name":"doRBICreditCardLimitUpdation","event":[{"listen":"test","script":{"exec":["const responseJson = pm.response.json();\r","\r","//  const req = requestBody;\r","// const value = responseJson.status;\r","// console.log(value)\r","console.log(responseJson)\r","\r","\r","const MSG=responseJson.status.errorCode\r","\r","console.log(MSG)\r","\r","pm.test(MSG, function () {\r","        pm.expect(responseJson.status.errorCode).is.to.equal(\"0\");})\r","\r","\r",""],"type":"text/javascript","id":"e6e289ce-3d6d-4369-8891-9b01d823e663"}}],"id":"7fbd4542-35aa-4a60-8a1c-802936c2d423","protocolProfileBehavior":{"disableBodyPruning":true},"request":{"method":"POST","header":[{"key":"Content-Type","name":"Content-Type","value":"application/json","type":"text"}],"body":{"mode":"raw","raw":"{\r\n   \"PassThroughMessageQueueRequest\":{\r\n      \"requestXML\":  \" \"\r\n   },\r\n  \"sessionContext\":{\r\n      \"channel\":\"CXH\",\r\n      \"userId\":\"DevUser01\",\r\n      \"externalReferenceNo\":\"{{$timestamp}}\",\r\n       \"transactingPartyCode\" : \"50000045\",\r\n      \"bankCode\":\"08\",\r\n      \"transactionBranch\":\"089999\"\r\n   }\r\n}\r\n"},"url":{"raw":"http://10.226.163.7:8002/com.ofss.fc.cz.hdfc.obp.vp.webservice/RBICreditCardLimitupdationRestWrapper/doRBICreditCardLimitUpdation","protocol":"http","host":["10","226","163","7"],"port":"8002","path":["com.ofss.fc.cz.hdfc.obp.vp.webservice","RBICreditCardLimitupdationRestWrapper","doRBICreditCardLimitUpdation"]}},"response":[]},{"name":"chequeStatusInquirySpi","event":[{"listen":"test","script":{"exec":["const responseJson = xml2Json(responseBody);\r","\r","console.log(responseJson)\r","\r"," var MSG=responseJson['S:Envelope']['S:Body']['ns10:inquireChequeStatusResponse']['return']['responseservice:status'][\"responseservice:errorCode\"]\r","\r","\r","console.log(MSG)\r","\r","pm.test(MSG, function () {\r","        pm.expect(responseJson['S:Envelope']['S:Body']['ns10:inquireChequeStatusResponse']['return']['responseservice:status'][\"responseservice:errorCode\"]).is.to.equal(\"0\");})\r","        // console.log(responseJson);\r","\r","// console.log(\"hhi\")"],"type":"text/javascript","id":"317318d0-e254-471d-bbfc-1cfbfa84a41a"}}],"id":"84409605-4ecf-4ac6-b32e-028957d28793","protocolProfileBehavior":{"disabledSystemHeaders":{"content-type":true},"disableBodyPruning":true},"request":{"method":"POST","header":[{"key":"Content-Type","name":"Content-Type","value":"text/xml","type":"text"}],"body":{"mode":"raw","raw":"<soapenv:Envelope xmlns:soapenv=\"http://schemas.xmlsoap.org/soap/envelope/\" xmlns:inq=\"http://inquiry.service.dda.appx.cz.fc.ofss.com/\" xmlns:con=\"http://context.app.fc.ofss.com\" xmlns:exc=\"http://exception.infra.fc.ofss.com\" xmlns:dat=\"http://datatype.fc.ofss.com\" xmlns:dom=\"http://domain.framework.fc.ofss.com\" xmlns:dto=\"http://dto.common.domain.framework.fc.ofss.com\">\r\n   <soapenv:Header/>\r\n   <soapenv:Body>\r\n      <inq:inquireChequeStatus>\r\n         <arg0>\r\n            <con:bankCode>08</con:bankCode>\r\n            <con:channel>CXH</con:channel>\r\n            <con:serviceCode>CHAPI10022</con:serviceCode>\r\n            <con:transactingPartyCode>50028787</con:transactingPartyCode>\r\n            <con:transactionBranch>089999</con:transactionBranch>\r\n            <con:userId>DevUser01</con:userId>\r\n             <con:externalReferenceNo>{{$timestamp}}</con:externalReferenceNo>\r\n         </arg0>\r\n         <arg1>\r\n            <acctNbr>50100000000044</acctNbr>\r\n            <chequeNo>000001</chequeNo>\r\n            <customerId>444669444</customerId>\r\n         </arg1>\r\n      </inq:inquireChequeStatus>\r\n   </soapenv:Body>\r\n</soapenv:Envelope>"},"url":{"raw":"http://10.226.163.7:8002/com.ofss.fc.cz.hdfc.obp.webservice/chequeStatusInquirySpi?wsdl","protocol":"http","host":["10","226","163","7"],"port":"8002","path":["com.ofss.fc.cz.hdfc.obp.webservice","chequeStatusInquirySpi"],"query":[{"key":"wsdl","value":""}]}},"response":[]},{"name":"getCASASummary","event":[{"listen":"test","script":{"exec":["const responseJson = xml2Json(responseBody);\r","var MSG=responseJson['S:Envelope']['S:Body']['ns10:getCASASummaryResponse'].return['responseservice:status'][\"responseservice:errorCode\"]\r","\r","console.log(responseJson)\r","\r","console.log(MSG)\r","\r","pm.test(MSG, function () {\r","        pm.expect(responseJson['S:Envelope']['S:Body']['ns10:getCASASummaryResponse'].return['responseservice:status'][\"responseservice:errorCode\"]).is.to.equal(\"0\");})\r","        // console.log(responseJson);\r","\r","// console.log(\"hhi\")"],"type":"text/javascript","id":"7d9f74f3-78db-40e3-8d7d-b74306a6b616"}}],"id":"d879909d-089f-4979-b89f-6ecfb0bfd089","protocolProfileBehavior":{"disabledSystemHeaders":{"content-type":true},"disableBodyPruning":true},"request":{"method":"POST","header":[{"key":"Content-Type","name":"Content-Type","value":"text/xml","type":"text"}],"body":{"mode":"raw","raw":"<soapenv:Envelope xmlns:soapenv=\"http://schemas.xmlsoap.org/soap/envelope/\" xmlns:inq=\"http://inquiry.service.dda.appx.cz.fc.ofss.com/\" xmlns:con=\"http://context.app.fc.ofss.com\" xmlns:exc=\"http://exception.infra.fc.ofss.com\" xmlns:dom=\"http://domain.framework.fc.ofss.com\" xmlns:dto=\"http://dto.common.domain.framework.fc.ofss.com\">\r\n   <soapenv:Header/>\r\n   <soapenv:Body>\r\n      <inq:getCASASummary>\r\n         <!--Optional:-->\r\n            <arg0>\r\n                <con:bankCode>08</con:bankCode>\r\n                <con:channel>CXH</con:channel>\r\n                <con:externalReferenceNo>{{$timestamp}}</con:externalReferenceNo>\r\n                <con:transactingPartyCode>189000012</con:transactingPartyCode>\r\n                <con:transactionBranch>089999</con:transactionBranch>\r\n                <con:userId>DevUser01</con:userId>\r\n            </arg0>\r\n         <arg1>\r\n            <customerId>189000012</customerId>\r\n         </arg1>\r\n      </inq:getCASASummary>\r\n   </soapenv:Body>\r\n</soapenv:Envelope>"},"url":{"raw":"http://10.226.163.7:8002/com.ofss.fc.cz.hdfc.obp.webservice/casaSummarySpi","protocol":"http","host":["10","226","163","7"],"port":"8002","path":["com.ofss.fc.cz.hdfc.obp.webservice","casaSummarySpi"]}},"response":[]},{"name":"getCustomerAccounts","event":[{"listen":"test","script":{"exec":["const responseJson = xml2Json(responseBody);\r","\r","console.log(responseJson)\r","\r"," var MSG=responseJson['S:Envelope']['S:Body']['ns10:getCustomerAccountsResponse']['return']['responseservice:status'][\"responseservice:errorCode\"]\r","\r","\r","console.log(MSG)\r","\r","pm.test(MSG, function () {\r","        pm.expect(responseJson['S:Envelope']['S:Body']['ns10:getCustomerAccountsResponse']['return']['responseservice:status'][\"responseservice:errorCode\"]).is.to.equal(\"0\");})\r","        // console.log(responseJson);\r","\r","// console.log(\"hhi\")"],"type":"text/javascript","id":"0190af10-3bc0-42d6-a73b-0c1d89f75c15"}}],"id":"1d92faed-a7bf-4219-b24e-ff2cfb839a65","protocolProfileBehavior":{"disabledSystemHeaders":{"content-type":true},"disableBodyPruning":true},"request":{"method":"POST","header":[{"key":"Content-Type","name":"Content-Type","value":"text/xml","type":"text"}],"body":{"mode":"raw","raw":"\r\n\r\n<soapenv:Envelope xmlns:soapenv=\"http://schemas.xmlsoap.org/soap/envelope/\" xmlns:tran=\"http://transaction.service.dda.appx.cz.fc.ofss.com/\" xmlns:con=\"http://context.app.fc.ofss.com\" xmlns:exc=\"http://exception.infra.fc.ofss.com\" xmlns:dat=\"http://datatype.fc.ofss.com\" xmlns:dom=\"http://domain.framework.fc.ofss.com\" xmlns:dto=\"http://dto.common.domain.framework.fc.ofss.com\">\r\n    <soapenv:Header/>\r\n    <soapenv:Body>\r\n        <tran:getCustomerAccounts>\r\n            <arg0>\r\n                <con:bankCode>08</con:bankCode>\r\n                <con:channel>CXH</con:channel>\r\n                <con:externalReferenceNo>{{$timestamp}}</con:externalReferenceNo>\r\n                <con:serviceCode>CBR</con:serviceCode>\r\n                <con:transactingPartyCode>50000045</con:transactingPartyCode>\r\n                <con:transactionBranch>089999</con:transactionBranch>\r\n                <con:userId>DevUser01</con:userId>\r\n            </arg0>\r\n            <arg1>\r\n                <customerId>50000045</customerId>\r\n            </arg1>\r\n        </tran:getCustomerAccounts>\r\n    </soapenv:Body>\r\n</soapenv:Envelope>"},"url":{"raw":"http://10.226.163.7:8002/com.ofss.fc.cz.hdfc.obp.webservice/chequeBookIssueSpi?wsdl","protocol":"http","host":["10","226","163","7"],"port":"8002","path":["com.ofss.fc.cz.hdfc.obp.webservice","chequeBookIssueSpi"],"query":[{"key":"wsdl","value":""}]}},"response":[]},{"name":"rdDetailSummary","event":[{"listen":"test","script":{"exec":["const responseJson = xml2Json(responseBody);\r","\r","console.log(responseJson)\r","\r"," var MSG=responseJson['S:Envelope']['S:Body']['ns10:getRDDetailSummaryResponse']['return']['responseservice:status'][\"responseservice:errorCode\"]\r","\r","\r","console.log(MSG)\r","\r","pm.test(MSG, function () {\r","        pm.expect(responseJson['S:Envelope']['S:Body']['ns10:getRDDetailSummaryResponse']['return']['responseservice:status'][\"responseservice:errorCode\"]).is.to.equal(\"0\");})\r","        // console.log(responseJson);\r","\r","// console.log(\"hhi\")"],"type":"text/javascript","id":"9923f03a-1d94-4c0e-ba03-b5bea8851882"}}],"id":"2067ae0c-495c-4faf-931d-b7a2ffd4b9a5","protocolProfileBehavior":{"disabledSystemHeaders":{"content-type":true},"disableBodyPruning":true},"request":{"method":"POST","header":[{"key":"Content-Type","name":"Content-Type","value":"text/xml","type":"text"}],"body":{"mode":"raw","raw":"<soapenv:Envelope xmlns:soapenv=\"http://schemas.xmlsoap.org/soap/envelope/\" xmlns:inq=\"http://inquiry.service.dda.appx.cz.fc.ofss.com/\" xmlns:con=\"http://context.app.fc.ofss.com\" xmlns:exc=\"http://exception.infra.fc.ofss.com\" xmlns:dat=\"http://datatype.fc.ofss.com\" xmlns:dom=\"http://domain.framework.fc.ofss.com\" xmlns:dto=\"http://dto.common.domain.framework.fc.ofss.com\">\r\n   <soapenv:Header/>\r\n   <soapenv:Body>\r\n      <inq:getRDDetailSummary>\r\n         <arg0>\r\n            <con:bankCode>08</con:bankCode>\r\n            <con:channel>CXH</con:channel>\r\n            <con:externalReferenceNo>{{$timestamp}}</con:externalReferenceNo>\r\n            <con:serviceCode>RDAPI10002</con:serviceCode>\r\n            <con:transactionBranch>089999</con:transactionBranch>\r\n            <con:userId>DevUser01</con:userId>\r\n         </arg0>\r\n         <arg1>\r\n            <customerId>50000038</customerId>\r\n         </arg1>\r\n      </inq:getRDDetailSummary>\r\n   </soapenv:Body>\r\n</soapenv:Envelope>\r\n"},"url":{"raw":"http://10.226.163.7:8002/com.ofss.fc.cz.hdfc.obp.webservice/rdDetailSummary?wsdl","protocol":"http","host":["10","226","163","7"],"port":"8002","path":["com.ofss.fc.cz.hdfc.obp.webservice","rdDetailSummary"],"query":[{"key":"wsdl","value":""}]}},"response":[]},{"name":"getRDDetails","event":[{"listen":"test","script":{"exec":["const responseJson = xml2Json(responseBody);\r","\r","console.log(responseJson)\r","\r"," var MSG=responseJson['S:Envelope']['S:Body']['ns10:getRDDetailsResponse']['return']['responseservice:status'][\"responseservice:errorCode\"]\r","\r","\r","console.log(MSG)\r","\r","pm.test(MSG, function () {\r","        pm.expect(responseJson['S:Envelope']['S:Body']['ns10:getRDDetailsResponse']['return']['responseservice:status'][\"responseservice:errorCode\"]).is.to.equal(\"0\");})\r","        // console.log(responseJson);\r","\r","// console.log(\"hhi\")"],"type":"text/javascript","id":"fd676678-7e0e-4c0b-9a6c-ac8858d22eec"}}],"id":"57157962-a691-4172-9263-3f346f15ccdf","protocolProfileBehavior":{"disabledSystemHeaders":{"content-type":true},"disableBodyPruning":true},"request":{"method":"POST","header":[{"key":"Content-Type","name":"Content-Type","value":"text/xml","type":"text"}],"body":{"mode":"raw","raw":"\r\n\r\n<soapenv:Envelope xmlns:soapenv=\"http://schemas.xmlsoap.org/soap/envelope/\" xmlns:inq=\"http://inquiry.service.dda.appx.cz.fc.ofss.com/\" xmlns:con=\"http://context.app.fc.ofss.com\" xmlns:exc=\"http://exception.infra.fc.ofss.com\" xmlns:dat=\"http://datatype.fc.ofss.com\" xmlns:dom=\"http://domain.framework.fc.ofss.com\" xmlns:dto=\"http://dto.common.domain.framework.fc.ofss.com\">\r\n    <soapenv:Header/>\r\n    <soapenv:Body>\r\n        <inq:getRDDetails>\r\n            <arg0>\r\n                <con:bankCode>08</con:bankCode>\r\n                <con:channel>CXH</con:channel>\r\n                <con:transactionBranch>089999</con:transactionBranch>\r\n                <con:externalReferenceNo>{{$timestamp}}</con:externalReferenceNo>\r\n                <con:userId>DevUser01</con:userId>\r\n                <con:serviceCode>RDS</con:serviceCode>\r\n                <con:transactingPartyCode>2800996</con:transactingPartyCode>\r\n            </arg0>\r\n            <arg1>\r\n                <accountNumber>50400000000820</accountNumber>\r\n                <customerId>50185336</customerId>\r\n                <rdType>C</rdType>\r\n            </arg1>\r\n        </inq:getRDDetails>\r\n    </soapenv:Body>\r\n</soapenv:Envelope>"},"url":{"raw":"http://10.226.163.7:8002/com.ofss.fc.cz.hdfc.obp.webservice/RDDetails?wsdl","protocol":"http","host":["10","226","163","7"],"port":"8002","path":["com.ofss.fc.cz.hdfc.obp.webservice","RDDetails"],"query":[{"key":"wsdl","value":""}]}},"response":[]},{"name":"viewBeneficiaryDetails","event":[{"listen":"test","script":{"exec":["const responseJson = xml2Json(responseBody);\r","\r","console.log(responseJson)\r","\r"," var MSG=responseJson['S:Envelope']['S:Body']['ns10:viewBeneficiaryDetailsResponse']['return']['responseservice:status'][\"responseservice:errorCode\"]\r","\r","\r","console.log(MSG)\r","\r","pm.test(MSG, function () {\r","        pm.expect(responseJson['S:Envelope']['S:Body']['ns10:viewBeneficiaryDetailsResponse']['return']['responseservice:status'][\"responseservice:errorCode\"]).is.to.equal(\"0\");})\r","        // console.log(responseJson);\r","\r","// console.log(\"hhi\")"],"type":"text/javascript","id":"f60c9a41-f779-4029-ad86-02cc0cfb5dbb"}}],"id":"76140d55-e303-43e7-a873-1d8ce273211f","protocolProfileBehavior":{"disabledSystemHeaders":{"content-type":true},"disableBodyPruning":true},"request":{"method":"POST","header":[{"key":"Content-Type","name":"Content-Type","value":"text/xml","type":"text"}],"body":{"mode":"raw","raw":"\r\n\r\n\r\n<soapenv:Envelope xmlns:soapenv=\"http://schemas.xmlsoap.org/soap/envelope/\" xmlns:inq=\"http://inquiry.service.dda.appx.cz.fc.ofss.com/\" xmlns:con=\"http://context.app.fc.ofss.com\" xmlns:exc=\"http://exception.infra.fc.ofss.com\" xmlns:dat=\"http://datatype.fc.ofss.com\" xmlns:dom=\"http://domain.framework.fc.ofss.com\" xmlns:dto=\"http://dto.common.domain.framework.fc.ofss.com\">\r\n    <soapenv:Header/>\r\n    <soapenv:Body>\r\n        <inq:viewBeneficiaryDetails>\r\n            <!--Optional:-->\r\n            <arg0>\r\n                <!--Zero or more repetitions:-->\r\n                <con:bankCode>08</con:bankCode>\r\n                <!--Optional:-->\r\n                <con:channel>CXH</con:channel>\r\n                <con:transactionBranch>089999</con:transactionBranch>\r\n                <con:externalReferenceNo>{{$timestamp}}</con:externalReferenceNo>\r\n                <con:userId>DevUser01</con:userId>\r\n                <con:serviceCode>CHAPI11043</con:serviceCode>\r\n                <con:transactingPartyCode>50000004</con:transactingPartyCode>\r\n            </arg0>\r\n            <!--Optional:-->\r\n            <arg1>\r\n                <!--Optional:-->\r\n                <customerId>50000004</customerId>\r\n                <!--Optional:-->\r\n\r\n            \r\n            </arg1>\r\n            <!--Zero or more repetitions:-->\r\n\r\n        \r\n        </inq:viewBeneficiaryDetails>\r\n    </soapenv:Body>\r\n</soapenv:Envelope>"},"url":{"raw":"http://10.226.163.7:8002/com.ofss.fc.cz.hdfc.obp.webservice/ViewBenificiary?wsdl","protocol":"http","host":["10","226","163","7"],"port":"8002","path":["com.ofss.fc.cz.hdfc.obp.webservice","ViewBenificiary"],"query":[{"key":"wsdl","value":""}]}},"response":[]},{"name":"downloadRecurringDepositStatement","event":[{"listen":"test","script":{"exec":["const responseJson = xml2Json(responseBody);\r","\r","console.log(responseJson)\r","\r"," var MSG=responseJson['S:Envelope']['S:Body']['ns10:downloadRecurringDepositStatementResponse']['return']['responseservice:status'][\"responseservice:errorCode\"]\r","\r","\r","console.log(MSG)\r","\r","pm.test(MSG, function () {\r","        pm.expect(responseJson['S:Envelope']['S:Body']['ns10:downloadRecurringDepositStatementResponse']['return']['responseservice:status'][\"responseservice:errorCode\"]).is.to.equal(\"0\");})\r","        // console.log(responseJson);\r","\r","// console.log(\"hhi\")"],"type":"text/javascript","id":"d09073f2-41bf-4439-ad68-115b78ae17ed"}}],"id":"2ac47363-859e-490d-8213-f6ee3db633f8","protocolProfileBehavior":{"disabledSystemHeaders":{"content-type":true},"disableBodyPruning":true},"request":{"method":"POST","header":[{"key":"Content-Type","name":"Content-Type","value":"text/xml","type":"text"}],"body":{"mode":"raw","raw":"\r\n\r\n<soapenv:Envelope xmlns:soapenv=\"http://schemas.xmlsoap.org/soap/envelope/\" xmlns:stat=\"http://statement.service.dda.appx.cz.fc.ofss.com/\" xmlns:con=\"http://context.app.fc.ofss.com\" xmlns:exc=\"http://exception.infra.fc.ofss.com\" xmlns:dat=\"http://datatype.fc.ofss.com\" xmlns:dom=\"http://domain.framework.fc.ofss.com\" xmlns:dto=\"http://dto.common.domain.framework.fc.ofss.com\">\r\n    <soapenv:Header/>\r\n    <soapenv:Body>\r\n        <stat:downloadRecurringDepositStatement>\r\n            <arg0>\r\n                <con:bankCode>08</con:bankCode>\r\n                <con:channel>CXH</con:channel>\r\n                <con:transactionBranch>089999</con:transactionBranch>\r\n                <con:externalReferenceNo>{{$timestamp}}</con:externalReferenceNo>\r\n                <con:userId>DevUser01</con:userId>\r\n                <con:serviceCode>RDS</con:serviceCode>\r\n                <con:transactingPartyCode>2800996</con:transactingPartyCode>\r\n            </arg0>\r\n            <arg1>\r\n                <accountNumber>50400004563390</accountNumber>\r\n                <customerId>192598128</customerId>\r\n            </arg1>\r\n        </stat:downloadRecurringDepositStatement>\r\n    </soapenv:Body>\r\n</soapenv:Envelope>"},"url":{"raw":"http://10.226.163.7:8002/com.ofss.fc.cz.hdfc.obp.webservice/RDStatement?wsdl","protocol":"http","host":["10","226","163","7"],"port":"8002","path":["com.ofss.fc.cz.hdfc.obp.webservice","RDStatement"],"query":[{"key":"wsdl","value":""}]}},"response":[]},{"name":"getRDStatement","event":[{"listen":"test","script":{"exec":["const responseJson = xml2Json(responseBody);\r","\r","console.log(responseJson)\r","\r"," var MSG=responseJson['S:Envelope']['S:Body']['ns10:getRDStatementResponse']['return']['responseservice:status'][\"responseservice:errorCode\"]\r","\r","\r","console.log(MSG)\r","\r","pm.test(MSG, function () {\r","        pm.expect(responseJson['S:Envelope']['S:Body']['ns10:getRDStatementResponse']['return']['responseservice:status'][\"responseservice:errorCode\"]).is.to.equal(\"0\");})\r","        // console.log(responseJson);\r","\r","// console.log(\"hhi\")"],"type":"text/javascript","id":"40265584-4a16-401f-a4df-a46a1a15b65e"}}],"id":"5b0a0718-780e-4184-8f49-5cbd27d278c4","protocolProfileBehavior":{"disabledSystemHeaders":{"content-type":true},"disableBodyPruning":true},"request":{"method":"POST","header":[{"key":"Content-Type","name":"Content-Type","value":"text/xml","type":"text"}],"body":{"mode":"raw","raw":"<soapenv:Envelope xmlns:soapenv=\"http://schemas.xmlsoap.org/soap/envelope/\" xmlns:stat=\"http://statement.service.dda.appx.cz.fc.ofss.com/\" xmlns:con=\"http://context.app.fc.ofss.com\" xmlns:exc=\"http://exception.infra.fc.ofss.com\" xmlns:dat=\"http://datatype.fc.ofss.com\" xmlns:dom=\"http://domain.framework.fc.ofss.com\" xmlns:dto=\"http://dto.common.domain.framework.fc.ofss.com\">\r\n    <soapenv:Header/>\r\n    <soapenv:Body>\r\n        <stat:getRDStatement>\r\n            <arg0>\r\n                <con:bankCode>08</con:bankCode>\r\n                <con:channel>CXH</con:channel>\r\n                <con:transactionBranch>089999</con:transactionBranch>\r\n                <con:externalReferenceNo>{{$timestamp}}</con:externalReferenceNo>\r\n                <con:userId>DevUser01</con:userId>\r\n                <con:serviceCode>RDS</con:serviceCode>\r\n                <con:transactingPartyCode>2800996</con:transactingPartyCode>\r\n            </arg0>\r\n            <arg1>\r\n                <accountNumber>50400004563390</accountNumber>\r\n                <customerId>192598128</customerId>\r\n            </arg1>\r\n        </stat:getRDStatement>\r\n    </soapenv:Body>\r\n</soapenv:Envelope>"},"url":{"raw":"http://10.226.163.7:8002/com.ofss.fc.cz.hdfc.obp.webservice/RDStatement?wsdl","protocol":"http","host":["10","226","163","7"],"port":"8002","path":["com.ofss.fc.cz.hdfc.obp.webservice","RDStatement"],"query":[{"key":"wsdl","value":""}]}},"response":[]},{"name":"getCustomerAccounts","event":[{"listen":"test","script":{"exec":["const responseJson = xml2Json(responseBody);\r","\r","console.log(responseJson)\r","\r"," var MSG=responseJson['S:Envelope']['S:Body']['ns10:getCustomerAccountsResponse']['return']['responseservice:status'][\"responseservice:errorCode\"]\r","\r","\r","console.log(MSG)\r","\r","pm.test(MSG, function () {\r","        pm.expect(responseJson['S:Envelope']['S:Body']['ns10:getCustomerAccountsResponse']['return']['responseservice:status'][\"responseservice:errorCode\"]).is.to.equal(\"0\");})\r","        // console.log(responseJson);\r","\r","// console.log(\"hhi\")"],"type":"text/javascript","id":"f422b10f-87db-4889-912b-77d7b036416f"}}],"id":"196dc02b-d540-4d55-8373-a0df42933d7b","protocolProfileBehavior":{"disabledSystemHeaders":{"content-type":true},"disableBodyPruning":true},"request":{"method":"POST","header":[{"key":"Content-Type","name":"Content-Type","value":"text/xml","type":"text"}],"body":{"mode":"raw","raw":"\r\n\r\n<soapenv:Envelope xmlns:soapenv=\"http://schemas.xmlsoap.org/soap/envelope/\" xmlns:tran=\"http://transaction.service.dda.appx.cz.fc.ofss.com/\" xmlns:con=\"http://context.app.fc.ofss.com\" xmlns:exc=\"http://exception.infra.fc.ofss.com\" xmlns:dat=\"http://datatype.fc.ofss.com\" xmlns:dom=\"http://domain.framework.fc.ofss.com\" xmlns:dto=\"http://dto.common.domain.framework.fc.ofss.com\">\r\n    <soapenv:Header/>\r\n    <soapenv:Body>\r\n        <tran:getCustomerAccounts>\r\n            <arg0>\r\n                <con:bankCode>08</con:bankCode>\r\n                <con:channel>CXH</con:channel>\r\n                <con:externalReferenceNo>{{$timestamp}}</con:externalReferenceNo>\r\n                <con:serviceCode>CBR</con:serviceCode>\r\n                <con:transactingPartyCode>50000045</con:transactingPartyCode>\r\n                <con:transactionBranch>089999</con:transactionBranch>\r\n                <con:userId>DevUser01</con:userId>\r\n            </arg0>\r\n            <arg1>\r\n                <customerId>50000045</customerId>\r\n            </arg1>\r\n        </tran:getCustomerAccounts>\r\n    </soapenv:Body>\r\n</soapenv:Envelope>"},"url":{"raw":"http://10.226.163.7:8002/com.ofss.fc.cz.hdfc.obp.webservice/chequeBookIssueSpi?wsdl","protocol":"http","host":["10","226","163","7"],"port":"8002","path":["com.ofss.fc.cz.hdfc.obp.webservice","chequeBookIssueSpi"],"query":[{"key":"wsdl","value":""}]}},"response":[]},{"name":"getCustomerTPTLimitDetails","event":[{"listen":"test","script":{"exec":["const responseJson = xml2Json(responseBody);\r","\r","console.log(responseJson)\r","\r"," var MSG=responseJson['S:Envelope']['S:Body']['ns10:getCustomerTPTLimitDetailsResponse']['return']['responseservice:status'][\"responseservice:errorCode\"]\r","\r","\r","console.log(MSG)\r","\r","pm.test(MSG, function () {\r","        pm.expect(responseJson['S:Envelope']['S:Body']['ns10:getCustomerTPTLimitDetailsResponse']['return']['responseservice:status'][\"responseservice:errorCode\"]).is.to.equal(\"0\");})\r","        // console.log(responseJson);\r","\r","// console.log(\"hhi\")"],"type":"text/javascript","id":"e3ee2848-7791-440a-8e70-fe127ff0fe17"}}],"id":"876c3ef2-c4db-4f3a-8b90-bac89d215364","protocolProfileBehavior":{"disabledSystemHeaders":{"content-type":true},"disableBodyPruning":true},"request":{"method":"POST","header":[{"key":"Content-Type","name":"Content-Type","value":"text/xml","type":"text"}],"body":{"mode":"raw","raw":"<soapenv:Envelope xmlns:soapenv=\"http://schemas.xmlsoap.org/soap/envelope/\" xmlns:tran=\"http://transaction.service.dda.appx.cz.fc.ofss.com/\" xmlns:con=\"http://context.app.fc.ofss.com\" xmlns:exc=\"http://exception.infra.fc.ofss.com\" xmlns:dat=\"http://datatype.fc.ofss.com\" xmlns:dom=\"http://domain.framework.fc.ofss.com\" xmlns:dto=\"http://dto.common.domain.framework.fc.ofss.com\">\r\n    <soapenv:Header/>\r\n    <soapenv:Body>\r\n        <tran:getCustomerTPTLimitDetails>\r\n            <arg0>\r\n                <con:bankCode>08</con:bankCode>\r\n                <con:channel>CXH</con:channel>\r\n                <con:externalReferenceNo>{{$timestamp}}</con:externalReferenceNo>\r\n                <con:serviceCode>MTL</con:serviceCode>\r\n                <con:transactionBranch>089999</con:transactionBranch>\r\n                <con:userId>DevUser01</con:userId>\r\n                <con:userReferenceNumber>1234</con:userReferenceNumber>\r\n            </arg0>\r\n            <arg1>\r\n                <customerId>50000118</customerId>\r\n            </arg1>\r\n        </tran:getCustomerTPTLimitDetails>\r\n    </soapenv:Body>\r\n</soapenv:Envelope>"},"url":{"raw":"http://10.226.163.7:8002/com.ofss.fc.cz.hdfc.obp.webservice/modifyTPTlimit?wsdl","protocol":"http","host":["10","226","163","7"],"port":"8002","path":["com.ofss.fc.cz.hdfc.obp.webservice","modifyTPTlimit"],"query":[{"key":"wsdl","value":""}]}},"response":[]},{"name":"confirmAddBeneficiary","event":[{"listen":"test","script":{"exec":["const responseJson = xml2Json(responseBody);\r","\r","console.log(responseJson)\r","\r"," var MSG=responseJson['S:Envelope']['S:Body']['ns10:confirmAddBeneficiaryResponse']['return']['responseservice:status'][\"responseservice:errorCode\"]\r","\r","\r","console.log(MSG)\r","\r","pm.test(MSG, function () {\r","        pm.expect(responseJson['S:Envelope']['S:Body']['ns10:confirmAddBeneficiaryResponse']['return']['responseservice:status'][\"responseservice:errorCode\"]).is.to.equal(\"0\");})\r","        // console.log(responseJson);\r","\r","// console.log(\"hhi\")"],"type":"text/javascript","id":"6cb0c356-1552-431e-996a-66b31b8c4c8f"}}],"id":"626729cc-6fb4-442a-9b72-b9a459e15a3f","protocolProfileBehavior":{"disabledSystemHeaders":{"content-type":true},"disableBodyPruning":true},"request":{"method":"POST","header":[{"key":"Content-Type","name":"Content-Type","value":"text/xml","type":"text"}],"body":{"mode":"raw","raw":"\r\n\r\n<soapenv:Envelope xmlns:soapenv=\"http://schemas.xmlsoap.org/soap/envelope/\" xmlns:tran=\"http://transaction.service.dda.appx.cz.fc.ofss.com/\" xmlns:con=\"http://context.app.fc.ofss.com\" xmlns:exc=\"http://exception.infra.fc.ofss.com\" xmlns:dom=\"http://domain.framework.fc.ofss.com\" xmlns:dto=\"http://dto.common.domain.framework.fc.ofss.com\">\r\n    <soapenv:Header/>\r\n    <soapenv:Body>\r\n        <tran:confirmAddBeneficiary>\r\n            <arg0>\r\n                <con:bankCode>08</con:bankCode>\r\n                <con:channel>CXH</con:channel>\r\n                <con:serviceCode>UNM</con:serviceCode>\r\n                <con:externalReferenceNo>{{$timestamp}}</con:externalReferenceNo>\r\n                <con:transactingPartyCode>50000046</con:transactingPartyCode>\r\n                <con:transactionBranch>089999</con:transactionBranch>\r\n                <con:userId>DevUser01</con:userId>\r\n            </arg0>\r\n            <arg1>\r\n                <!--Optional:-->\r\n                <beneAcctNoAtInterBank>456213156446</beneAcctNoAtInterBank>\r\n                <!--Optional:-->\r\n                <beneBankAcctNo>1234564564560000</beneBankAcctNo>\r\n                <!--Optional:-->\r\n                <beneBankAddr>Addr</beneBankAddr>\r\n                <!--Optional:-->\r\n                <beneBankName>BankNam</beneBankName>\r\n                <!--Optional:-->\r\n                <beneBankSWIFTCode>123</beneBankSWIFTCode>\r\n                <!--Optional:-->\r\n                <beneBankSortCode>321</beneBankSortCode>\r\n                <!--Optional:-->\r\n                <beneCountryCode>IN</beneCountryCode>\r\n                <!--Optional:-->\r\n                <beneCountryName>India</beneCountryName>\r\n                <!--Optional:-->\r\n                <beneName>TestBene</beneName>\r\n                <!--Optional:-->\r\n                <beneOverseaAddr/>\r\n                <!--Optional:-->\r\n                <customerId>50000046</customerId>\r\n                <!--Optional:-->\r\n                <interBankAddr/>\r\n                <!--Optional:-->\r\n                <interBankName/>\r\n                <!--Optional:-->\r\n                <interBankSWIFTCode/>\r\n                <!--Optional:-->\r\n                <interBankSortCode/>\r\n            </arg1>\r\n        </tran:confirmAddBeneficiary>\r\n    </soapenv:Body>\r\n</soapenv:Envelope>"},"url":{"raw":"http://10.226.163.7:8002/com.ofss.fc.cz.hdfc.obp.webservice/AddBenificiary?wsdl","protocol":"http","host":["10","226","163","7"],"port":"8002","path":["com.ofss.fc.cz.hdfc.obp.webservice","AddBenificiary"],"query":[{"key":"wsdl","value":""}]}},"response":[]},{"name":"confirmAddBeneficiary","event":[{"listen":"test","script":{"exec":["const responseJson = xml2Json(responseBody);\r","\r","console.log(responseJson)\r","\r"," var MSG=responseJson['S:Envelope']['S:Body']['ns10:confirmAddBeneficiaryResponse']['return']['responseservice:status'][\"responseservice:errorCode\"]\r","\r","\r","console.log(MSG)\r","\r","pm.test(MSG, function () {\r","        pm.expect(responseJson['S:Envelope']['S:Body']['ns10:confirmAddBeneficiaryResponse']['return']['responseservice:status'][\"responseservice:errorCode\"]).is.to.equal(\"0\");})\r","        // console.log(responseJson);\r","\r","// console.log(\"hhi\")"],"type":"text/javascript","id":"a825a450-2b33-4e10-939a-f80005034caf"}}],"id":"99931c9b-8521-48d2-9cb9-d00481ab35a8","protocolProfileBehavior":{"disabledSystemHeaders":{"content-type":true},"disableBodyPruning":true},"request":{"method":"POST","header":[{"key":"Content-Type","name":"Content-Type","value":"text/xml","type":"text"}],"body":{"mode":"raw","raw":"\r\n\r\n<soapenv:Envelope xmlns:soapenv=\"http://schemas.xmlsoap.org/soap/envelope/\" xmlns:tran=\"http://transaction.service.dda.appx.cz.fc.ofss.com/\" xmlns:con=\"http://context.app.fc.ofss.com\" xmlns:exc=\"http://exception.infra.fc.ofss.com\" xmlns:dom=\"http://domain.framework.fc.ofss.com\" xmlns:dto=\"http://dto.common.domain.framework.fc.ofss.com\">\r\n    <soapenv:Header/>\r\n    <soapenv:Body>\r\n        <tran:confirmAddBeneficiary>\r\n            <arg0>\r\n                <con:bankCode>08</con:bankCode>\r\n                <con:channel>CXH</con:channel>\r\n                <con:serviceCode>UNM</con:serviceCode>\r\n                <con:externalReferenceNo>{{$timestamp}}</con:externalReferenceNo>\r\n                <con:transactingPartyCode>50000046</con:transactingPartyCode>\r\n                <con:transactionBranch>089999</con:transactionBranch>\r\n                <con:userId>DevUser01</con:userId>\r\n            </arg0>\r\n            <arg1>\r\n                <!--Optional:-->\r\n                <beneAcctNoAtInterBank>456213156446</beneAcctNoAtInterBank>\r\n                <!--Optional:-->\r\n                <beneBankAcctNo>1234564564560000</beneBankAcctNo>\r\n                <!--Optional:-->\r\n                <beneBankAddr>Addr</beneBankAddr>\r\n                <!--Optional:-->\r\n                <beneBankName>BankNam</beneBankName>\r\n                <!--Optional:-->\r\n                <beneBankSWIFTCode>123</beneBankSWIFTCode>\r\n                <!--Optional:-->\r\n                <beneBankSortCode>321</beneBankSortCode>\r\n                <!--Optional:-->\r\n                <beneCountryCode>IN</beneCountryCode>\r\n                <!--Optional:-->\r\n                <beneCountryName>India</beneCountryName>\r\n                <!--Optional:-->\r\n                <beneName>TestBene</beneName>\r\n                <!--Optional:-->\r\n                <beneOverseaAddr/>\r\n                <!--Optional:-->\r\n                <customerId>50000046</customerId>\r\n                <!--Optional:-->\r\n                <interBankAddr/>\r\n                <!--Optional:-->\r\n                <interBankName/>\r\n                <!--Optional:-->\r\n                <interBankSWIFTCode/>\r\n                <!--Optional:-->\r\n                <interBankSortCode/>\r\n            </arg1>\r\n        </tran:confirmAddBeneficiary>\r\n    </soapenv:Body>\r\n</soapenv:Envelope>"},"url":{"raw":"http://10.226.163.7:8002/com.ofss.fc.cz.hdfc.obp.webservice/AddBenificiary?wsdl","protocol":"http","host":["10","226","163","7"],"port":"8002","path":["com.ofss.fc.cz.hdfc.obp.webservice","AddBenificiary"],"query":[{"key":"wsdl","value":""}]}},"response":[]},{"name":"deleteBeneficiaryDeatils","event":[{"listen":"test","script":{"exec":["const responseJson = xml2Json(responseBody);\r","\r","console.log(responseJson)\r","\r"," var MSG=responseJson['S:Envelope']['S:Body']['ns10:deleteBeneficiaryDeatilsResponse']['return']['responseservice:status'][\"responseservice:errorCode\"]\r","\r","\r","console.log(MSG)\r","\r","pm.test(MSG, function () {\r","        pm.expect(responseJson['S:Envelope']['S:Body']['ns10:deleteBeneficiaryDeatilsResponse']['return']['responseservice:status'][\"responseservice:errorCode\"]).is.to.equal(\"0\");})\r","        // console.log(responseJson);\r","\r","// console.log(\"hhi\")"],"type":"text/javascript","id":"6ed15bb6-7970-4e93-ad5a-b123f1eb1b97"}}],"id":"21df9b33-5e11-4b7b-8790-3522e57cea62","protocolProfileBehavior":{"disabledSystemHeaders":{"content-type":true},"disableBodyPruning":true},"request":{"method":"POST","header":[{"key":"Content-Type","name":"Content-Type","value":"text/xml","type":"text"}],"body":{"mode":"raw","raw":"\r\n\r\n<soapenv:Envelope xmlns:soapenv=\"http://schemas.xmlsoap.org/soap/envelope/\" xmlns:tran=\"http://transaction.service.dda.appx.cz.fc.ofss.com/\" xmlns:con=\"http://context.app.fc.ofss.com\" xmlns:exc=\"http://exception.infra.fc.ofss.com\" xmlns:dom=\"http://domain.framework.fc.ofss.com\" xmlns:dto=\"http://dto.common.domain.framework.fc.ofss.com\">\r\n    <soapenv:Header/>\r\n    <soapenv:Body>\r\n        <tran:deleteBeneficiaryDeatils>\r\n            <arg0>\r\n                <con:bankCode>08</con:bankCode>\r\n                <con:channel>CXH</con:channel>\r\n                <con:serviceCode>UNM</con:serviceCode>\r\n                <con:externalReferenceNo>{{$timestamp}}</con:externalReferenceNo>\r\n                <con:transactingPartyCode>50000046</con:transactingPartyCode>\r\n                <con:transactionBranch>089999</con:transactionBranch>\r\n                <con:userId>DevUser01</con:userId>\r\n            </arg0>\r\n            <arg1>\r\n                <!--Optional:-->\r\n                <beneAcctNoAtInterBank>456213156446</beneAcctNoAtInterBank>\r\n                <!--Optional:-->\r\n                <beneBankAcctNo>1234564564560000</beneBankAcctNo>\r\n                <!--Optional:-->\r\n                <beneBankAddr>Addr</beneBankAddr>\r\n                <!--Optional:-->\r\n                <beneBankName>BankNam</beneBankName>\r\n                <!--Optional:-->\r\n                <beneBankSWIFTCode>123</beneBankSWIFTCode>\r\n                <!--Optional:-->\r\n                <beneBankSortCode>321</beneBankSortCode>\r\n                <!--Optional:-->\r\n                <beneCountryCode>IN</beneCountryCode>\r\n                <!--Optional:-->\r\n                <beneCountryName>India</beneCountryName>\r\n                <!--Optional:-->\r\n                <beneName>TestBene</beneName>\r\n                <!--Optional:-->\r\n                <beneOverseaAddr/>\r\n                <!--Optional:-->\r\n                <customerId>50000046</customerId>\r\n                <!--Optional:-->\r\n                <interBankAddr/>\r\n                <!--Optional:-->\r\n                <interBankName/>\r\n                <!--Optional:-->\r\n                <interBankSWIFTCode/>\r\n                <!--Optional:-->\r\n                <interBankSortCode/>\r\n            </arg1>\r\n        </tran:deleteBeneficiaryDeatils>\r\n    </soapenv:Body>\r\n</soapenv:Envelope>"},"url":{"raw":"http://10.226.163.7:8002/com.ofss.fc.cz.hdfc.obp.webservice/AddBenificiary?wsdl","protocol":"http","host":["10","226","163","7"],"port":"8002","path":["com.ofss.fc.cz.hdfc.obp.webservice","AddBenificiary"],"query":[{"key":"wsdl","value":""}]}},"response":[]},{"name":"getUpdateBeneficiaryDeatils","event":[{"listen":"test","script":{"exec":["const responseJson = xml2Json(responseBody);\r","\r","console.log(responseJson)\r","\r"," var MSG=responseJson['S:Envelope']['S:Body']['ns10:getUpdateBeneficiaryDeatilsResponse']['return']['responseservice:status'][\"responseservice:errorCode\"]\r","\r","\r","console.log(MSG)\r","\r","pm.test(MSG, function () {\r","        pm.expect(responseJson['S:Envelope']['S:Body']['ns10:getUpdateBeneficiaryDeatilsResponse']['return']['responseservice:status'][\"responseservice:errorCode\"]).is.to.equal(\"0\");})\r","        // console.log(responseJson);\r","\r","// console.log(\"hhi\")"],"type":"text/javascript","id":"c7d21cf4-f41b-4991-a9f2-d82318296086"}}],"id":"5db8f2d6-77fa-4fbd-8407-2f54a5474b46","protocolProfileBehavior":{"disabledSystemHeaders":{"content-type":true},"disableBodyPruning":true},"request":{"method":"POST","header":[{"key":"Content-Type","name":"Content-Type","value":"text/xml","type":"text"}],"body":{"mode":"raw","raw":"<soapenv:Envelope xmlns:soapenv=\"http://schemas.xmlsoap.org/soap/envelope/\" xmlns:tran=\"http://transaction.service.dda.appx.cz.fc.ofss.com/\" xmlns:con=\"http://context.app.fc.ofss.com\" xmlns:exc=\"http://exception.infra.fc.ofss.com\" xmlns:dom=\"http://domain.framework.fc.ofss.com\" xmlns:dto=\"http://dto.common.domain.framework.fc.ofss.com\">\r\n    <soapenv:Header/>\r\n    <soapenv:Body>\r\n        <tran:getUpdateBeneficiaryDeatils>\r\n            <arg0>\r\n                <con:bankCode>08</con:bankCode>\r\n                <con:channel>CXH</con:channel>\r\n                <con:serviceCode>UNM</con:serviceCode>\r\n                <con:externalReferenceNo>{{$timestamp}}</con:externalReferenceNo>\r\n                <con:transactingPartyCode>50000046</con:transactingPartyCode>\r\n                <con:transactionBranch>089999</con:transactionBranch>\r\n                <con:userId>DevUser01</con:userId>\r\n            </arg0>\r\n            <arg1>\r\n                <!--Optional:-->\r\n                <beneAcctNoAtInterBank>2121</beneAcctNoAtInterBank>\r\n                <!--Optional:-->\r\n                <beneBankAcctNo>1245789898</beneBankAcctNo>\r\n                <!--Optional:-->\r\n                <beneBankAddr>DSAHGHG</beneBankAddr>\r\n                <!--Optional:-->\r\n                <beneBankName>BANK OF UAE</beneBankName>\r\n                <!--Optional:-->\r\n                <beneBankSWIFTCode>SADF1234</beneBankSWIFTCode>\r\n                <!--Optional:-->\r\n                <beneBankSortCode>SA454544DS</beneBankSortCode>\r\n                <!--Optional:-->\r\n                <beneCountryCode>AE</beneCountryCode>\r\n                <!--Optional:-->\r\n                <beneCountryName>UNITED ARAB EMIRATES</beneCountryName>\r\n                <!--Optional:-->\r\n                <beneName>TestBene</beneName>\r\n                <!--Optional:-->\r\n                <beneOverseaAddr>CALIFORNIA</beneOverseaAddr>\r\n                <!--Optional:-->\r\n                <customerId>50285226</customerId>\r\n                <!--Optional:-->\r\n                <interBankAddr/>\r\n                <!--Optional:-->\r\n                <interBankName/>\r\n                <!--Optional:-->\r\n                <interBankSWIFTCode/>\r\n                <!--Optional:-->\r\n                <interBankSortCode/>\r\n            </arg1>\r\n        </tran:getUpdateBeneficiaryDeatils>\r\n    </soapenv:Body>\r\n</soapenv:Envelope>"},"url":{"raw":"http://10.226.163.7:8002/com.ofss.fc.cz.hdfc.obp.webservice/AddBenificiary?wsdl","protocol":"http","host":["10","226","163","7"],"port":"8002","path":["com.ofss.fc.cz.hdfc.obp.webservice","AddBenificiary"],"query":[{"key":"wsdl","value":""}]}},"response":[]},{"name":"updateBeneficiaryDeatils","event":[{"listen":"test","script":{"exec":["const responseJson = xml2Json(responseBody);\r","\r","console.log(responseJson)\r","\r"," var MSG=responseJson['S:Envelope']['S:Body']['ns10:updateBeneficiaryDeatilsResponse']['return']['responseservice:status'][\"responseservice:errorCode\"]\r","\r","\r","console.log(MSG)\r","\r","pm.test(MSG, function () {\r","        pm.expect(responseJson['S:Envelope']['S:Body']['ns10:updateBeneficiaryDeatilsResponse']['return']['responseservice:status'][\"responseservice:errorCode\"]).is.to.equal(\"0\");})\r","        // console.log(responseJson);\r","\r","// console.log(\"hhi\")"],"type":"text/javascript","id":"34756ed0-b338-4732-bed4-76c4c966fdcc"}}],"id":"51203d0e-bff4-4380-9c69-0d127f6784a1","protocolProfileBehavior":{"disabledSystemHeaders":{"content-type":true},"disableBodyPruning":true},"request":{"method":"POST","header":[{"key":"Content-Type","name":"Content-Type","value":"text/xml","type":"text"}],"body":{"mode":"raw","raw":"\r\n\r\n<soapenv:Envelope xmlns:soapenv=\"http://schemas.xmlsoap.org/soap/envelope/\" xmlns:tran=\"http://transaction.service.dda.appx.cz.fc.ofss.com/\" xmlns:con=\"http://context.app.fc.ofss.com\" xmlns:exc=\"http://exception.infra.fc.ofss.com\" xmlns:dom=\"http://domain.framework.fc.ofss.com\" xmlns:dto=\"http://dto.common.domain.framework.fc.ofss.com\">\r\n    <soapenv:Header/>\r\n    <soapenv:Body>\r\n        <tran:updateBeneficiaryDeatils>\r\n            <arg0>\r\n                <con:bankCode>08</con:bankCode>\r\n                <con:channel>CXH</con:channel>\r\n                <con:serviceCode>UNM</con:serviceCode>\r\n                <con:externalReferenceNo>{{$timestamp}}</con:externalReferenceNo>\r\n                <con:transactingPartyCode>50000046</con:transactingPartyCode>\r\n                <con:transactionBranch>089999</con:transactionBranch>\r\n                <con:userId>DevUser01</con:userId>\r\n            </arg0>\r\n            <arg1>\r\n                <!--Optional:-->\r\n                <beneAcctNoAtInterBank>456213156446</beneAcctNoAtInterBank>\r\n                <!--Optional:-->\r\n                <beneBankAcctNo>78946987978989</beneBankAcctNo>\r\n                <!--Optional:-->\r\n                <beneBankAddr>Addrs</beneBankAddr>\r\n                <!--Optional:-->\r\n                <beneBankName>BankNam</beneBankName>\r\n                <!--Optional:-->\r\n                <beneBankSWIFTCode>123</beneBankSWIFTCode>\r\n                <!--Optional:-->\r\n                <beneBankSortCode>321</beneBankSortCode>\r\n                <!--Optional:-->\r\n                <beneCountryCode>IN</beneCountryCode>\r\n                <!--Optional:-->\r\n                <beneCountryName>India</beneCountryName>\r\n                <!--Optional:-->\r\n                <beneName>TestBene</beneName>\r\n                <!--Optional:-->\r\n                <beneOverseaAddr>OvAddr</beneOverseaAddr>\r\n                <!--Optional:-->\r\n                <customerId>50000046</customerId>\r\n                <!--Optional:-->\r\n                <interBankAddr/>\r\n                <!--Optional:-->\r\n                <interBankName/>\r\n                <!--Optional:-->\r\n                <interBankSWIFTCode/>\r\n                <!--Optional:-->\r\n                <interBankSortCode/>\r\n            </arg1>\r\n        </tran:updateBeneficiaryDeatils>\r\n    </soapenv:Body>\r\n</soapenv:Envelope>"},"url":{"raw":"http://10.226.163.7:8002/com.ofss.fc.cz.hdfc.obp.webservice/AddBenificiary?wsdl","protocol":"http","host":["10","226","163","7"],"port":"8002","path":["com.ofss.fc.cz.hdfc.obp.webservice","AddBenificiary"],"query":[{"key":"wsdl","value":""}]}},"response":[]},{"name":"viewBeneficiaries","event":[{"listen":"test","script":{"exec":["const responseJson = xml2Json(responseBody);\r","\r","console.log(responseJson)\r","\r"," var MSG=responseJson['S:Envelope']['S:Body']['ns10:viewBeneficiariesResponse']['return']['responseservice:status'][\"responseservice:errorCode\"]\r","\r","\r","console.log(MSG)\r","\r","pm.test(MSG, function () {\r","        pm.expect(responseJson['S:Envelope']['S:Body']['ns10:viewBeneficiariesResponse']['return']['responseservice:status'][\"responseservice:errorCode\"]).is.to.equal(\"0\");})\r","        // console.log(responseJson);\r","\r","// console.log(\"hhi\")"],"type":"text/javascript","id":"74ef617a-772d-470c-89e9-6065549513a1"}}],"id":"62e560c0-e274-4bfb-98d0-a8643f5a6fd8","protocolProfileBehavior":{"disabledSystemHeaders":{"content-type":true},"disableBodyPruning":true},"request":{"method":"POST","header":[{"key":"Content-Type","name":"Content-Type","value":"text/xml","type":"text"}],"body":{"mode":"raw","raw":"\r\n\r\n<soapenv:Envelope xmlns:soapenv=\"http://schemas.xmlsoap.org/soap/envelope/\" xmlns:inq=\"http://inquiry.service.party.appx.cz.fc.ofss.com/\" xmlns:con=\"http://context.app.fc.ofss.com\" xmlns:exc=\"http://exception.infra.fc.ofss.com\" xmlns:dat=\"http://datatype.fc.ofss.com\" xmlns:dom=\"http://domain.framework.fc.ofss.com\" xmlns:dto=\"http://dto.common.domain.framework.fc.ofss.com\">\r\n    <soapenv:Header/>\r\n    <soapenv:Body>\r\n        <inq:viewBeneficiaries>\r\n            <!--Optional:-->\r\n            <arg0>\r\n                <con:bankCode>08</con:bankCode>\r\n                <con:channel>CXH</con:channel>\r\n                <con:externalReferenceNo>{{$timestamp}}</con:externalReferenceNo>\r\n                <con:serviceCode>CHAPI10070</con:serviceCode>\r\n                <con:transactingPartyCode>50002338</con:transactingPartyCode>\r\n                <con:transactionBranch>089999</con:transactionBranch>\r\n                <con:userId>DevUser01</con:userId>\r\n            </arg0>\r\n            <!--Optional:-->\r\n            <arg1>\r\n                <!--Optional:-->\r\n                <!--Optional:-->\r\n                <beneType>TPT</beneType>\r\n                <!--Optional:-->\r\n                <customerId>50195221</customerId>\r\n            </arg1>\r\n            <!--Zero or more repetitions:-->\r\n\r\n        </inq:viewBeneficiaries>\r\n    </soapenv:Body>\r\n</soapenv:Envelope>"},"url":{"raw":"http://10.226.163.7:8002/com.ofss.fc.cz.hdfc.obp.webservice/beneficiaryinquiry?wsdl","protocol":"http","host":["10","226","163","7"],"port":"8002","path":["com.ofss.fc.cz.hdfc.obp.webservice","beneficiaryinquiry"],"query":[{"key":"wsdl","value":""}]}},"response":[]},{"name":"confirmChangeCustomerProfileDetails","event":[{"listen":"test","script":{"exec":["const responseJson = xml2Json(responseBody);\r","\r","console.log(responseJson)\r","\r"," var MSG=responseJson['S:Envelope']['S:Body']['ns10:confirmChangeCustomerProfileDetailsResponse']['return']['responseservice:status'][\"responseservice:errorCode\"]\r","\r","\r","console.log(MSG)\r","\r","pm.test(MSG, function () {\r","        pm.expect(responseJson['S:Envelope']['S:Body']['ns10:confirmChangeCustomerProfileDetailsResponse']['return']['responseservice:status'][\"responseservice:errorCode\"]).is.to.equal(\"0\");})\r","        // console.log(responseJson);\r","\r","// console.log(\"hhi\")"],"type":"text/javascript","id":"1a63f42d-0ab5-48f7-87cc-35e82b4057b3"}}],"id":"92309988-f789-4af2-9a43-7c0b7e745cea","protocolProfileBehavior":{"disabledSystemHeaders":{"content-type":true},"disableBodyPruning":true},"request":{"method":"POST","header":[{"key":"Content-Type","name":"Content-Type","value":"text/xml","type":"text"}],"body":{"mode":"raw","raw":"\r\n\r\n<soapenv:Envelope xmlns:soapenv=\"http://schemas.xmlsoap.org/soap/envelope/\" xmlns:inq=\"http://inquiry.service.party.appx.cz.fc.ofss.com/\" xmlns:con=\"http://context.app.fc.ofss.com\" xmlns:exc=\"http://exception.infra.fc.ofss.com\" xmlns:dat=\"http://datatype.fc.ofss.com\" xmlns:dom=\"http://domain.framework.fc.ofss.com\" xmlns:dto=\"http://dto.common.domain.framework.fc.ofss.com\">\r\n    <soapenv:Header/>\r\n    <soapenv:Body>\r\n        <inq:confirmChangeCustomerProfileDetails>\r\n            <!--Optional:-->\r\n            <arg0>\r\n                <con:bankCode>08</con:bankCode>\r\n                <con:channel>CXH</con:channel>\r\n                <con:externalReferenceNo>{{$timestamp}}</con:externalReferenceNo>\r\n                <con:transactingPartyCode>50000026</con:transactingPartyCode>\r\n                <con:transactionBranch>089999</con:transactionBranch>\r\n                <con:userId>DevUser01</con:userId>\r\n            </arg0>\r\n            <!--Optional:-->\r\n            <arg1>\r\n                <!--Optional:-->\r\n                <deviceId>?</deviceId>\r\n                <!--Optional:-->\r\n                <amlDataFound>?</amlDataFound>\r\n                <!--Optional:-->\r\n                <custID>50000026</custID>\r\n                <!--Optional:-->\r\n                <doi>?</doi>\r\n                <!--Optional:-->\r\n                <grossAnnualIncome>?</grossAnnualIncome>\r\n                <!--Optional:-->\r\n                <grossAnnualIncomeDesc>?</grossAnnualIncomeDesc>\r\n                <!--Optional:-->\r\n                <grossAnnualIncomeOther>?</grossAnnualIncomeOther>\r\n                <!--Optional:-->\r\n                <ifSalEmpWith>?</ifSalEmpWith>\r\n                <!--Optional:-->\r\n                <ifSalEmpWithOther>?</ifSalEmpWithOther>\r\n                <!--Optional:-->\r\n                <ifSalEmpWithTxt>?</ifSalEmpWithTxt>\r\n                <!--Optional:-->\r\n                <isFCUser>?</isFCUser>\r\n                <!--Optional:-->\r\n                <natureOfBusiness>?</natureOfBusiness>\r\n                <!--Optional:-->\r\n                <natureOfBusinessOther>?</natureOfBusinessOther>\r\n                <!--Optional:-->\r\n                <natureOfBusinessTxt>?</natureOfBusinessTxt>\r\n                <!--Optional:-->\r\n                <occupation>?</occupation>\r\n                <!--Optional:-->\r\n                <occupationOther>?</occupationOther>\r\n                <!--Optional:-->\r\n                <occupationTxt>?</occupationTxt>\r\n                <!--Optional:-->\r\n                <residenceType>?</residenceType>\r\n                <!--Optional:-->\r\n                <residenceTypeDesc>?</residenceTypeDesc>\r\n                <!--Optional:-->\r\n                <residenceTypeOther>?</residenceTypeOther>\r\n                <!--Optional:-->\r\n                <selfEmplProf>?</selfEmplProf>\r\n                <!--Optional:-->\r\n                <selfEmplProfOther>?</selfEmplProfOther>\r\n                <!--Optional:-->\r\n                <selfEmplProfTxt>?</selfEmplProfTxt>\r\n                <!--Optional:-->\r\n                <selfMonth>?</selfMonth>\r\n                <!--Optional:-->\r\n                <selfYear>?</selfYear>\r\n                <!--Optional:-->\r\n                <sourceOfFunds>?</sourceOfFunds>\r\n                <!--Optional:-->\r\n                <sourceOfFundsOther>?</sourceOfFundsOther>\r\n                <!--Optional:-->\r\n                <sourceOfFundsTxt>?</sourceOfFundsTxt>\r\n                <!--Optional:-->\r\n                <transStatus>?</transStatus>\r\n                <!--Optional:-->\r\n                <typeOfCompFirm>?</typeOfCompFirm>\r\n                <!--Optional:-->\r\n                <typeOfCompFirmOther>?</typeOfCompFirmOther>\r\n                <!--Optional:-->\r\n                <typeOfCompFirmTxt>?</typeOfCompFirmTxt>\r\n            </arg1>\r\n            <!--Zero or more repetitions:-->\r\n\r\n        </inq:confirmChangeCustomerProfileDetails>\r\n    </soapenv:Body>\r\n</soapenv:Envelope>"},"url":{"raw":"http://10.226.163.7:8002/com.ofss.fc.cz.hdfc.obp.webservice/CustomerContactDetails?wsdl","protocol":"http","host":["10","226","163","7"],"port":"8002","path":["com.ofss.fc.cz.hdfc.obp.webservice","CustomerContactDetails"],"query":[{"key":"wsdl","value":""}]}},"response":[]}]}