{"info":{"_postman_id":"48ca6b95-d17e-4741-b383-a0df72693ed4","name":"OBP SI Requests","schema":"https://schema.getpostman.com/json/collection/v2.1.0/collection.json"},"item":[{"name":"Self Payment SI","id":"b0472a4f-36c5-42df-ab6d-fff7cc314dca","protocolProfileBehavior":{"disableBodyPruning":true,"disabledSystemHeaders":{"content-type":true}},"request":{"method":"POST","header":[{"key":"Content-Type","value":"text/xml","type":"default"}],"body":{"mode":"raw","raw":"<soapenv:Envelope xmlns:soapenv=\"http://schemas.xmlsoap.org/soap/envelope/\" xmlns:tran=\"http://transaction.service.dda.appx.cz.fc.ofss.com/\" xmlns:con=\"http://context.app.fc.ofss.com\" xmlns:exc=\"http://exception.infra.fc.ofss.com\" xmlns:dat=\"http://datatype.fc.ofss.com\" xmlns:dto=\"http://dto.common.domain.framework.fc.ofss.com\" xmlns:dom=\"http://domain.framework.fc.ofss.com\">\n    <soapenv:Header/>\n    <soapenv:Body>\n        <tran:doStandingInstructionsForOwnAccounts>\n            <!--Optional:-->\n            <arg0>\n                <con:bankCode>08</con:bankCode>\n                <con:channel>BB11</con:channel>\n                <con:externalReferenceNo>12345678911231234568</con:externalReferenceNo>\n                <con:serviceCode>SBI</con:serviceCode>\n                <con:transactingPartyCode>192598029</con:transactingPartyCode>\n                <con:transactionBranch>089999</con:transactionBranch>\n                <con:userId>DevUser01</con:userId>\n            </arg0>\n            <!--Optional:-->\n            <arg1>\n                <!--Zero or more repetitions:-->\n                <dto:dictionaryArray>\n                    <!--Optional:-->\n                    <dto:fullyQualifiedClassName>?</dto:fullyQualifiedClassName>\n                    <!--Zero or more repetitions:-->\n                    <dto:nameValuePairDTOArray>\n                        <!--Optional:-->\n                        <dto:datatype>?</dto:datatype>\n                        <!--Optional:-->\n                        <dto:genericName>?</dto:genericName>\n                        <!--Optional:-->\n                        <dto:name>?</dto:name>\n                        <!--Optional:-->\n                        <dto:value>?</dto:value>\n                    </dto:nameValuePairDTOArray>\n                </dto:dictionaryArray>\n                <!--Optional:-->\n                <amount>10</amount>\n                <!--Optional:-->\n                <beneAcctNo>50100103564193</beneAcctNo>\n                <!--Optional:-->\n                <customerId>192598029</customerId>\n                <!--Optional:-->\n                <debitAcctNo>50100103531011</debitAcctNo>\n                <!--Optional:-->\n                <endDate>19/05/2023</endDate>\n                <!--Optional:-->\n                <frequency>4</frequency>\n                <period>8</period>\n                <!--Optional:-->\n                <remarks>IUTFromOBP</remarks>\n                <!--Optional:-->\n                <startDate>19/10/2022</startDate>\n            </arg1>\n            <!--Zero or more repetitions:-->\n            <arg2>\n                <!--Zero or more repetitions:-->\n                <dom:componentsIdentity>\n                    <!--Optional:-->\n                    <dom:componentKey>?</dom:componentKey>\n                    <!--Optional:-->\n                    <dom:componentState>\n                        <dom:rendered>?</dom:rendered>\n                        <!--Optional:-->\n                        <dom:value>?</dom:value>\n                        <!--Optional:-->\n                        <dom:visible>?</dom:visible>\n                    </dom:componentState>\n                </dom:componentsIdentity>\n                <!--Optional:-->\n                <dom:pageDefinitionXml>?</dom:pageDefinitionXml>\n                <!--Optional:-->\n                <dom:taskCode>?</dom:taskCode>\n                <!--Zero or more repetitions:-->\n                <dom:voObjects>\n                    <!--Optional:-->\n                    <dto:datatype>?</dto:datatype>\n                    <!--Optional:-->\n                    <dto:genericName>?</dto:genericName>\n                    <!--Optional:-->\n                    <dto:name>?</dto:name>\n                    <!--Optional:-->\n                    <dto:value>?</dto:value>\n                </dom:voObjects>\n                <!--Optional:-->\n                <dom:voOwnerId>?</dom:voOwnerId>\n            </arg2>\n        </tran:doStandingInstructionsForOwnAccounts>\n    </soapenv:Body>\n</soapenv:Envelope>","options":{"raw":{"language":"xml"}}},"url":{"raw":"https://10.226.163.7:9444/com.ofss.fc.cz.hdfc.obp.webservice/StandingInstructionsForOwnAccounts","protocol":"https","host":["10","226","163","7"],"port":"9444","path":["com.ofss.fc.cz.hdfc.obp.webservice","StandingInstructionsForOwnAccounts"]}},"response":[]},{"name":"IFTPayment SI","id":"f59cee5e-7633-4cea-b81b-223195adab47","protocolProfileBehavior":{"disableBodyPruning":true,"disabledSystemHeaders":{"content-type":true}},"request":{"method":"POST","header":[{"key":"Content-Type","value":"text/xml","type":"default"}],"body":{"mode":"raw","raw":"<soapenv:Envelope xmlns:soapenv=\"http://schemas.xmlsoap.org/soap/envelope/\" xmlns:tran=\"http://transaction.service.dda.appx.cz.fc.ofss.com/\" xmlns:con=\"http://context.app.fc.ofss.com\" xmlns:exc=\"http://exception.infra.fc.ofss.com\" xmlns:dat=\"http://datatype.fc.ofss.com\" xmlns:dom=\"http://domain.framework.fc.ofss.com\" xmlns:dto=\"http://dto.common.domain.framework.fc.ofss.com\">\n   <soapenv:Header/>\n   <soapenv:Body>\n      <tran:standingInstructionProcess>\n      \t<arg0>\n            <con:channel>IB01</con:channel>\n            <con:transactionBranch>089999</con:transactionBranch>\n            <con:externalReferenceNo>12345678911231234568</con:externalReferenceNo>\n   \n            <con:userId>DevUser01</con:userId>\n            <con:serviceCode>CHAPI10167</con:serviceCode>\n\t\t<con:transactingPartyCode>50000045</con:transactingPartyCode>\n         \t</arg0>\n          <arg1>\n            <amount>100</amount>  \n            <beneAcctNo>50100000018426</beneAcctNo> \n            <customerId>50000045</customerId>\n            <debitAcctNo>50100000000096</debitAcctNo>\n            \n            <endDate>28/01/2023</endDate>\n            <frequency>4</frequency>\n            <period>5</period>\n            <remarks>test 350</remarks>\n            <startDate>25/10/2022</startDate>\n         </arg1>\n      </tran:standingInstructionProcess>\n   </soapenv:Body>\n</soapenv:Envelope>\n","options":{"raw":{"language":"xml"}}},"url":{"raw":"https://10.226.163.7:9444/com.ofss.fc.cz.hdfc.obp.webservice/StandingInstructions","protocol":"https","host":["10","226","163","7"],"port":"9444","path":["com.ofss.fc.cz.hdfc.obp.webservice","StandingInstructions"]}},"response":[]},{"name":"NEFTPayment SI","id":"1331378e-1cbb-465f-85ee-67172df13a0b","protocolProfileBehavior":{"disableBodyPruning":true,"disabledSystemHeaders":{"content-type":true}},"request":{"method":"POST","header":[{"key":"Content-Type","value":"text/xml","type":"default"}],"body":{"mode":"raw","raw":"<soapenv:Envelope xmlns:soapenv=\"http://schemas.xmlsoap.org/soap/envelope/\" xmlns:tran=\"http://transaction.service.dda.appx.cz.fc.ofss.com/\" xmlns:con=\"http://context.app.fc.ofss.com\" xmlns:exc=\"http://exception.infra.fc.ofss.com\" xmlns:dat=\"http://datatype.fc.ofss.com\" xmlns:dom=\"http://domain.framework.fc.ofss.com\" xmlns:dto=\"http://dto.common.domain.framework.fc.ofss.com\"> \n   <soapenv:Header/>\n   <soapenv:Body>\n      <tran:maintainPaymentInstructions>\n         <!--Optional:-->\n         <arg0>\n            <!--Zero or more repetitions:-->\n           <con:channel>IB01</con:channel>\n            <con:transactionBranch>089999</con:transactionBranch>\n            <con:externalReferenceNo>12345678911231234568</con:externalReferenceNo>\n   \n            <con:userId>DevUser01</con:userId>\n            <con:serviceCode>CHAPI10167</con:serviceCode>\n\t\t<con:transactingPartyCode>50000045</con:transactingPartyCode>\n         </arg0>\n         <!--Optional:-->\n         <arg1>\n            <amount>100</amount>  \n            <beneAcctNo>50100000018426</beneAcctNo> \n            <benefName>50100000018426</benefName> \n            <benefType>50100000018426</benefType> \n            <customerId>50000045</customerId>\n            <debitAcctNo>50100000000096</debitAcctNo>\n            <ifscCode>ICIC0000001</ifscCode>\n            <startDate>28/01/2022</startDate>\n            <endDate>28/01/2023</endDate>\n            <frequency>4</frequency>\n            <period>5</period>\n            <remarks>test 350</remarks>\n            <startDate>25/10/2022</startDate>\n            <senderComMode>SMS</senderComMode>\n            <!--Optional:-->\n            <senderComValue>123456</senderComValue>\n\n         </arg1>\n         <!--Zero or more repetitions:-->\n     \n      </tran:maintainPaymentInstructions>\n   </soapenv:Body>\n</soapenv:Envelope>\n","options":{"raw":{"language":"xml"}}},"url":{"raw":"https://10.226.163.7:9444/com.ofss.fc.cz.hdfc.obp.webservice/PaymentStandingInstructions","protocol":"https","host":["10","226","163","7"],"port":"9444","path":["com.ofss.fc.cz.hdfc.obp.webservice","PaymentStandingInstructions"]}},"response":[]}]}