{"info":{"_postman_id":"4d2c6761-9992-44cb-9dae-301ad1e14006","name":"MBRW-Shyam","schema":"https://schema.getpostman.com/json/collection/v2.1.0/collection.json"},"item":[{"name":"/fundtransfer/tptcharges","id":"273b4776-115c-4c44-82b4-4cbd77434b49","protocolProfileBehavior":{"disabledSystemHeaders":{"content-type":true},"strictSSL":true,"disableBodyPruning":true},"request":{"method":"POST","header":[{"key":"device-id","value":"123","type":"default"},{"key":"Content-Type","value":"application/json","type":"default"}],"url":{"raw":"http://dev.efblr.in/fundtransfer/tptcharges","protocol":"http","host":["dev","efblr","in"],"path":["fundtransfer","tptcharges"]}},"response":[]},{"name":"/fundtransfer/tptcharge","id":"d9238574-c5d0-4aef-841f-0b9ae7efb7fd","protocolProfileBehavior":{"disabledSystemHeaders":{"content-type":true},"strictSSL":true,"disableBodyPruning":true},"request":{"method":"POST","header":[{"key":"device-id","value":"123","type":"default"},{"key":"Content-Type","value":"application/json","type":"default"}],"url":{"raw":"http://dev.efblr.in/fundtransfer/tptcharge/550.4","protocol":"http","host":["dev","efblr","in"],"path":["fundtransfer","tptcharge","550.4"]}},"response":[]},{"name":"/tptmanager/banks","id":"4173a8d3-cc42-4caf-9ff8-f9cfef7229ed","protocolProfileBehavior":{"disabledSystemHeaders":{"content-type":true},"strictSSL":true,"disableBodyPruning":true},"request":{"method":"POST","header":[{"key":"device-id","value":"123","type":"default"},{"key":"Content-Type","value":"application/json","type":"default"}],"url":{"raw":"http://dev.efblr.in/tptmanager/getbanks","protocol":"http","host":["dev","efblr","in"],"path":["tptmanager","getbanks"]}},"response":[]},{"name":"/tptmanager/searchifsc","id":"83a39af0-c77e-40db-9d14-691faa8941ea","protocolProfileBehavior":{"disabledSystemHeaders":{},"strictSSL":true,"disableBodyPruning":true},"request":{"method":"POST","header":[{"key":"device-id","value":"123","type":"default"},{"key":"Content-Type","value":"application/json","type":"default"}],"body":{"mode":"raw","raw":"{\n    \"ifscCode\": \"SBIN0RRNLGB\",\n    \"custId\": \"123123\"\n}\n","options":{"raw":{"language":"json"}}},"url":{"raw":"localhost:5000/tptmanager/searchifsc","host":["localhost"],"port":"5000","path":["tptmanager","searchifsc"]}},"response":[]},{"name":"/tptmanager/searchbranches","id":"51dd7896-b922-4ac2-ac4f-4779737552ee","protocolProfileBehavior":{"disabledSystemHeaders":{"content-type":true},"strictSSL":true,"disableBodyPruning":true},"request":{"method":"POST","header":[{"key":"device-id","value":"123","type":"default"},{"key":"Content-Type","value":"application/json","type":"default"}],"body":{"mode":"raw","raw":"{\n    \"bankId\": \"HDFC\",\n    \"key\": \"kkk\",\n    \"custId\": \"123123\"\n}"},"url":{"raw":"http://dev.efblr.in/tptmanager/searchbranches","protocol":"http","host":["dev","efblr","in"],"path":["tptmanager","searchbranches"]}},"response":[]},{"name":"/customer/getcustomerbalances","id":"2a8b4766-1938-4442-bb85-2fadd0bc4728","protocolProfileBehavior":{"disabledSystemHeaders":{},"strictSSL":true,"disableBodyPruning":true},"request":{"method":"POST","header":[{"key":"device-id","value":"123","type":"default"},{"key":"Content-Type","value":"application/json","type":"default"}],"body":{"mode":"raw","raw":"{\n    \"custId\": \"123123\"\n}","options":{"raw":{"language":"json"}}},"url":{"raw":"localhost:5000/customer/getcustomerbalancesbycustid","host":["localhost"],"port":"5000","path":["customer","getcustomerbalancesbycustid"]}},"response":[]},{"name":"/funtransfer/selfTransfer","id":"6a759d53-8df9-4516-b399-00b0b85b9892","protocolProfileBehavior":{"disabledSystemHeaders":{"content-type":true},"strictSSL":true,"disableBodyPruning":true},"request":{"method":"POST","header":[{"key":"device-id","value":"123","type":"default"},{"key":"Content-Type","value":"application/json","type":"default"}],"body":{"mode":"raw","raw":"{\n\t\"customerId\":\"1\",\n    \"amount\":10.0,\n    \"fromAcctNo\":\"50100103531011\",\n    \"toAcctNo\": \"50100103564193\",\n    \"otpToken\": \"123123\",\n    \"transactionID\":\"123123\"\n}"},"url":{"raw":"localhost:5000/fundtransfer/selftransfer","host":["localhost"],"port":"5000","path":["fundtransfer","selftransfer"]}},"response":[]},{"name":"/beneficiarysystem/getpayees","id":"3569f1e4-e555-481c-ac2f-d74bb1ca915c","protocolProfileBehavior":{"disableBodyPruning":true},"request":{"method":"POST","header":[{"key":"Content-Type","value":"application/json"},{"key":"Device-Id","value":"123"}],"body":{"mode":"raw","raw":"{\n    \"customerID\": \"3\",\n    \"nickName\": \"Ajith\",\n    \"name\": \"Kumar\",\n    \"accountNumber\": \"123456\",\n    \"ifscCode\": \"1234\",\n    \"bankName\": \"SBI\",\n    \"type\": \"current\",\n    \"isFavourite\": false,\n    \"beneType\": \"BOTH\"\n}"},"url":{"raw":"http://dev.efblr.in/beneficiarysystem/getpayees","protocol":"http","host":["dev","efblr","in"],"path":["beneficiarysystem","getpayees"]}},"response":[]},{"name":"/beneficiary/validatehdfc","id":"f1badfea-38d6-445b-aee9-a7f5b0d170e9","protocolProfileBehavior":{"disabledSystemHeaders":{"content-type":true},"strictSSL":true,"disableBodyPruning":true},"request":{"method":"POST","header":[{"key":"device-id","value":"123","type":"default"},{"key":"Content-Type","value":"application/json","type":"default"}],"body":{"mode":"raw","raw":"{\n\t\"customerId\":\"192598029\",\n\t\"beneAccountNo\": \"50100101368347\"\n}"},"url":{"raw":"localhost:5000/beneficiarysystem/validateHDFCaccount","host":["localhost"],"port":"5000","path":["beneficiarysystem","validateHDFCaccount"]}},"response":[]},{"name":"/fundtransfer/transferIFT","id":"4b397957-70c8-480c-b382-a23daa853fa2","protocolProfileBehavior":{"disabledSystemHeaders":{"content-type":true},"strictSSL":true,"disableBodyPruning":true},"request":{"method":"POST","header":[{"key":"device-id","value":"123","type":"default"},{"key":"Content-Type","value":"application/json","type":"default"}],"body":{"mode":"raw","raw":"{\n    \"customerId\":\"192598029\",\n    \"fromAcctNo\" : \"50100103531011\",\n    \"fromAcctType\" : \"CASA\",\n    \"transactionID\" : \"MFT\",\n    \"beneficiaryName\" : \"Test account\",\n    \"beneficiaryType\" : \"CASA\",\n    \"beneficiaryAccNo\" : \"50100103564193\",\n    \"amount\" : 15,\n    \"description\":\"Testing_Credit_6\",\n    \"mpin\": \"123123\"\n}"},"url":{"raw":"localhost:5000/fundtransfer/transferIFT","host":["localhost"],"port":"5000","path":["fundtransfer","transferIFT"]}},"response":[]},{"name":"/setup-auth/getauthcode","id":"023709ac-d8f0-4fe0-8a27-9f615b51b0b7","protocolProfileBehavior":{"disabledSystemHeaders":{"content-type":true},"strictSSL":true,"disableBodyPruning":true},"request":{"method":"POST","header":[{"key":"device-id","value":"61EF75BC963EB0F18C52B5B0C929C23F0854BD63C4CB162B2877A252CCAC944E","type":"default"},{"key":"Content-Type","value":"application/json","type":"default"},{"key":"User-Agent","value":"HDFCBankMobileBanking/1.0/1/iPhone 13/15.5/iOS/com.hdfcbank.devefblr/iPhone 13","type":"default"}],"body":{"mode":"raw","raw":"{\n    \"hashUserId\":\"76431fac8a187241af8f3f37156deb94732f52fb45eb07ec4f462051bd82f183\"\n}"},"url":{"raw":"localhost:5000/multi-fact-auth/getauthcode","host":["localhost"],"port":"5000","path":["multi-fact-auth","getauthcode"]}},"response":[]},{"name":"/setup-auth/validateauthcode","id":"f73bdc3b-1456-4e85-a76c-49f04ce0bad4","protocolProfileBehavior":{"disabledSystemHeaders":{"content-type":true},"strictSSL":true,"disableBodyPruning":true},"request":{"method":"POST","header":[{"key":"device-id","value":"61EF75BC963EB0F18C52B5B0C929C23F0854BD63C4CB162B2877A252CCAC944E","type":"default"},{"key":"Content-Type","value":"application/json","type":"default"},{"key":"USER_AGENT","value":"HDFCBankMobileBanking/1.0/1/iPhone 13/15.5/iOS/com.hdfcbank.devefblr/iPhone 13","type":"default"}],"body":{"mode":"raw","raw":"{\n    \"userId\":\"76431fac8a187241af8f3f37156deb94732f52fb45eb07ec4f462051bd82f183\",\n    \"authCode\": \"hello i am the auth code\"\n}"},"url":{"raw":"localhost:5000/multi-fact-auth/validateauthcode","host":["localhost"],"port":"5000","path":["multi-fact-auth","validateauthcode"]}},"response":[]},{"name":"customer/getcustrelation","id":"cba957a2-7cc2-46b7-af40-d800afdcb0af","protocolProfileBehavior":{"disableBodyPruning":true},"request":{"method":"POST","header":[],"url":{"raw":"http://localhost:5000/customer/getcustrelation","protocol":"http","host":["localhost"],"port":"5000","path":["customer","getcustrelation"]}},"response":[]},{"name":"/tptmanager/limitsinfo","id":"05280ca1-6c06-4b30-8efd-c704e2bfbd73","protocolProfileBehavior":{"disabledSystemHeaders":{},"strictSSL":true,"disableBodyPruning":true},"request":{"method":"POST","header":[{"key":"device-id","value":"123","type":"default"},{"key":"Content-Type","value":"application/json","type":"default"}],"body":{"mode":"raw","raw":"{\n    \"amount\": 1123,\n    \"custId\": \"123123\"\n}\n","options":{"raw":{"language":"json"}}},"url":{"raw":"https://dev1.mbv3.hdfcbank.com/tptmanager/limitsinfo","protocol":"https","host":["dev1","mbv3","hdfcbank","com"],"path":["tptmanager","limitsinfo"]}},"response":[]},{"name":"/tptmanager/blackout/DDHS02","id":"bad060cc-dbfb-409e-9ff2-8424c52798f3","protocolProfileBehavior":{"disabledSystemHeaders":{},"strictSSL":true,"disableBodyPruning":true},"request":{"method":"GET","header":[{"key":"device-id","value":"123","type":"default","disabled":true},{"key":"Content-Type","value":"application/json","type":"default"}],"url":{"raw":"localhost:5000/tptmanager/blackout/DDHS02","host":["localhost"],"port":"5000","path":["tptmanager","blackout","DDHS02"]}},"response":[]},{"name":"/tptmanager/blackouts","id":"d4466445-fb8f-499a-a2c8-79c460a86137","protocolProfileBehavior":{"disabledSystemHeaders":{},"strictSSL":true,"disableBodyPruning":true},"request":{"method":"GET","header":[{"key":"device-id","value":"123","type":"default","disabled":true},{"key":"Content-Type","value":"application/json","type":"default"}],"url":{"raw":"localhost:5000/tptmanager/blackouts","host":["localhost"],"port":"5000","path":["tptmanager","blackouts"]}},"response":[]},{"name":"/fundtransfer/transferRTGS","id":"6ff7afc9-3e5e-452f-91ed-e6fc47cdb350","protocolProfileBehavior":{"disabledSystemHeaders":{"content-type":true},"strictSSL":true,"disableBodyPruning":true},"request":{"method":"POST","header":[{"key":"device-id","value":"123","type":"default","disabled":true},{"key":"Content-Type","value":"application/json","type":"default"}],"body":{"mode":"raw","raw":"{\n    \"customerId\":\"192598029\",\n    \"fromAcctNo\" : \"50100103531011\",\n    \"fromAcctType\" : \"CASA\",\n    \"toAccountId\" : \"50100103564193\",\n    \"transactionID\" : \"MFT\",\n    \"beneName\" : \"Test account\",\n    \"beneType\" : \"CASA\",\n    \"beneAccNo\" : \"50100103564193\",\n    \"amount\" : 200000.4,\n    \"description\":\"Testing_Credit_6\",\n    \"senderIFSCCode\":\"HDFC0000001\",\n    \"beneIFSCCode\": \"CITI0000001\",\n    \"bankName\":\"CITI BANK\",\n    \"mpin\":\"\"\n}"},"url":{"raw":"localhost:5000/fundtransfer/transferRTGS","host":["localhost"],"port":"5000","path":["fundtransfer","transferRTGS"]}},"response":[]}]}