{"info":{"_postman_id":"7705d15a-2e5d-4c04-a33d-13b26b58ee5f","name":"E2FA","schema":"https://schema.getpostman.com/json/collection/v2.1.0/collection.json"},"item":[{"name":"doGenerateOTPRest","id":"ce01b337-6792-4c51-ac41-940b00b8badf","protocolProfileBehavior":{"disableBodyPruning":true},"request":{"method":"POST","header":[],"url":{"raw":"https://obpuatactiveactiveocm.hdfcbankuat.com:8002/com.ofss.fc.cz.hdfc.obp.webservice/GenerateOneTimePasswordRest/doGenerateOTPRest","protocol":"https","host":["obpuatactiveactiveocm","hdfcbankuat","com"],"port":"8002","path":["com.ofss.fc.cz.hdfc.obp.webservice","GenerateOneTimePasswordRest","doGenerateOTPRest"]}},"response":[]},{"name":"doVerifyOTPRest","id":"9fa57da4-036b-4dc1-b166-65369ed10407","protocolProfileBehavior":{"disableBodyPruning":true},"request":{"method":"POST","header":[],"body":{"mode":"raw","raw":"{\n    \"VerifyOTPRestRequestDTO\": {\n        \"requestString\": {\n            \"passwordValue\": \"123456\",\n            \"instanceId\": \"8888\",\n            \"apiUser\": \"hdfc_EXT\",\n            \"linkData\": \"1234001\",\n            \"refNo\": \"24032022123\",\n            \"messageHash\": \"static:verpwdreq:06:IKNM94ggEesgpR2w36oW1Q+RS1U=\",\n            \"txnId\": \"\",\n            \"ornReferenceNumber\": \"\"\n        },\n        \"headerParams\": [\n            {\n                \"key\": \"apiUser\",\n                \"value\": \"hdfc_EXT\"\n            },\n            {\n                \"key\": \"apiKey\",\n                \"value\": \"testing\"\n            }\n        ]\n    },\n    \"sessionContext\": {\n        \"channel\": \"APIGW\",\n        \"bankCode\": \"08\",\n        \"userId\": \"DevUser01\",\n        \"transactionBranch\": \"089999\",\n        \"transactingPartyCode\": \"50000010\",\n        \"externalReferenceNo\": \"24032022123\"\n    }\n}","options":{"raw":{"language":"json"}}},"url":{"raw":"https://10.226.163.7:9444/com.ofss.fc.cz.hdfc.obp.webservice/VerifyOneTimePasswordRest/doVerifyOTPRest","protocol":"https","host":["10","226","163","7"],"port":"9444","path":["com.ofss.fc.cz.hdfc.obp.webservice","VerifyOneTimePasswordRest","doVerifyOTPRest"]}},"response":[]}]}