{"info":{"_postman_id":"7a3823c5-5ef6-454a-a359-eee34a19b07a","name":"IMPS_Fund_Transfer___IMPS_inquiry_MB","schema":"https://schema.getpostman.com/json/collection/v2.1.0/collection.json"},"item":[{"name":"doIMPSpaymentTxn","id":"bcbfe56c-7720-4447-a5e5-cacab47a1e00","protocolProfileBehavior":{"disableBodyPruning":true},"request":{"method":"POST","header":[],"body":{"mode":"raw","raw":"{\r\n    \"IMPSpaymentTxnRequestDTO\": {\r\n        \"requestString\": {\r\n            \"benefAccountNo\": \"123456041\",\r\n            \"benefIFSCCode\": \"MUBL0000005\",\r\n            \"benefMobileNo\": \"0000000000\",\r\n            \"benefName\": \"DEV3\",\r\n            \"remarks\": \"test123\",\r\n            \"remitAccountNo\": \"50100001242296\",\r\n            \"senderIFSCCode\": \"HDFC0000240\",\r\n            \"transactionAmount\": \"91\",\r\n            \"paymentCategory\": \"N\",\r\n            \"externalRefNo\": \"{{$randomBankAccount}}\",\r\n            \"remitMobileNo\": \"919004647601\"\r\n        }\r\n    },\r\n    \"sessionContext\": {\r\n        \"channel\": \"ECMS\",\r\n        \"userId\": \"ECMS_USER\",\r\n        \"externalReferenceNo\": \"{{$timestamp}}\",\r\n        \"transactingPartyCode\": \"50000045\",\r\n        \"bankCode\": \"08\",\r\n        \"transactionBranch\": \"089999\"\r\n    }\r\n}","options":{"raw":{"language":"json"}}},"url":{"raw":"{{obp_url}}/com.ofss.fc.cz.hdfc.obp.webservice/IMPSPaymentTxnRestWrapper/doIMPSpaymentTxn","host":["{{obp_url}}"],"path":["com.ofss.fc.cz.hdfc.obp.webservice","IMPSPaymentTxnRestWrapper","doIMPSpaymentTxn"]}},"response":[]},{"name":"doIMPSpaymentTxn Copy","id":"22259651-e9c1-4419-a5da-76ece0c077bb","protocolProfileBehavior":{"disableBodyPruning":true},"request":{"method":"POST","header":[],"body":{"mode":"raw","raw":"{\r\n    \"IMPSpaymentTxnRequestDTO\": {\r\n        \"requestString\": {\r\n            \"benefAccountNo\": \"123456041\",\r\n            \"benefIFSCCode\": \"MUBL0000005\",\r\n            \"benefMobileNo\": \"0000000000\",\r\n            \"benefName\": \"DEV3\",\r\n            \"remarks\": \"test123\",\r\n            \"remitAccountNo\": \"50100001242296\",\r\n            \"senderIFSCCode\": \"HDFC0000240\",\r\n            \"transactionAmount\": \"91\",\r\n            \"paymentCategory\": \"N\",\r\n            \"externalRefNo\": \"{{$randomBankAccount}}\",\r\n            \"remitMobileNo\": \"919004647601\"\r\n        }\r\n    },\r\n    \"sessionContext\": {\r\n        \"channel\": \"ECMS\",\r\n        \"userId\": \"ECMS_USER\",\r\n        \"externalReferenceNo\": \"{{$timestamp}}\",\r\n        \"transactingPartyCode\": \"50000045\",\r\n        \"bankCode\": \"08\",\r\n        \"transactionBranch\": \"089999\"\r\n    }\r\n}","options":{"raw":{"language":"json"}}},"url":{"raw":"{{obp_url}}/com.ofss.fc.cz.hdfc.obp.webservice/IMPSPaymentTxnRestWrapper/doIMPSpaymentTxn","host":["{{obp_url}}"],"path":["com.ofss.fc.cz.hdfc.obp.webservice","IMPSPaymentTxnRestWrapper","doIMPSpaymentTxn"]}},"response":[]},{"name":"doIMPSPaymentInquiry","event":[{"listen":"test","script":{"exec":["\r","try {\r","const responseJson = pm.response.json();\r","console.log(responseJson)\r","var MSG=responseJson.status.errorCode\r","\r","console.log(MSG)\r","pm.test(MSG, function () {\r","pm.expect(responseJson.status.errorCode).is.to.equal(\"0\");\r","\r","})\r","}\r","catch(e)\r","{\r","\r","   var response = responseBody;\r","\r","     pm.test(\"response is \"+response, function () {\r","\r","        pm.expect(pm.response.code).to.equal(200).to.be.false;\r","\r","     })\r","  \r","\r","\r","\r","}\r",""],"type":"text/javascript","id":"c9b39200-5b28-40a1-921c-fdd12aef2b30"}}],"id":"6d6f039e-06c6-4001-925c-3607c670f1f5","protocolProfileBehavior":{"disableBodyPruning":true},"request":{"method":"POST","header":[{"key":"Content-Type","value":"application/json"}],"body":{"mode":"raw","raw":"{\r\n    \"IMPSPaymentInquiryRequestDTO\": {\r\n        \"requestString\": {\r\n            \"transactionId\": \"223019900191\",\r\n            \"channelId\": \"payzp\",\r\n            \"channelReferenceNo\": \"PAYZP1100353145\",\r\n            \"startDate\": \"\",\r\n            \"endDate\": \"\"\r\n        }\r\n    },\r\n    \"sessionContext\": {\r\n        \"channel\": \"PAYZP\",\r\n        \"userId\": \"PAYZP_USER\",\r\n        \"externalReferenceNo\": \"{{$timestamp}}\",\r\n        \"transactingPartyCode\": \"50000045\",\r\n        \"bankCode\": \"08\",\r\n        \"transactionBranch\": \"089999\"\r\n    }\r\n}"},"url":{"raw":"{{obp_url}}/com.ofss.fc.cz.hdfc.obp.webservice/IMPSPaymentInquiryRestWrapper/doIMPSPaymentInquiry","host":["{{obp_url}}"],"path":["com.ofss.fc.cz.hdfc.obp.webservice","IMPSPaymentInquiryRestWrapper","doIMPSPaymentInquiry"]}},"response":[]},{"name":"InquireTimeOutStatus","event":[{"listen":"test","script":{"exec":["\r","try {\r","const responseJson = pm.response.json();\r","console.log(responseJson)\r","var MSG=responseJson.status.errorCode\r","\r","console.log(MSG)\r","pm.test(MSG, function () {\r","pm.expect(responseJson.status.errorCode).is.to.equal(\"0\");\r","\r","})\r","}\r","catch(e)\r","{\r","\r","   var response = responseBody;\r","\r","     pm.test(\"response is \"+response, function () {\r","\r","        pm.expect(pm.response.code).to.equal(200).to.be.false;\r","\r","     })\r","  \r","\r","\r","\r","}\r",""],"type":"text/javascript","id":"c9b39200-5b28-40a1-921c-fdd12aef2b30"}}],"id":"0b55447e-eb5f-449d-a77f-769c28e30265","protocolProfileBehavior":{"disableBodyPruning":true},"request":{"method":"POST","header":[{"key":"Content-Type","value":"application/json"}],"body":{"mode":"raw","raw":"{\r\n    \"IMPSPaymentInquiryRequestDTO\": {\r\n        \"requestString\": {\r\n            \"transactionId\": \"223019900191\",\r\n            \"channelId\": \"payzp\",\r\n            \"channelReferenceNo\": \"PAYZP1100353145\",\r\n            \"startDate\": \"\",\r\n            \"endDate\": \"\"\r\n        }\r\n    },\r\n    \"sessionContext\": {\r\n        \"channel\": \"PAYZP\",\r\n        \"userId\": \"PAYZP_USER\",\r\n        \"externalReferenceNo\": \"{{$timestamp}}\",\r\n        \"transactingPartyCode\": \"50000045\",\r\n        \"bankCode\": \"08\",\r\n        \"transactionBranch\": \"089999\"\r\n    }\r\n}"},"url":{"raw":"{{obp_url}}/com.ofss.fc.cz.hdfc.obp.webservice/IMPSPaymentInquiryRestWrapper/doIMPSPaymentInquiry","host":["{{obp_url}}"],"path":["com.ofss.fc.cz.hdfc.obp.webservice","IMPSPaymentInquiryRestWrapper","doIMPSPaymentInquiry"]}},"response":[]}]}