{"info":{"_postman_id":"7ae5488f-a78c-4bc0-aad7-cc69095fa6b1","name":"MUAT","schema":"https://schema.getpostman.com/json/collection/v2.1.0/collection.json"},"item":[{"name":"https://esbmuat.idfcfirstbank.com:31297/cust-enq/v1/searchCustomer","id":"dedcdb5d-edec-459b-a4aa-4b7903d94394","protocolProfileBehavior":{"disableBodyPruning":true},"request":{"method":"GET","header":[{"key":"Content-Type","value":"application/json","type":"text"}],"body":{"mode":"raw","raw":""},"url":{"raw":"https://esbmuat.idfcfirstbank.com:31297/cust-enq/v1/searchCustomer","protocol":"https","host":["esbmuat","idfcfirstbank","com"],"port":"31297","path":["cust-enq","v1","searchCustomer"]}},"response":[]}]}