{"info":{"_postman_id":"7e7917d1-657b-4c4f-b455-76bbff5873e8","name":"TPIMS","schema":"https://schema.getpostman.com/json/collection/v2.1.0/collection.json"},"item":[{"name":"third-party-integration/v1/topology/globalfreshdesk/nodes","id":"3637111e-d354-4bf0-9e81-6a2f15ac9582","protocolProfileBehavior":{"disableBodyPruning":true},"request":{"method":"GET","header":[{"key":"Content-Type","name":"Content-Type","value":"application/json","type":"text"}],"body":{"mode":"raw","raw":"\r\n    {\r\n        \"vendor\": \"globalfreshdesk\",\r\n        \"nodeId\": \"1\",\r\n        \"parentNodeId\": \"\",\r\n        \"level\": 0,\r\n        \"attributes\": \"{    \\\"api_key\\\": \\\"S09DYkhndEdGVEVTOXZsdnNpejA=\\\",    \\\"url\\\" : \\\"https://continuumaid.freshdesk.com/api/v2\\\",  \\\"group_id\\\":2043000704664,   \\\"email_config_id\\\":44000019596,    \\\"soc_email\\\":\\\"security.fddt@continuum.net\\\",    \\\"resolution_type\\\":\\\"Azure/O365 Risk Event\\\"   }\"\r\n    }\r\n"},"url":{"raw":"http://internal-qaplatformthirdpartyintegrations-1184629190.us-east-1.elb.amazonaws.com/third-party-integration/v1/topology/globalfreshdesk/nodes","protocol":"http","host":["internal-qaplatformthirdpartyintegrations-1184629190","us-east-1","elb","amazonaws","com"],"path":["third-party-integration","v1","topology","globalfreshdesk","nodes"]},"description":"http://internal-third-party-integration-elb-1263876329.ap-south-1.elb.amazonaws.com/third-party-integration/v1/topology/globalfreshdesk/nodes"},"response":[]},{"name":"DEL-TPIS-topology/globalfreshdesk/nodes/73231834-1d94-11e9-9fff-02af0800762e","id":"14264055-afdd-4754-ad7f-768268e1e63a","protocolProfileBehavior":{"disableBodyPruning":true},"request":{"method":"DELETE","header":[{"key":"Content-Type","name":"Content-Type","value":"application/json","type":"text"}],"body":{"mode":"raw","raw":"\r\n    {\r\n        \"vendor\": \"globalfreshdesk\",\r\n        \"nodeId\": \"1\",\r\n        \"parentNodeId\": \"\",\r\n        \"level\": 0,\r\n        \"attributes\": \"{    \\\"api_key\\\": \\\"S09DYkhndEdGVEVTOXZsdnNpejA=\\\",    \\\"url\\\" : \\\"https://continuumaid.freshdesk.com/api/v2\\\",  \\\"group_id\\\":2043000704664,   \\\"email_config_id\\\":44000019596,    \\\"soc_email\\\":\\\"security.fddt@continuum.net\\\",    \\\"resolution_type\\\":\\\"Azure/O365 Risk Event\\\"   }\"\r\n    }\r\n"},"url":{"raw":"http://internal-third-party-integration-elb-1263876329.ap-south-1.elb.amazonaws.com/third-party-integration/v1/topology/globalfreshdesk/nodes/73231834-1d94-11e9-9fff-02af0800762e","protocol":"http","host":["internal-third-party-integration-elb-1263876329","ap-south-1","elb","amazonaws","com"],"path":["third-party-integration","v1","topology","globalfreshdesk","nodes","73231834-1d94-11e9-9fff-02af0800762e"]},"description":"http://internal-third-party-integration-elb-1263876329.ap-south-1.elb.amazonaws.com/third-party-integration/v1/topology/globalfreshdesk/nodes/73231834-1d94-11e9-9fff-02af0800762e"},"response":[]},{"name":"third-party-integration/v1/topology/globalfreshdesk/nodes/1","id":"537aaedd-376a-4d04-9b1e-382edbb991f1","protocolProfileBehavior":{"disableBodyPruning":true},"request":{"method":"PUT","header":[{"key":"Content-Type","name":"Content-Type","value":"application/json","type":"text"}],"body":{"mode":"raw","raw":"\r\n    {\r\n        \"vendor\": \"globalfreshdesk\",\r\n        \"nodeId\": \"1\",\r\n        \"parentNodeId\": \"\",\r\n        \"level\": 0,\r\n        \"attributes\": \"{    \\\"api_key\\\": \\\"S09DYkhndEdGVEVTOXZsdnNpejA=\\\",    \\\"url\\\" : \\\"https://continuumaid.freshdesk.com/api/v2\\\",  \\\"group_id\\\":2043000704664,   \\\"email_config_id\\\":44000019596,    \\\"soc_email\\\":\\\"security.fddt@continuum.net\\\",    \\\"resolution_type\\\":\\\"Azure/O365 Risk Event\\\"   }\"\r\n    }\r\n"},"url":{"raw":"http://internal-third-party-integration-elb-1263876329.ap-south-1.elb.amazonaws.com/third-party-integration/v1/topology/globalfreshdesk/nodes/1","protocol":"http","host":["internal-third-party-integration-elb-1263876329","ap-south-1","elb","amazonaws","com"],"path":["third-party-integration","v1","topology","globalfreshdesk","nodes","1"]},"description":"http://internal-third-party-integration-elb-1263876329.ap-south-1.elb.amazonaws.com/third-party-integration/v1/topology/globalfreshdesk/nodes/1"},"response":[]},{"name":"http://internal-third-party-integration-elb-1263876329.ap-south-1.elb.amazonaws.com/third-party-integration/v1/topology/globalfreshdesk/nodes","id":"739f9e8a-3759-48a3-a03c-8650c04bb2b9","protocolProfileBehavior":{"disableBodyPruning":true},"request":{"method":"GET","header":[{"key":"Content-Type","name":"Content-Type","value":"application/json","type":"text"}],"body":{"mode":"raw","raw":"\r\n    {\r\n        \"vendor\": \"globalfreshdesk\",\r\n        \"nodeId\": \"1\",\r\n        \"parentNodeId\": \"\",\r\n        \"level\": 0,\r\n        \"attributes\": \"{    \\\"api_key\\\": \\\"S09DYkhndEdGVEVTOXZsdnNpejA=\\\",    \\\"url\\\" : \\\"https://continuumaid.freshdesk.com/api/v2\\\",  \\\"group_id\\\":2043000704664,   \\\"email_config_id\\\":44000019596,    \\\"soc_email\\\":\\\"security.fddt@continuum.net\\\",    \\\"resolution_type\\\":\\\"Azure/O365 Risk Event\\\"   }\"\r\n    }\r\n"},"url":{"raw":"http://internal-third-party-integration-elb-1263876329.ap-south-1.elb.amazonaws.com/third-party-integration/v1/topology/globalfreshdesk/nodes","protocol":"http","host":["internal-third-party-integration-elb-1263876329","ap-south-1","elb","amazonaws","com"],"path":["third-party-integration","v1","topology","globalfreshdesk","nodes"]}},"response":[]},{"name":"http://internal-third-party-integration-elb-1263876329.ap-south-1.elb.amazonaws.com/third-party-integration/v1/topology/freshdesk/nodes","id":"ab483b73-9f0e-41d4-83bf-470d0ae03613","protocolProfileBehavior":{"disableBodyPruning":true},"request":{"method":"GET","header":[],"url":{"raw":"http://internal-third-party-integration-elb-1263876329.ap-south-1.elb.amazonaws.com/third-party-integration/v1/topology/freshdesk/nodes","protocol":"http","host":["internal-third-party-integration-elb-1263876329","ap-south-1","elb","amazonaws","com"],"path":["third-party-integration","v1","topology","freshdesk","nodes"]}},"response":[]},{"name":"http://internal-third-party-integration-elb-1263876329.ap-south-1.elb.amazonaws.com/third-party-integration/v1/partners/18625/clients/269158/sites/269158/topology-mappings/freshdesk","id":"c174a43f-5d88-4b72-9f77-26c606fe1b3c","protocolProfileBehavior":{"disableBodyPruning":true},"request":{"method":"GET","header":[],"url":{"raw":"http://internal-third-party-integration-elb-1263876329.ap-south-1.elb.amazonaws.com/third-party-integration/v1/partners/18625/clients/269158/sites/269158/topology-mappings/freshdesk","protocol":"http","host":["internal-third-party-integration-elb-1263876329","ap-south-1","elb","amazonaws","com"],"path":["third-party-integration","v1","partners","18625","clients","269158","sites","269158","topology-mappings","freshdesk"]}},"response":[]}]}