{"info":{"_postman_id":"7f66dfbc-a3a8-4ba7-b95a-ad6b629894c9","name":"IFT-NEFT-PPF-SSY_NB","schema":"https://schema.getpostman.com/json/collection/v2.1.0/collection.json"},"item":[{"name":"doStandingInstructionsForOwnAccounts","event":[{"listen":"test","script":{"exec":["try {\r","    const responseJson = xml2Json(responseBody);\r","    console.log(responseJson)\r","    var MSG = responseJson['S:Envelope']['S:Body']['ns11:doStandingInstructionsForOwnAccountsResponse']['return']['responseservice:status'][\"responseservice:errorCode\"]\r","    console.log(MSG)\r","    pm.test(MSG, function () {\r","        pm.expect(responseJson['S:Envelope']['S:Body']['ns11:doStandingInstructionsForOwnAccountsResponse']['return']['responseservice:status'][\"responseservice:errorCode\"]).is.to.equal(\"0\");\r","    })\r","}\r","catch (e) {\r","    var response = responseBody;\r","    pm.test(\"response is \" + response, function () {\r","        pm.expect(pm.response.code).to.equal(200).to.be.false;\r","    })\r","}\r","//postman.setNextRequest(req[fcount]);"],"type":"text/javascript","id":"9ccd7b32-fc94-454c-b7fc-d7e187c01ac8"}}],"id":"11fc828b-e430-44ad-b8d4-d07d3863f4d2","protocolProfileBehavior":{"disableBodyPruning":true},"request":{"method":"POST","header":[{"key":"Content-Type","value":"text/xml"}],"body":{"mode":"raw","raw":"<soapenv:Envelope xmlns:soapenv=\"http://schemas.xmlsoap.org/soap/envelope/\" xmlns:tran=\"http://transaction.service.dda.appx.cz.fc.ofss.com/\" xmlns:con=\"http://context.app.fc.ofss.com\" xmlns:exc=\"http://exception.infra.fc.ofss.com\" xmlns:dto=\"http://dto.common.domain.framework.fc.ofss.com\" xmlns:dom=\"http://domain.framework.fc.ofss.com\">\r\n    <soapenv:Header/>\r\n    <soapenv:Body>\r\n        <tran:doStandingInstructionsForOwnAccounts>\r\n            <arg0>\r\n                <con:bankCode>08</con:bankCode>\r\n                <con:channel>BB11</con:channel>\r\n                <con:externalReferenceNo>231141836</con:externalReferenceNo>\r\n                <con:serviceCode>OFT</con:serviceCode>\r\n                <con:transactingPartyCode>50001992</con:transactingPartyCode>\r\n                <con:transactionBranch>089999</con:transactionBranch>\r\n                <con:userId>DevUser01</con:userId>\r\n            </arg0>\r\n            <arg1>\r\n                <!--Optional:-->\r\n                <dto:organizationName>?</dto:organizationName>\r\n                <!--Optional:-->\r\n                <amount>100</amount>\r\n                <!--Optional:-->\r\n                <beneAcctNo>01601000082907</beneAcctNo>\r\n                <!--Optional:-->\r\n                <customerId>50233130</customerId>\r\n                <!--Optional:-->\r\n                <debitAcctNo>50100100708641</debitAcctNo>\r\n                <!--Optional:-->\r\n                <endDate>30/11/2022</endDate>\r\n                <!--Optional:-->\r\n                <frequency>4</frequency>\r\n                <period>2</period>\r\n                <!--Optional:-->\r\n                <remarks>Test</remarks>\r\n                <!--Optional:-->\r\n                <startDate>30/10/2022</startDate>\r\n            </arg1>\r\n        </tran:doStandingInstructionsForOwnAccounts>\r\n    </soapenv:Body>\r\n</soapenv:Envelope>"},"url":{"raw":"{{obp_url}}/com.ofss.fc.cz.hdfc.obp.webservice/StandingInstructionsForOwnAccounts?wsdl","host":["{{obp_url}}"],"path":["com.ofss.fc.cz.hdfc.obp.webservice","StandingInstructionsForOwnAccounts"],"query":[{"key":"wsdl","value":""}]}},"response":[]},{"name":"getStandingInstructions","event":[{"listen":"test","script":{"exec":["try {\r","    const responseJson = xml2Json(responseBody);\r","    console.log(responseJson)\r","    var MSG = responseJson['S:Envelope']['S:Body']['ns10:getStandingInstructionsResponse']['return']['responseservice:status'][\"responseservice:errorCode\"]\r","    console.log(MSG)\r","    pm.test(MSG, function () {\r","        pm.expect(responseJson['S:Envelope']['S:Body']['ns10:getStandingInstructionsResponse']['return']['responseservice:status'][\"responseservice:errorCode\"]).is.to.equal(\"0\");\r","    })\r","}\r","catch (e) {\r","    var response = responseBody;\r","    pm.test(\"response is \" + response, function () {\r","        pm.expect(pm.response.code).to.equal(200).to.be.false;\r","    })\r","}\r","//postman.setNextRequest(req[fcount]);"],"type":"text/javascript","id":"764a7374-750f-4025-a60d-099f0d6b21ff"}}],"id":"cac8d671-baab-4001-947a-f54013a838e0","protocolProfileBehavior":{"disableBodyPruning":true},"request":{"method":"POST","header":[{"key":"Content-Type","value":"text/xml"}],"body":{"mode":"raw","raw":"<soapenv:Envelope xmlns:soapenv=\"http://schemas.xmlsoap.org/soap/envelope/\" xmlns:tran=\"http://transaction.service.dda.appx.cz.fc.ofss.com/\" xmlns:con=\"http://context.app.fc.ofss.com\" xmlns:exc=\"http://exception.infra.fc.ofss.com\" xmlns:dat=\"http://datatype.fc.ofss.com\" xmlns:dom=\"http://domain.framework.fc.ofss.com\" xmlns:dto=\"http://dto.common.domain.framework.fc.ofss.com\">\r\n    <soapenv:Header/>\r\n    <soapenv:Body>\r\n        <tran:getStandingInstructions>\r\n            <arg0>\r\n                <con:bankCode>08</con:bankCode>\r\n                <con:channel>BB11</con:channel>\r\n                <con:externalReferenceNo>1234567891123123089</con:externalReferenceNo>\r\n                <con:transactingPartyCode>33225070</con:transactingPartyCode>\r\n                <con:transactionBranch>089999</con:transactionBranch>\r\n                <con:userId>TSHIKHA</con:userId>\r\n            </arg0>\r\n            <arg1>\r\n                <customerId>50000019</customerId>\r\n                <mode>TPT</mode>\r\n            </arg1>\r\n        </tran:getStandingInstructions>\r\n    </soapenv:Body>\r\n</soapenv:Envelope>"},"url":{"raw":"{{obp_url}}/com.ofss.fc.cz.hdfc.obp.webservice/ViewStandingInstructions?wsdl","host":["{{obp_url}}"],"path":["com.ofss.fc.cz.hdfc.obp.webservice","ViewStandingInstructions"],"query":[{"key":"wsdl","value":""}]}},"response":[]},{"name":"addStandingInstruction","event":[{"listen":"test","script":{"exec":["try {\r","    const responseJson = xml2Json(responseBody);\r","    console.log(responseJson)\r","    var MSG = responseJson['S:Envelope']['S:Body']['ns11:addStandingInstructionResponse']['return']['responseservice:status'][\"responseservice:errorCode\"]\r","    console.log(MSG)\r","    pm.test(MSG, function () {\r","        pm.expect(responseJson['S:Envelope']['S:Body']['ns11:addStandingInstructionResponse']['return']['responseservice:status'][\"responseservice:errorCode\"]).is.to.equal(\"0\");\r","    })\r","}\r","catch (e) {\r","    var response = responseBody;\r","    pm.test(\"response is \" + response, function () {\r","        pm.expect(pm.response.code).to.equal(200).to.be.false;\r","    })\r","}\r","//postman.setNextRequest(req[fcount]);"],"type":"text/javascript","id":"f2a6ee1a-6110-4745-a140-e67f88a5e253"}}],"id":"dda7b8a3-9ad9-4a89-a6e7-01f3db276d3e","protocolProfileBehavior":{"disableBodyPruning":true},"request":{"method":"POST","header":[{"key":"Content-Type","value":"text/xml"}],"body":{"mode":"raw","raw":"<soapenv:Envelope xmlns:soapenv=\"http://schemas.xmlsoap.org/soap/envelope/\" xmlns:tran=\"http://transaction.service.dda.appx.cz.fc.ofss.com/\" xmlns:con=\"http://context.app.fc.ofss.com\" xmlns:exc=\"http://exception.infra.fc.ofss.com\" xmlns:dto=\"http://dto.common.domain.framework.fc.ofss.com\" xmlns:dom=\"http://domain.framework.fc.ofss.com\">\r\n    <soapenv:Header/>\r\n    <soapenv:Body>\r\n        <tran:addStandingInstruction>\r\n            <arg0>\r\n                <con:bankCode>08</con:bankCode>\r\n                <con:channel>BB11</con:channel>\r\n                <con:transactingPartyCode>900000213</con:transactingPartyCode>\r\n                <con:transactionBranch>089999</con:transactionBranch>\r\n                <con:userId>DevUser01</con:userId>\r\n                <con:externalReferenceNo>{{$timestamp}}</con:externalReferenceNo>\r\n            </arg0>\r\n            <arg1>\r\n                <dto:dictionaryArray>\r\n                    <dto:flexField>?</dto:flexField>\r\n                    <dto:fullyQualifiedClassName>?</dto:fullyQualifiedClassName>\r\n                    <dto:nameValuePairDTOArray>\r\n                        <dto:datatype>?</dto:datatype>\r\n                        <dto:genericName>?</dto:genericName>\r\n                        <dto:name>?</dto:name>\r\n                        <dto:value>?</dto:value>\r\n                    </dto:nameValuePairDTOArray>\r\n                </dto:dictionaryArray>\r\n                <dto:organizationName>?</dto:organizationName>\r\n                <amount>500</amount>\r\n                <beneAcctNo>55000000029846</beneAcctNo>\r\n                <beneType>PPF</beneType>\r\n                <customerId>900000213</customerId>\r\n                <debitAcctNo>50100101396703</debitAcctNo>\r\n                <endDate>30/12/2022</endDate>\r\n                <frequency>4</frequency>\r\n                <period>3</period>\r\n                <remarks>test</remarks>\r\n                <siNo>30</siNo>\r\n                <startDate>30/10/2022</startDate>\r\n            </arg1>\r\n        </tran:addStandingInstruction>\r\n    </soapenv:Body>\r\n</soapenv:Envelope>"},"url":{"raw":"{{obp_url}}/com.ofss.fc.cz.hdfc.obp.webservice/PPFStandingInstructions?wsdl","host":["{{obp_url}}"],"path":["com.ofss.fc.cz.hdfc.obp.webservice","PPFStandingInstructions"],"query":[{"key":"wsdl","value":""}]}},"response":[]},{"name":"deleteStandingInstruction","event":[{"listen":"test","script":{"exec":["try {\r","    const responseJson = xml2Json(responseBody);\r","    console.log(responseJson)\r","    var MSG = responseJson['S:Envelope']['S:Body']['ns10:deleteStandingInstructionResponse']['return']['responseservice:status'][\"responseservice:errorCode\"]\r","    console.log(MSG)\r","    pm.test(MSG, function () {\r","        pm.expect(responseJson['S:Envelope']['S:Body']['ns10:deleteStandingInstructionResponse']['return']['responseservice:status'][\"responseservice:errorCode\"]).is.to.equal(\"0\");\r","    })\r","}\r","catch (e) {\r","    var response = responseBody;\r","    pm.test(\"response is \" + response, function () {\r","        pm.expect(pm.response.code).to.equal(200).to.be.false;\r","    })\r","}\r","//postman.setNextRequest(req[fcount]);"],"type":"text/javascript","id":"f844d34e-3c40-4ed6-bf6b-337bb0e8c78b"}}],"id":"d83a7d62-b17e-4f23-89c7-108fce14d164","protocolProfileBehavior":{"disableBodyPruning":true},"request":{"method":"POST","header":[{"key":"Content-Type","value":"text/xml"}],"body":{"mode":"raw","raw":"<soapenv:Envelope xmlns:soapenv=\"http://schemas.xmlsoap.org/soap/envelope/\" xmlns:tran=\"http://transaction.service.dda.appx.cz.fc.ofss.com/\" xmlns:con=\"http://context.app.fc.ofss.com\" xmlns:exc=\"http://exception.infra.fc.ofss.com\" xmlns:dat=\"http://datatype.fc.ofss.com\" xmlns:dom=\"http://domain.framework.fc.ofss.com\" xmlns:dto=\"http://dto.common.domain.framework.fc.ofss.com\">\r\n    <soapenv:Header/>\r\n    <soapenv:Body>\r\n        <tran:deleteStandingInstruction>\r\n            <arg0>\r\n                <con:bankCode>08</con:bankCode>\r\n                <con:channel>BB11</con:channel>\r\n                <con:transactingPartyCode>500000452</con:transactingPartyCode>\r\n                <con:transactionBranch>089999</con:transactionBranch>\r\n                <con:userId>IB01_USER</con:userId>\r\n                <con:externalReferenceNo>{{$timestamp}}</con:externalReferenceNo>\r\n            </arg0>\r\n            <arg1>\r\n                <amount>500</amount>\r\n                <beneacctno>55000000029846</beneacctno>\r\n                <customerId>900000213</customerId>\r\n                <debitacctno>50100101093852</debitacctno>\r\n                <endDate>10-JAN-2023</endDate>\r\n                <frequency>4</frequency>\r\n                <period>5</period>\r\n                <remarks>NET BANKING SI -test</remarks>\r\n                <siNo>6</siNo>\r\n                <startDate>10-SEP-2022</startDate>\r\n            </arg1>\r\n        </tran:deleteStandingInstruction>\r\n    </soapenv:Body>\r\n</soapenv:Envelope>"},"url":{"raw":"{{obp_url}}/com.ofss.fc.cz.hdfc.obp.webservice/ViewStandingInstructions?wsdl","host":["{{obp_url}}"],"path":["com.ofss.fc.cz.hdfc.obp.webservice","ViewStandingInstructions"],"query":[{"key":"wsdl","value":""}]}},"response":[]},{"name":"viewPPFStandingInstruction","event":[{"listen":"test","script":{"exec":["try {\r","    const responseJson = xml2Json(responseBody);\r","    console.log(responseJson)\r","    var MSG = responseJson['S:Envelope']['S:Body']['ns11:viewPPFStandingInstructionResponse']['return']['responseservice:status'][\"responseservice:errorCode\"]\r","    console.log(MSG)\r","    pm.test(MSG, function () {\r","        pm.expect(responseJson['S:Envelope']['S:Body']['ns11:viewPPFStandingInstructionResponse']['return']['responseservice:status'][\"responseservice:errorCode\"]).is.to.equal(\"0\");\r","    })\r","}\r","catch (e) {\r","    var response = responseBody;\r","    pm.test(\"response is \" + response, function () {\r","        pm.expect(pm.response.code).to.equal(200).to.be.false;\r","    })\r","}\r","//postman.setNextRequest(req[fcount]);"],"type":"text/javascript","id":"5f1b2701-ee89-411a-9106-ea2e29a239eb"}}],"id":"799fbde5-2c79-4dc2-a4b2-15dbc564ed1c","protocolProfileBehavior":{"disableBodyPruning":true},"request":{"method":"POST","header":[{"key":"Content-Type","value":"text/xml"}],"body":{"mode":"raw","raw":"<soapenv:Envelope xmlns:soapenv=\"http://schemas.xmlsoap.org/soap/envelope/\" xmlns:tran=\"http://transaction.service.dda.appx.cz.fc.ofss.com/\" xmlns:con=\"http://context.app.fc.ofss.com\" xmlns:exc=\"http://exception.infra.fc.ofss.com\" xmlns:dat=\"http://datatype.fc.ofss.com\" xmlns:dom=\"http://domain.framework.fc.ofss.com\" xmlns:dto=\"http://dto.common.domain.framework.fc.ofss.com\">\r\n   <soapenv:Header/>\r\n   <soapenv:Body>\r\n      <tran:viewPPFStandingInstruction>\r\n         <arg0>\r\n            <con:bankCode>08</con:bankCode>\r\n            <con:channel>BB11</con:channel>\r\n            <con:externalReferenceNo>{{$timestamp}}</con:externalReferenceNo>\r\n            <con:transactingPartyCode>50000045</con:transactingPartyCode>\r\n            <con:transactionBranch>089999</con:transactionBranch>\r\n            <con:userId>DevUser01</con:userId>\r\n         </arg0>\r\n         <arg1>\r\n            <customerId>900000213</customerId>\r\n         </arg1>\r\n      </tran:viewPPFStandingInstruction>\r\n   </soapenv:Body>\r\n</soapenv:Envelope>\r\n"},"url":{"raw":"{{obp_url}}/com.ofss.fc.cz.hdfc.obp.webservice/PPFStandingInstructions?wsdl","host":["{{obp_url}}"],"path":["com.ofss.fc.cz.hdfc.obp.webservice","PPFStandingInstructions"],"query":[{"key":"wsdl","value":""}]}},"response":[]},{"name":"deletePPFStandingInstruction","event":[{"listen":"test","script":{"exec":["try {\r","    const responseJson = xml2Json(responseBody);\r","    console.log(responseJson)\r","    var MSG = responseJson['S:Envelope']['S:Body']['ns11:deletePPFStandingInstructionResponse']['return']['responseservice:status'][\"responseservice:errorCode\"]\r","    console.log(MSG)\r","    pm.test(MSG, function () {\r","        pm.expect(responseJson['S:Envelope']['S:Body']['ns11:deletePPFStandingInstructionResponse']['return']['responseservice:status'][\"responseservice:errorCode\"]).is.to.equal(\"0\");\r","    })\r","}\r","catch (e) {\r","    var response = responseBody;\r","    pm.test(\"response is \" + response, function () {\r","        pm.expect(pm.response.code).to.equal(200).to.be.false;\r","    })\r","}\r","//postman.setNextRequest(req[fcount]);"],"type":"text/javascript","id":"03cba0d1-9099-4466-8677-eb59030208f9"}}],"id":"7c1c7835-2e6e-45a5-b009-fdba7a9f76fa","protocolProfileBehavior":{"disableBodyPruning":true},"request":{"method":"POST","header":[{"key":"Content-Type","value":"text/xml"}],"body":{"mode":"raw","raw":"<soapenv:Envelope xmlns:soapenv=\"http://schemas.xmlsoap.org/soap/envelope/\" xmlns:tran=\"http://transaction.service.dda.appx.cz.fc.ofss.com/\" xmlns:con=\"http://context.app.fc.ofss.com\" xmlns:exc=\"http://exception.infra.fc.ofss.com\" xmlns:dat=\"http://datatype.fc.ofss.com\" xmlns:dto=\"http://dto.common.domain.framework.fc.ofss.com\" xmlns:dom=\"http://domain.framework.fc.ofss.com\">\r\n   <soapenv:Header/>\r\n   <soapenv:Body>\r\n      <tran:deletePPFStandingInstruction>\r\n         <arg0>\r\n            <con:bankCode>08</con:bankCode>\r\n            <con:channel>BB11</con:channel>\r\n            <con:externalReferenceNo>{{$timestamp}}</con:externalReferenceNo>\r\n            <con:transactingPartyCode>50000045</con:transactingPartyCode>\r\n            <con:transactionBranch>089999</con:transactionBranch>\r\n            <con:userId>DevUser01</con:userId>\r\n         </arg0>\r\n         <arg1>\r\n            <beneAcctNo>55000000029846</beneAcctNo>\r\n            <customerId>900000213</customerId>\r\n            <debitAcctNo>50100104126780</debitAcctNo>\r\n            <remarks>NET BANKING SI -test</remarks>\r\n            <beneType>PPF</beneType>\r\n            <siNo>5</siNo>\r\n         </arg1>\r\n      </tran:deletePPFStandingInstruction>\r\n   </soapenv:Body>\r\n</soapenv:Envelope>\r\n"},"url":{"raw":"{{obp_url}}/com.ofss.fc.cz.hdfc.obp.webservice/PPFStandingInstructions?wsdl","host":["{{obp_url}}"],"path":["com.ofss.fc.cz.hdfc.obp.webservice","PPFStandingInstructions"],"query":[{"key":"wsdl","value":""}]}},"response":[]},{"name":"Paymentstandinginstructions","event":[{"listen":"test","script":{"exec":["try {\r","    const responseJson = xml2Json(responseBody);\r","    console.log(responseJson)\r","    var MSG = responseJson['S:Envelope']['S:Body']['ns10:maintainPaymentInstructionsResponse']['return']['responseservice:status'][\"responseservice:errorCode\"]\r","    console.log(MSG)\r","    pm.test(MSG, function () {\r","        pm.expect(responseJson['S:Envelope']['S:Body']['ns10:maintainPaymentInstructionsResponse']['return']['responseservice:status'][\"responseservice:errorCode\"]).is.to.equal(\"0\");\r","    })\r","}\r","catch (e) {\r","    var response = responseBody;\r","    pm.test(\"response is \" + response, function () {\r","        pm.expect(pm.response.code).to.equal(200).to.be.false;\r","    })\r","}\r","//postman.setNextRequest(req[fcount]);"],"type":"text/javascript","id":"7fc84566-e6b5-438e-8a76-0eb1a8473d37"}}],"id":"147a76aa-ef2e-43d7-b746-d648df58858f","protocolProfileBehavior":{"disabledSystemHeaders":{"content-type":true},"disableBodyPruning":true},"request":{"method":"POST","header":[],"body":{"mode":"raw","raw":"<soapenv:Envelope xmlns:soapenv=\"http://schemas.xmlsoap.org/soap/envelope/\" xmlns:tran=\"http://transaction.service.dda.appx.cz.fc.ofss.com/\" xmlns:con=\"http://context.app.fc.ofss.com\" xmlns:exc=\"http://exception.infra.fc.ofss.com\" xmlns:dom=\"http://domain.framework.fc.ofss.com\" xmlns:dto=\"http://dto.common.domain.framework.fc.ofss.com\">\r\n    <soapenv:Header/>\r\n    <soapenv:Body>\r\n        <tran:maintainPaymentInstructions>\r\n            <arg0>\r\n                <con:bankCode>08</con:bankCode>\r\n                <con:channel>BB11</con:channel>\r\n                <con:externalReferenceNo>{{$timestamp}}</con:externalReferenceNo>\r\n                <con:serviceCode>TPN</con:serviceCode>\r\n                <con:transactingPartyCode>444636444</con:transactingPartyCode>\r\n                <con:transactionBranch>089999</con:transactionBranch>\r\n                <con:userId>DevUser01</con:userId>\r\n            </arg0>\r\n            <arg1>\r\n                <amount>100</amount>\r\n                <!--Optional:-->\r\n                <beneAcctNo>789012</beneAcctNo>\r\n                <!--Optional:-->\r\n                <benefName>RTGS LAR</benefName>\r\n                <!--Optional:-->\r\n                <benefType>NEFT_SI_AND_SCHEDULE_PAYMENT</benefType>\r\n                <!--Optional:-->\r\n                <customerId>50000019</customerId>\r\n                <!--Optional:-->\r\n                <debitAcctNo>50100102711382</debitAcctNo>\r\n                <!--Optional:-->\r\n                <displayEndDate>30-11-2022</displayEndDate>\r\n                <!--Optional:-->\r\n                <displayStartDate>30/11/2022</displayStartDate>\r\n                <!--Optional:-->\r\n                <endDate>30/11/2022</endDate>\r\n                <!--Optional:-->\r\n                <frequency>4</frequency>\r\n                <!--Optional:-->\r\n                <ifscCode>ICIC0000001</ifscCode>\r\n                <!--Optional:-->\r\n                <period>2</period>\r\n                <!--Optional:-->\r\n                <remarks>Test</remarks>\r\n                <!--Optional:-->\r\n                <senderComMode>E</senderComMode>\r\n                <!--Optional:-->\r\n                <senderComValue>asas@sd.com</senderComValue>\r\n                <!--Optional:-->\r\n                <startDate>30/10/2022</startDate>\r\n            </arg1>\r\n        </tran:maintainPaymentInstructions>\r\n    </soapenv:Body>\r\n</soapenv:Envelope>","options":{"raw":{"language":"xml"}}},"url":{"raw":"http://10.226.163.7:8002/com.ofss.fc.cz.hdfc.obp.webservice/PaymentStandingInstructions","protocol":"http","host":["10","226","163","7"],"port":"8002","path":["com.ofss.fc.cz.hdfc.obp.webservice","PaymentStandingInstructions"]}},"response":[]},{"name":"StandingInstructions","id":"dd88280b-1893-4d9b-a572-37da61b294e0","protocolProfileBehavior":{"disabledSystemHeaders":{"content-type":true},"disableBodyPruning":true},"request":{"method":"POST","header":[],"body":{"mode":"raw","raw":"<soapenv:Envelope xmlns:soapenv=\"http://schemas.xmlsoap.org/soap/envelope/\" xmlns:tran=\"http://transaction.service.dda.appx.cz.fc.ofss.com/\" xmlns:con=\"http://context.app.fc.ofss.com\" xmlns:exc=\"http://exception.infra.fc.ofss.com\" xmlns:dom=\"http://domain.framework.fc.ofss.com\" xmlns:dto=\"http://dto.common.domain.framework.fc.ofss.com\">\r\n    <soapenv:Header/>\r\n    <soapenv:Body>\r\n        <tran:standingInstructionProcess>\r\n            <arg0>\r\n                <con:bankCode>08</con:bankCode>\r\n                <con:channel>BB11</con:channel>\r\n                <con:transactionBranch>089999</con:transactionBranch>\r\n                <con:externalReferenceNo>388809901</con:externalReferenceNo>\r\n                <con:userId>DevUser01</con:userId>\r\n                <con:transactingPartyCode>192598039</con:transactingPartyCode>\r\n            </arg0>\r\n            <arg1>\r\n                <!--Optional:-->\r\n                <deviceId></deviceId>\r\n                <!--Optional:-->\r\n                <amount>100</amount>\r\n                <!--Optional:-->\r\n                <beneAcctNo>50100000000274</beneAcctNo>\r\n                <!--Optional:-->\r\n                <customerId>50233130</customerId>\r\n                <!--Optional:-->\r\n                <debitAcctNo>50100100708641</debitAcctNo>\r\n                <!--Optional:-->\r\n                <displayEndDate>30-11-2022</displayEndDate>\r\n                <!--Optional:-->\r\n                <displayStartDate>30/10/2022</displayStartDate>\r\n                <!--Optional:-->\r\n                <endDate>30/11/2022</endDate>\r\n                <!--Optional:-->\r\n                <frequency>4</frequency>\r\n                <period>2</period>\r\n                <!--Optional:-->\r\n                <remarks>test</remarks>\r\n                <!--Optional:-->\r\n                <startDate>30/10/2022</startDate>\r\n            </arg1>\r\n        </tran:standingInstructionProcess>\r\n    </soapenv:Body>\r\n</soapenv:Envelope>","options":{"raw":{"language":"xml"}}},"url":{"raw":"http://10.226.163.7:8002/com.ofss.fc.cz.hdfc.obp.webservice/StandingInstructions","protocol":"http","host":["10","226","163","7"],"port":"8002","path":["com.ofss.fc.cz.hdfc.obp.webservice","StandingInstructions"]}},"response":[]}]}