{"info":{"_postman_id":"8ac7a0e5-3ce2-485c-9de4-e3770227ea3e","name":"Optimus Covenant Management","schema":"https://schema.getpostman.com/json/collection/v2.1.0/collection.json"},"item":[{"name":"GetCovenantList","id":"493e1eff-e707-4b39-adfe-d890d9d7f079","protocolProfileBehavior":{"disableBodyPruning":true},"request":{"auth":{"type":"bearer","bearer":[{"key":"token","value":"00D710000000TOb!AQEAQLe4EJ2_U8krVIiOtk_zGCCIOz8Zg_iiJ_7MzkGLuMbfvU7Np3q6y2Xu3iqP5rG7eVpHIB7OaOtH4uz7eUjf4gegcoT_","type":"string"}]},"method":"GET","header":[],"url":{"raw":"https://idfcfirstbank-bbg--qauat.my.salesforce.com/services/apexrest/GetCovenantList?ucicNumber=9003088896","protocol":"https","host":["idfcfirstbank-bbg--qauat","my","salesforce","com"],"path":["services","apexrest","GetCovenantList"],"query":[{"key":"ucicNumber","value":"9003088896"}]}},"response":[{"id":"c4f4c6e1-3f61-49f6-b5db-d821a36961b0","name":"GetCovenantList-Ex1","originalRequest":{"method":"GET","header":[],"url":{"raw":"https://idfcfirstbank-bbg--qauat.my.salesforce.com/services/apexrest/GetCovenantList?ucicNumber=9003088896","protocol":"https","host":["idfcfirstbank-bbg--qauat","my","salesforce","com"],"path":["services","apexrest","GetCovenantList"],"query":[{"key":"ucicNumber","value":"9003088896"}]}},"status":"OK","code":200,"_postman_previewlanguage":"json","header":[{"key":"date","value":"Thu, 22 Apr 2021 13:01:00 GMT"},{"key":"strict-transport-security","value":"max-age=31536002; includeSubDomains"},{"key":"x-content-type-options","value":"nosniff"},{"key":"x-xss-protection","value":"1; mode=block"},{"key":"x-robots-tag","value":"none"},{"key":"cache-control","value":"no-cache,must-revalidate,max-age=0,no-store,private"},{"key":"content-type","value":"application/json"},{"key":"vary","value":"Accept-Encoding"},{"key":"content-encoding","value":"gzip"},{"key":"x-envoy-upstream-service-time","value":"167"},{"key":"server","value":"istio-envoy"},{"key":"transfer-encoding","value":"chunked"}],"cookie":[],"responseTime":null,"body":"{\n    \"errorDefinition\": null,\n    \"covenentList\": [\n        {\n            \"ucicNo\": \"9003088896\",\n            \"sfdcId\": \"00T710000000rnVEAQ\",\n            \"loanNumber\": \"0005835\",\n            \"frequency\": \"Monthly\",\n            \"dueDate\": \"2021-05-21\",\n            \"documentsList\": [],\n            \"currentStatus\": \"Open\",\n            \"covenentName\": \"COV-00002080\",\n            \"covenantType\": \"Due Diligence Document\",\n            \"covenantSubType\": \"ROC Search Report\",\n            \"caseUniqueId\": \"a1771000001pAUbAAM\"\n        },\n        {\n            \"ucicNo\": \"9003088896\",\n            \"sfdcId\": \"00T710000000rnWEAQ\",\n            \"loanNumber\": \"0005835\",\n            \"frequency\": \"Monthly\",\n            \"dueDate\": \"2021-06-21\",\n            \"documentsList\": [],\n            \"currentStatus\": \"Open\",\n            \"covenentName\": \"COV-00002080\",\n            \"covenantType\": \"Due Diligence Document\",\n            \"covenantSubType\": \"ROC Search Report\",\n            \"caseUniqueId\": \"a1771000001pAUbAAM\"\n        },\n        {\n            \"ucicNo\": \"9003088896\",\n            \"sfdcId\": \"00T710000000rnXEAQ\",\n            \"loanNumber\": \"0005835\",\n            \"frequency\": \"Monthly\",\n            \"dueDate\": \"2021-07-21\",\n            \"documentsList\": [],\n            \"currentStatus\": \"Open\",\n            \"covenentName\": \"COV-00002080\",\n            \"covenantType\": \"Due Diligence Document\",\n            \"covenantSubType\": \"ROC Search Report\",\n            \"caseUniqueId\": \"a1771000001pAUbAAM\"\n        }\n    ]\n}"}]},{"name":"Token Generation ","id":"dc33bcc5-a9a5-4909-8b0b-5d6cf91d822c","protocolProfileBehavior":{"disableBodyPruning":true},"request":{"method":"GET","header":[],"url":{"raw":""}},"response":[{"id":"1b8f320e-fcf2-4e45-b262-72a0174a374e","name":"Token Generation Example","originalRequest":{"method":"POST","header":[],"url":{"raw":"https://test.salesforce.com/services/oauth2/token?grant_type=password&client_id=3MVG9BftfVxDiAljp0c42ihdTvgoNA7Gk1T07OLCOwosh9J3CzWCRyi0q9gnT1RgAusrTpL_ynr5eG_z7BuKl&client_secret=C343773F9FDA4C5BF738B07902A3C7132B31FA9E87205D6F3A5B961CED90D961&username=integration_user@prod.com.qauat&password=Sandbox@123","protocol":"https","host":["test","salesforce","com"],"path":["services","oauth2","token"],"query":[{"key":"grant_type","value":"password"},{"key":"client_id","value":"3MVG9BftfVxDiAljp0c42ihdTvgoNA7Gk1T07OLCOwosh9J3CzWCRyi0q9gnT1RgAusrTpL_ynr5eG_z7BuKl"},{"key":"client_secret","value":"C343773F9FDA4C5BF738B07902A3C7132B31FA9E87205D6F3A5B961CED90D961"},{"key":"username","value":"integration_user@prod.com.qauat"},{"key":"password","value":"Sandbox@123"}]}},"status":"OK","code":200,"_postman_previewlanguage":"json","header":[{"key":"Date","value":"Mon, 03 May 2021 14:27:09 GMT"},{"key":"Strict-Transport-Security","value":"max-age=31536000; includeSubDomains"},{"key":"X-Content-Type-Options","value":"nosniff"},{"key":"X-XSS-Protection","value":"1; mode=block"},{"key":"Cache-Control","value":"no-cache,must-revalidate,max-age=0,no-store,private"},{"key":"Expires","value":"Thu, 01 Jan 1970 00:00:00 GMT"},{"key":"X-ReadOnlyMode","value":"false"},{"key":"Content-Type","value":"application/json;charset=UTF-8"},{"key":"Vary","value":"Accept-Encoding"},{"key":"Content-Encoding","value":"gzip"},{"key":"Transfer-Encoding","value":"chunked"}],"cookie":[],"responseTime":null,"body":"{\n    \"access_token\": \"00D710000000TOb!AQEAQAqccZ1CjqU0_EmEPJFn4vmOGTO8QVcQx6NbhwDYc5kDYkBsO8OTBuDsq.Pte2NBPhQnKMLOXSroyZGB7UPE6gpNuiBQ\",\n    \"instance_url\": \"https://idfcfirstbank-bbg--qauat.my.salesforce.com\",\n    \"id\": \"https://test.salesforce.com/id/00D710000000TObEAM/0052r000000kz6NAAQ\",\n    \"token_type\": \"Bearer\",\n    \"issued_at\": \"1620052031568\",\n    \"signature\": \"PmhxETGLsTIjMNmIAKN3w/a8jXlys3h5AlBTNdcJCiY=\"\n}"}]}]}