{"info":{"_postman_id":"b9d2cb1f-c142-45f0-ae09-f9a04c2b95e2","name":"EPIC 3 OBP","schema":"https://schema.getpostman.com/json/collection/v2.1.0/collection.json"},"item":[{"name":"IMPS","item":[{"name":"PS_IMPSTransaction","id":"c8d2f75b-b2a6-4070-b37e-41c1782d9bd1","protocolProfileBehavior":{"disableBodyPruning":true},"request":{"method":"POST","header":[],"url":{"raw":"https://10.226.163.41:5142/IMPS/ProxyServices/PS_IMPSTransaction","protocol":"https","host":["10","226","163","41"],"port":"5142","path":["IMPS","ProxyServices","PS_IMPSTransaction"]}},"response":[]}],"id":"f41d96b1-3a8d-4cfd-9252-3751fe523700"},{"name":"NEFT","item":[{"name":"confirmNEFTPayment","id":"a1ee0f62-7228-4c08-af4c-f20533797d34","protocolProfileBehavior":{"disableBodyPruning":true,"disabledSystemHeaders":{"content-type":true}},"request":{"method":"POST","header":[{"key":"Content-Type","value":"text/xml","type":"default"}],"body":{"mode":"raw","raw":"\n<soapenv:Envelope xmlns:soapenv=\"http://schemas.xmlsoap.org/soap/envelope/\" xmlns:tran=\"http://transaction.service.pc.appx.cz.fc.ofss.com/\" xmlns:con=\"http://context.app.fc.ofss.com\" xmlns:exc=\"http://exception.infra.fc.ofss.com\" xmlns:dat=\"http://datatype.fc.ofss.com\" xmlns:dom=\"http://domain.framework.fc.ofss.com\" xmlns:dto=\"http://dto.common.domain.framework.fc.ofss.com\">\n   <soapenv:Header/>\n   <soapenv:Body>\n      <tran:confirmNEFTPayment>\n       <arg0>\n          <con:bankCode>08</con:bankCode>\n            <!--Optional:-->\n            <con:channel>IB01</con:channel>\n            <con:transactionBranch>089999</con:transactionBranch>\n            <con:externalReferenceNo>12345678911231234568</con:externalReferenceNo>\n            <con:userId>DevUser01</con:userId>\n            <con:serviceCode>SBI</con:serviceCode>\n            <con:transactingPartyCode>2723752</con:transactingPartyCode>\n\n         </arg0>\n\n         <arg1>\n\n            <acctNo>50100000000096</acctNo>\n            <!--Optional:-->\n            <appId>RS</appId>\n            <!--Optional:-->\n            <beneAcctNo>98209664339822</beneAcctNo>\n            <!--Optional:-->\n            <beneName>Amar4</beneName>\n            <!--Optional:-->\n            <comMod>SMS</comMod>\n            <!--Optional:-->\n            <custId>50000045</custId>\n            <!--Optional:-->\n            <ifscCode>SBIN0000002</ifscCode>\n            <!--Optional:-->\n            <mobileEmail>7896541235</mobileEmail>\n            <!--Optional:-->\n            <postCutoffClick></postCutoffClick>\n            <!--Optional:-->\n            <transferType>TNW</transferType>\n            <!--Optional:-->\n            <txnAmount>234</txnAmount>\n            <!--Optional:-->\n            <txnDesc>xcvgxcg</txnDesc>\n            <!--Optional:-->\n            <txnId>TPN</txnId>\n         </arg1>\n      </tran:confirmNEFTPayment>\n   </soapenv:Body>\n</soapenv:Envelope>","options":{"raw":{"language":"xml"}}},"url":{"raw":"https://10.226.163.7:9444/com.ofss.fc.cz.hdfc.obp.webservice/NEFTPayment?wsdl","protocol":"https","host":["10","226","163","7"],"port":"9444","path":["com.ofss.fc.cz.hdfc.obp.webservice","NEFTPayment"],"query":[{"key":"wsdl","value":null}]}},"response":[]},{"name":"NEFTPayment","id":"29a030b2-51a0-46df-acdf-e668093beb7c","protocolProfileBehavior":{"disableBodyPruning":true,"disabledSystemHeaders":{"content-type":true}},"request":{"method":"POST","header":[{"key":"Content-Type","value":"text/xml","type":"default"}],"body":{"mode":"raw","raw":"<soapenv:Envelope xmlns:soapenv=\"http://schemas.xmlsoap.org/soap/envelope/\" xmlns:tran=\"http://transaction.service.pc.appx.cz.fc.ofss.com/\" xmlns:con=\"http://context.app.fc.ofss.com\" xmlns:exc=\"http://exception.infra.fc.ofss.com\" xmlns:dat=\"http://datatype.fc.ofss.com\" xmlns:dom=\"http://domain.framework.fc.ofss.com\" xmlns:dto=\"http://dto.common.domain.framework.fc.ofss.com\">\n   <soapenv:Header/>\n   <soapenv:Body>\n      <tran:doNEFTPaymentTransaction>\n         <!--Optional:-->\n         <arg0>\n            <!--Zero or more repetitions:-->\n           <con:channel>IB01</con:channel>\n            <con:transactionBranch>089999</con:transactionBranch>\n            <con:externalReferenceNo>12345678911231234568</con:externalReferenceNo>\n   \n            <con:userId>DevUser01</con:userId>\n            <con:serviceCode>CHAPI10167</con:serviceCode>\n\t\t<con:transactingPartyCode>50000045</con:transactingPartyCode>\n         </arg0>\n         <!--Optional:-->\n         <arg1>\n            <!--Optional:-->\n                <deviceId></deviceId>\n            <!--Optional:-->\n            <allowedConsumerType></allowedConsumerType>\n            <!--Optional:-->\n            <bankDesc></bankDesc>\n            <!--Optional:-->\n            <beneType>NEFT</beneType>\n            <!--Optional:-->\n            <beneficiaryAccountNumber>12345678901234</beneficiaryAccountNumber>\n            <!--Optional:-->\n            <beneficiaryAccountType>52</beneficiaryAccountType>\n            <!--Optional:-->\n            <beneficiaryName>testuser</beneficiaryName>\n            <!--Optional:-->\n            <branchDesc></branchDesc>\n            <!--Optional:-->\n            <codPaymentTxn>N06</codPaymentTxn>\n            <!--Optional:-->\n            <codUserId>SYSTEM</codUserId>\n            <ctrDaysTxn>0</ctrDaysTxn>\n            <!--Optional:-->\n            <custName></custName>\n            <customerId>50000045</customerId>\n            <!--Optional:-->\n            <neftCodPaymentType>OP</neftCodPaymentType>\n            <!--Optional:-->\n            <paymentNarration></paymentNarration>\n            <!--Optional:-->\n            <postCutoffClick></postCutoffClick>\n            <!--Optional:-->\n            <receiverIFSCCode>ICIC0000001</receiverIFSCCode>\n            <!--Optional:-->\n            <refDocNo>0</refDocNo>\n            <!--Optional:-->\n            <refSysTrAudNbr>901657471</refSysTrAudNbr>\n            <!--Optional:-->\n            <refUserNumber>RRN2941600002621</refUserNumber>\n            <!--Optional:-->\n            <refVoucherNo>0</refVoucherNo>\n            <!--Optional:-->\n            <reqSessionNbr></reqSessionNbr>\n            <!--Optional:-->\n            <senderAccountNumber>50100000000096</senderAccountNumber>\n            <!--Optional:-->\n            <senderComAddr>8149235062</senderComAddr>\n            <!--Optional:-->\n            <senderCommunicationMode>SMS</senderCommunicationMode>\n            <!--Optional:-->\n            <senderCommunicationModeValue></senderCommunicationModeValue>\n            <!--Optional:-->\n            <senderEmail></senderEmail>\n            <!--Optional:-->\n            <senderIFSCCode>HDFC0000001</senderIFSCCode>\n            <!--Optional:-->\n            <senderMobile></senderMobile>\n            <!--Optional:-->\n            <session_Id></session_Id>\n            <!--Optional:-->\n            <subSeqNo>0</subSeqNo>\n            <!--Optional:-->\n            <transactionAmount>20</transactionAmount>\n            <!--Optional:-->\n            <transferDesc>fgfg</transferDesc>\n\n         </arg1>\n         <!--Zero or more repetitions:-->\n     \n      </tran:doNEFTPaymentTransaction>\n   </soapenv:Body>\n</soapenv:Envelope>\n","options":{"raw":{"language":"xml"}}},"url":{"raw":"https://10.226.163.7:9444/com.ofss.fc.cz.hdfc.obp.webservice/NEFTPayment","protocol":"https","host":["10","226","163","7"],"port":"9444","path":["com.ofss.fc.cz.hdfc.obp.webservice","NEFTPayment"]}},"response":[]},{"name":"NEFTPayment BB11","id":"3e5327fb-4180-4f09-9931-e854deb95f9b","protocolProfileBehavior":{"disableBodyPruning":true,"disabledSystemHeaders":{"content-type":true}},"request":{"method":"POST","header":[{"key":"Content-Type","value":"text/xml","type":"default"}],"body":{"mode":"raw","raw":"<soapenv:Envelope xmlns:soapenv=\"http://schemas.xmlsoap.org/soap/envelope/\" xmlns:tran=\"http://transaction.service.pc.appx.cz.fc.ofss.com/\" xmlns:con=\"http://context.app.fc.ofss.com\" xmlns:exc=\"http://exception.infra.fc.ofss.com\" xmlns:dat=\"http://datatype.fc.ofss.com\" xmlns:dom=\"http://domain.framework.fc.ofss.com\" xmlns:dto=\"http://dto.common.domain.framework.fc.ofss.com\">\n   <soapenv:Header/>\n   <soapenv:Body>\n      <tran:doNEFTPaymentTransaction>\n         <!--Optional:-->\n         <arg0>\n            <con:bankCode>08</con:bankCode>\n\t\t\t\t<con:channel>BB11</con:channel>\n\t\t\t\t<con:transactingPartyCode>192598029</con:transactingPartyCode>\n\t\t\t\t<con:transactionBranch>089999</con:transactionBranch>\n\t\t\t\t<con:userId>DevUser01</con:userId>\n\t\t\t\t<con:externalReferenceNo>74da348ed1e348cdaa26992ef3f46cf2</con:externalReferenceNo>\n\t\t\t\t<con:serviceCode>CHAPI10167</con:serviceCode>\n         </arg0>\n         <!--Optional:-->\n         <arg1>\n           <beneficiaryAccountNumber>123456</beneficiaryAccountNumber>\n\t\t\t\t<codPaymentTxn></codPaymentTxn>\n\t\t\t\t<neftCodPaymentType></neftCodPaymentType>\n\t\t\t\t<codUserId></codUserId>\n\t\t\t\t<receiverIFSCCode>UTIB0001238</receiverIFSCCode>\n\t\t\t\t<beneType>BOTH</beneType>\n\t\t\t\t<senderAccountNumber>50100000090329</senderAccountNumber>\n\t\t\t\t<beneficiaryName>Anuradha Dawkore</beneficiaryName>\n\t\t\t\t<beneficiaryType></beneficiaryType>\n\t\t\t\t<customerId>192598029</customerId>\n\t\t\t\t<transactionAmount>1500</transactionAmount>\n\t\t\t\t<refUserNumber></refUserNumber>\n\t\t\t\t<ctrDaysTxn></ctrDaysTxn>\n\t\t\t\t<refVoucherNo></refVoucherNo>\n\t\t\t\t<reqSessionNbr></reqSessionNbr>\n\t\t\t\t<senderComAddr></senderComAddr>\n\t\t\t\t<senderCommunicationMode>SMS</senderCommunicationMode>\n\t\t\t\t<senderCommunicationModeValue>9892633111</senderCommunicationModeValue>\n\t\t\t\t<senderMobile></senderMobile>\n\t\t\t\t<session_Id></session_Id>\n\t\t\t\t<subSeqNo></subSeqNo>\n\t\t\t\t<senderEmail></senderEmail>\n\t\t\t\t<refDocNo></refDocNo>\n\t\t\t\t<transferDesc>1672806567496</transferDesc>\n\t\t\t\t<refSysTrAudNbr></refSysTrAudNbr>\n\t\t\t\t<externalReferenceNo>74da348ed1e348cdaa26992ef3f46cf2</externalReferenceNo>\n\n         </arg1>\n         <!--Zero or more repetitions:-->\n     \n      </tran:doNEFTPaymentTransaction>\n   </soapenv:Body>\n</soapenv:Envelope>\n","options":{"raw":{"language":"xml"}}},"url":{"raw":"https://10.226.163.7:9444/com.ofss.fc.cz.hdfc.obp.webservice/NEFTPayment","protocol":"https","host":["10","226","163","7"],"port":"9444","path":["com.ofss.fc.cz.hdfc.obp.webservice","NEFTPayment"]}},"response":[]},{"name":"NEFTPayment BB54","id":"f3219066-071f-405d-ae57-0ede6bbd5a95","protocolProfileBehavior":{"disableBodyPruning":true,"disabledSystemHeaders":{"content-type":true}},"request":{"method":"POST","header":[{"key":"Content-Type","value":"text/xml","type":"default"}],"body":{"mode":"raw","raw":"<soapenv:Envelope xmlns:soapenv=\"http://schemas.xmlsoap.org/soap/envelope/\" xmlns:tran=\"http://transaction.service.pc.appx.cz.fc.ofss.com/\" xmlns:con=\"http://context.app.fc.ofss.com\" xmlns:exc=\"http://exception.infra.fc.ofss.com\" xmlns:dat=\"http://datatype.fc.ofss.com\" xmlns:dom=\"http://domain.framework.fc.ofss.com\" xmlns:dto=\"http://dto.common.domain.framework.fc.ofss.com\">\n    <soapenv:Header/>\n    <soapenv:Body>\n        <tran:doNEFTPaymentTransaction>\n            <!--Optional:-->\n            <arg0>\n                <con:bankCode>08</con:bankCode>\n                <con:channel>BB54</con:channel>\n                <con:transactingPartyCode>192598029</con:transactingPartyCode>\n                <con:transactionBranch>089999</con:transactionBranch>\n                <con:userId>DevUser01</con:userId>\n                <con:externalReferenceNo>74da348ed1e348cdaa26992ef3f46cf2</con:externalReferenceNo>\n                <con:serviceCode>CHAPI10167</con:serviceCode>\n            </arg0>\n            <!--Optional:-->\n            <arg1>\n                <beneficiaryAccountNumber>123456</beneficiaryAccountNumber>\n                <codPaymentTxn></codPaymentTxn>\n                <neftCodPaymentType></neftCodPaymentType>\n                <codUserId></codUserId>\n                <receiverIFSCCode>UTIB0001238</receiverIFSCCode>\n                <beneType>BOTH</beneType>\n                <senderAccountNumber>50100000090329</senderAccountNumber>\n                <beneficiaryName>Anuradha Dawkore</beneficiaryName>\n                <beneficiaryType></beneficiaryType>\n                <customerId>192598029</customerId>\n                <transactionAmount>1500</transactionAmount>\n                <refUserNumber></refUserNumber>\n                <ctrDaysTxn></ctrDaysTxn>\n                <refVoucherNo></refVoucherNo>\n                <reqSessionNbr></reqSessionNbr>\n                <senderComAddr></senderComAddr>\n                <senderCommunicationMode>SMS</senderCommunicationMode>\n                <senderCommunicationModeValue>9892633111</senderCommunicationModeValue>\n                <senderMobile></senderMobile>\n                <session_Id></session_Id>\n                <subSeqNo></subSeqNo>\n                <senderEmail></senderEmail>\n                <refDocNo></refDocNo>\n                <transferDesc>1672806567496</transferDesc>\n                <refSysTrAudNbr></refSysTrAudNbr>\n                <externalReferenceNo>74da348ed1e348cdaa26992ef3f46cf2</externalReferenceNo>\n            </arg1>\n            <!--Zero or more repetitions:-->\n     \n      \n        </tran:doNEFTPaymentTransaction>\n    </soapenv:Body>\n</soapenv:Envelope>","options":{"raw":{"language":"xml"}}},"url":{"raw":"https://10.226.163.7:9444/com.ofss.fc.cz.hdfc.obp.webservice/NEFTPayment","protocol":"https","host":["10","226","163","7"],"port":"9444","path":["com.ofss.fc.cz.hdfc.obp.webservice","NEFTPayment"]}},"response":[]},{"name":"NEFTPayment BB54 Dev","id":"669743f4-a207-48dd-a89f-6cc9a1a5c04b","protocolProfileBehavior":{"disableBodyPruning":true,"disabledSystemHeaders":{"content-type":true}},"request":{"method":"POST","header":[{"key":"Content-Type","value":"text/xml","type":"default"}],"body":{"mode":"raw","raw":"<soapenv:Envelope xmlns:soapenv=\"http://schemas.xmlsoap.org/soap/envelope/\" xmlns:tran=\"http://transaction.service.pc.appx.cz.fc.ofss.com/\" xmlns:con=\"http://context.app.fc.ofss.com\" xmlns:exc=\"http://exception.infra.fc.ofss.com\" xmlns:dto=\"http://dto.common.domain.framework.fc.ofss.com\" xmlns:dom=\"http://domain.framework.fc.ofss.com\" xmlns:dat=\"http://datatype.fc.ofss.com\">\n    <soapenv:Header></soapenv:Header>\n    <soapenv:Body>\n        <tran:doNEFTPaymentTransaction>\n            <arg0>\n                <con:bankCode>08</con:bankCode>\n                <con:channel>BB54</con:channel>\n                <con:transactingPartyCode>50233130</con:transactingPartyCode>\n                <con:transactionBranch>089999</con:transactionBranch>\n                <con:userId>DevUser01</con:userId>\n                <con:externalReferenceNo>{{$timestamp}}</con:externalReferenceNo>\n                <con:serviceCode>CHAPI10167</con:serviceCode>\n            </arg0>\n            <arg1>\n                <beneficiaryAccountNumber>1357900</beneficiaryAccountNumber>\n                <codPaymentTxn></codPaymentTxn>\n                <neftCodPaymentType></neftCodPaymentType>\n                <codUserId></codUserId>\n                <receiverIFSCCode>SBIN0003286</receiverIFSCCode>\n                <beneType>BOTH</beneType>\n                <senderAccountNumber>50100100708641</senderAccountNumber>\n                <beneficiaryName>Anjali Rao</beneficiaryName>\n                <beneficiaryType></beneficiaryType>\n                <customerId>50233130</customerId>\n                <transactionAmount>60</transactionAmount>\n                <refUserNumber></refUserNumber>\n                <ctrDaysTxn></ctrDaysTxn>\n                <refVoucherNo></refVoucherNo>\n                <reqSessionNbr></reqSessionNbr>\n                <senderComAddr></senderComAddr>\n                <senderCommunicationMode></senderCommunicationMode>\n                <senderCommunicationModeValue></senderCommunicationModeValue>\n                <senderMobile></senderMobile>\n                <session_Id></session_Id>\n                <subSeqNo></subSeqNo>\n                <senderEmail></senderEmail>\n                <refDocNo></refDocNo>\n                <transferDesc>1677043746075</transferDesc>\n                <refSysTrAudNbr></refSysTrAudNbr>\n                <externalReferenceNo>HDFCA73FDD599415</externalReferenceNo>\n            </arg1>\n        </tran:doNEFTPaymentTransaction>\n    </soapenv:Body>\n</soapenv:Envelope>","options":{"raw":{"language":"xml"}}},"url":{"raw":"https://10.226.163.7:9444/com.ofss.fc.cz.hdfc.obp.webservice/NEFTPayment","protocol":"https","host":["10","226","163","7"],"port":"9444","path":["com.ofss.fc.cz.hdfc.obp.webservice","NEFTPayment"]}},"response":[]},{"name":"NEFTPayment Copy","id":"cf884132-ab27-45bd-8165-92cbe4eacb8b","protocolProfileBehavior":{"disableBodyPruning":true,"disabledSystemHeaders":{"content-type":true}},"request":{"method":"POST","header":[{"key":"Content-Type","value":"text/xml","type":"default"}],"body":{"mode":"raw","raw":"<soapenv:Envelope xmlns:soapenv=\"http://schemas.xmlsoap.org/soap/envelope/\" xmlns:tran=\"http://transaction.service.pc.appx.cz.fc.ofss.com/\" xmlns:con=\"http://context.app.fc.ofss.com\" xmlns:exc=\"http://exception.infra.fc.ofss.com\" xmlns:dat=\"http://datatype.fc.ofss.com\" xmlns:dom=\"http://domain.framework.fc.ofss.com\" xmlns:dto=\"http://dto.common.domain.framework.fc.ofss.com\">\n   <soapenv:Header/>\n   <soapenv:Body>\n      <tran:doNEFTPaymentTransaction>\n         <!--Optional:-->\n         <arg0>\n            <!--Zero or more repetitions:-->\n           <con:channel>IB01</con:channel>\n            <con:transactionBranch>089999</con:transactionBranch>\n            <con:externalReferenceNo>12345678911231234568</con:externalReferenceNo>\n   \n            <con:userId>DevUser01</con:userId>\n            <con:serviceCode>CHAPI10167</con:serviceCode>\n\t\t<con:transactingPartyCode>50000045</con:transactingPartyCode>\n         </arg0>\n         <!--Optional:-->\n         <arg1>\n            <!--Optional:-->\n                <deviceId></deviceId>\n            <!--Optional:-->\n            <allowedConsumerType></allowedConsumerType>\n            <!--Optional:-->\n            <bankDesc></bankDesc>\n            <!--Optional:-->\n            <beneType>NEFT</beneType>\n            <!--Optional:-->\n            <beneficiaryAccountNumber>12345678901234</beneficiaryAccountNumber>\n            <!--Optional:-->\n            <beneficiaryAccountType>52</beneficiaryAccountType>\n            <!--Optional:-->\n            <beneficiaryName>testuser</beneficiaryName>\n            <!--Optional:-->\n            <branchDesc></branchDesc>\n            <!--Optional:-->\n            <codPaymentTxn>N06</codPaymentTxn>\n            <!--Optional:-->\n            <codUserId>SYSTEM</codUserId>\n            <ctrDaysTxn>0</ctrDaysTxn>\n            <!--Optional:-->\n            <custName></custName>\n            <customerId>50000045</customerId>\n            <!--Optional:-->\n            <neftCodPaymentType>OP</neftCodPaymentType>\n            <!--Optional:-->\n            <paymentNarration></paymentNarration>\n            <!--Optional:-->\n            <postCutoffClick></postCutoffClick>\n            <!--Optional:-->\n            <receiverIFSCCode>ICIC0000001</receiverIFSCCode>\n            <!--Optional:-->\n            <refDocNo>0</refDocNo>\n            <!--Optional:-->\n            <refSysTrAudNbr>901657471</refSysTrAudNbr>\n            <!--Optional:-->\n            <refUserNumber>RRN2941600002621</refUserNumber>\n            <!--Optional:-->\n            <refVoucherNo>0</refVoucherNo>\n            <!--Optional:-->\n            <reqSessionNbr></reqSessionNbr>\n            <!--Optional:-->\n            <senderAccountNumber>50100000000096</senderAccountNumber>\n            <!--Optional:-->\n            <senderComAddr>8149235062</senderComAddr>\n            <!--Optional:-->\n            <senderCommunicationMode>SMS</senderCommunicationMode>\n            <!--Optional:-->\n            <senderCommunicationModeValue></senderCommunicationModeValue>\n            <!--Optional:-->\n            <senderEmail></senderEmail>\n            <!--Optional:-->\n            <senderIFSCCode>HDFC0000001</senderIFSCCode>\n            <!--Optional:-->\n            <senderMobile></senderMobile>\n            <!--Optional:-->\n            <session_Id></session_Id>\n            <!--Optional:-->\n            <subSeqNo>0</subSeqNo>\n            <!--Optional:-->\n            <transactionAmount>20</transactionAmount>\n            <!--Optional:-->\n            <transferDesc>fgfg</transferDesc>\n\n         </arg1>\n         <!--Zero or more repetitions:-->\n     \n      </tran:doNEFTPaymentTransaction>\n   </soapenv:Body>\n</soapenv:Envelope>\n","options":{"raw":{"language":"xml"}}},"url":{"raw":"https://10.226.163.7:9444/com.ofss.fc.cz.hdfc.obp.webservice/NEFTPayment","protocol":"https","host":["10","226","163","7"],"port":"9444","path":["com.ofss.fc.cz.hdfc.obp.webservice","NEFTPayment"]}},"response":[]},{"name":"NEFTPayment SI","id":"f5f67a2f-8621-490f-887f-17d84d043bfb","protocolProfileBehavior":{"disableBodyPruning":true,"disabledSystemHeaders":{"content-type":true}},"request":{"method":"POST","header":[{"key":"Content-Type","value":"text/xml","type":"default"}],"body":{"mode":"raw","raw":"<soapenv:Envelope xmlns:soapenv=\"http://schemas.xmlsoap.org/soap/envelope/\" xmlns:tran=\"http://transaction.service.dda.appx.cz.fc.ofss.com/\" xmlns:con=\"http://context.app.fc.ofss.com\" xmlns:exc=\"http://exception.infra.fc.ofss.com\" xmlns:dat=\"http://datatype.fc.ofss.com\" xmlns:dom=\"http://domain.framework.fc.ofss.com\" xmlns:dto=\"http://dto.common.domain.framework.fc.ofss.com\"> \n   <soapenv:Header/>\n   <soapenv:Body>\n      <tran:maintainPaymentInstructions>\n         <!--Optional:-->\n         <arg0>\n            <!--Zero or more repetitions:-->\n           <con:channel>IB01</con:channel>\n            <con:transactionBranch>089999</con:transactionBranch>\n            <con:externalReferenceNo>12345678911231234568</con:externalReferenceNo>\n   \n            <con:userId>DevUser01</con:userId>\n            <con:serviceCode>CHAPI10167</con:serviceCode>\n\t\t<con:transactingPartyCode>50000045</con:transactingPartyCode>\n         </arg0>\n         <!--Optional:-->\n         <arg1>\n            <amount>100</amount>  \n            <beneAcctNo>50100000018426</beneAcctNo> \n            <benefName>50100000018426</benefName> \n            <benefType>50100000018426</benefType> \n            <customerId>50000045</customerId>\n            <debitAcctNo>50100000000096</debitAcctNo>\n            <ifscCode>ICIC0000001</ifscCode>\n            <startDate>28/01/2022</startDate>\n            <endDate>28/01/2023</endDate>\n            <frequency>4</frequency>\n            <period>5</period>\n            <remarks>test 350</remarks>\n            <startDate>25/10/2022</startDate>\n            <senderComMode>SMS</senderComMode>\n            <!--Optional:-->\n            <senderComValue>123456</senderComValue>\n\n         </arg1>\n         <!--Zero or more repetitions:-->\n     \n      </tran:maintainPaymentInstructions>\n   </soapenv:Body>\n</soapenv:Envelope>\n","options":{"raw":{"language":"xml"}}},"url":{"raw":"https://10.226.163.7:9444/com.ofss.fc.cz.hdfc.obp.webservice/PaymentStandingInstructions","protocol":"https","host":["10","226","163","7"],"port":"9444","path":["com.ofss.fc.cz.hdfc.obp.webservice","PaymentStandingInstructions"]}},"response":[]},{"name":"NEFTPayment SI Copy","id":"b0000625-9ed5-48bd-a974-973b0b4b7741","protocolProfileBehavior":{"disableBodyPruning":true,"disabledSystemHeaders":{"content-type":true}},"request":{"method":"POST","header":[{"key":"Content-Type","value":"text/xml","type":"default"}],"body":{"mode":"raw","raw":"<soapenv:Envelope xmlns:soapenv=\"http://schemas.xmlsoap.org/soap/envelope/\" xmlns:tran=\"http://transaction.service.dda.appx.cz.fc.ofss.com/\" xmlns:con=\"http://context.app.fc.ofss.com\" xmlns:exc=\"http://exception.infra.fc.ofss.com\" xmlns:dat=\"http://datatype.fc.ofss.com\" xmlns:dom=\"http://domain.framework.fc.ofss.com\" xmlns:dto=\"http://dto.common.domain.framework.fc.ofss.com\"> \n   <soapenv:Header/>\n   <soapenv:Body>\n      <tran:maintainPaymentInstructions>\n         <!--Optional:-->\n         <arg0>\n            <!--Zero or more repetitions:-->\n           <con:channel>IB01</con:channel>\n            <con:transactionBranch>089999</con:transactionBranch>\n            <con:externalReferenceNo>12345678911231234568</con:externalReferenceNo>\n   \n            <con:userId>DevUser01</con:userId>\n            <con:serviceCode>CHAPI10167</con:serviceCode>\n\t\t<con:transactingPartyCode>50000045</con:transactingPartyCode>\n         </arg0>\n         <!--Optional:-->\n         <arg1>\n            <amount>100</amount>  \n            <beneAcctNo>50100000018426</beneAcctNo> \n            <benefName>50100000018426</benefName> \n            <benefType>50100000018426</benefType> \n            <customerId>50000045</customerId>\n            <debitAcctNo>50100000000096</debitAcctNo>\n            <ifscCode>ICIC0000001</ifscCode>\n            <startDate>28/01/2022</startDate>\n            <endDate>28/01/2023</endDate>\n            <frequency>4</frequency>\n            <period>5</period>\n            <remarks>test 350</remarks>\n            <startDate>25/10/2022</startDate>\n            <senderComMode>SMS</senderComMode>\n            <!--Optional:-->\n            <senderComValue>123456</senderComValue>\n\n         </arg1>\n         <!--Zero or more repetitions:-->\n     \n      </tran:maintainPaymentInstructions>\n   </soapenv:Body>\n</soapenv:Envelope>\n","options":{"raw":{"language":"xml"}}},"url":{"raw":"https://10.226.163.7:9444/com.ofss.fc.cz.hdfc.obp.webservice/PaymentStandingInstructions","protocol":"https","host":["10","226","163","7"],"port":"9444","path":["com.ofss.fc.cz.hdfc.obp.webservice","PaymentStandingInstructions"]}},"response":[]},{"name":"WSDL PaymentStandingInstructions","id":"51922274-420d-4678-a37b-24e44c5e4987","protocolProfileBehavior":{"disableBodyPruning":true},"request":{"method":"GET","header":[],"url":{"raw":"https://10.226.163.7:9444/com.ofss.fc.cz.hdfc.obp.webservice/PaymentStandingInstructions?wsdl","protocol":"https","host":["10","226","163","7"],"port":"9444","path":["com.ofss.fc.cz.hdfc.obp.webservice","PaymentStandingInstructions"],"query":[{"key":"wsdl","value":null}]}},"response":[]}],"id":"1729cfc8-57a1-4d6c-9c6e-fa0d853ef2e9"},{"name":"getCustomerBalances","item":[{"name":"casaSummarySpi","id":"1f0562c2-9a6b-4e5d-88e5-a807995536e6","protocolProfileBehavior":{"disableBodyPruning":true,"disabledSystemHeaders":{"content-type":true}},"request":{"method":"POST","header":[{"key":"Content-Type","value":"text/xml","type":"default"}],"body":{"mode":"raw","raw":"<soapenv:Envelope xmlns:soapenv=\"http://schemas.xmlsoap.org/soap/envelope/\" xmlns:inq=\"http://inquiry.service.dda.appx.cz.fc.ofss.com/\" xmlns:con=\"http://context.app.fc.ofss.com\" xmlns:exc=\"http://exception.infra.fc.ofss.com\" xmlns:dom=\"http://domain.framework.fc.ofss.com\" xmlns:dto=\"http://dto.common.domain.framework.fc.ofss.com\">\n   <soapenv:Header/>\n   <soapenv:Body>\n      <inq:getCASASummary>\n         <!--Optional:-->\n            <arg0>\n                <con:bankCode>08</con:bankCode>\n                <con:channel>CXH</con:channel>\n                <con:externalReferenceNo>1234567986</con:externalReferenceNo>\n                <con:transactingPartyCode>192598029</con:transactingPartyCode>\n                <con:transactionBranch>089999</con:transactionBranch>\n                <con:userId>DevUser01</con:userId>\n            </arg0>\n         <arg1>\n            <customerId>192598029</customerId>\n         </arg1>\n      </inq:getCASASummary>\n   </soapenv:Body>\n</soapenv:Envelope>","options":{"raw":{"language":"xml"}}},"url":{"raw":"https://10.226.163.7:9444/com.ofss.fc.cz.hdfc.obp.webservice/casaSummarySpi","protocol":"https","host":["10","226","163","7"],"port":"9444","path":["com.ofss.fc.cz.hdfc.obp.webservice","casaSummarySpi"]}},"response":[]},{"name":"casaSummarySpi Copy","id":"088f678f-cca2-47f6-94e2-2993f11792ff","protocolProfileBehavior":{"disableBodyPruning":true,"disabledSystemHeaders":{"content-type":true}},"request":{"method":"POST","header":[{"key":"Content-Type","value":"text/xml","type":"default"}],"body":{"mode":"raw","raw":"<soapenv:Envelope xmlns:soapenv=\"http://schemas.xmlsoap.org/soap/envelope/\" xmlns:inq=\"http://inquiry.service.dda.appx.cz.fc.ofss.com/\" xmlns:con=\"http://context.app.fc.ofss.com\" xmlns:exc=\"http://exception.infra.fc.ofss.com\" xmlns:dom=\"http://domain.framework.fc.ofss.com\" xmlns:dto=\"http://dto.common.domain.framework.fc.ofss.com\">\n   <soapenv:Header/>\n   <soapenv:Body>\n      <inq:getCASASummary>\n         <!--Optional:-->\n            <arg0>\n                <con:bankCode>08</con:bankCode>\n                <con:channel>CXH</con:channel>\n                <con:externalReferenceNo>1234567986</con:externalReferenceNo>\n                <con:transactingPartyCode>192598029</con:transactingPartyCode>\n                <con:transactionBranch>089999</con:transactionBranch>\n                <con:userId>DevUser01</con:userId>\n            </arg0>\n         <arg1>\n            <customerId>192598029</customerId>\n         </arg1>\n      </inq:getCASASummary>\n   </soapenv:Body>\n</soapenv:Envelope>","options":{"raw":{"language":"xml"}}},"url":{"raw":"https://10.226.163.7:9444/com.ofss.fc.cz.hdfc.obp.webservice/casaSummarySpi","protocol":"https","host":["10","226","163","7"],"port":"9444","path":["com.ofss.fc.cz.hdfc.obp.webservice","casaSummarySpi"]}},"response":[]},{"name":"balanceInquirySpi","id":"01a01ed3-e5db-4e4d-b37f-4037ca76fa0e","protocolProfileBehavior":{"disableBodyPruning":true,"disabledSystemHeaders":{"content-type":true}},"request":{"method":"POST","header":[{"key":"Content-Type","value":"text/xml","type":"default"}],"body":{"mode":"raw","raw":"\n<soapenv:Envelope xmlns:soapenv=\"http://schemas.xmlsoap.org/soap/envelope/\"><soapenv:Body><ns23:inquireBalance xmlns:ns36=\"http://enumeration.fc.ofss.com\" xmlns:ns35=\"http://domain.framework.fc.ofss.com\" xmlns:ns34=\"http://error.validation.infra.fc.ofss.com\" xmlns:ns33=\"http://response.service.fc.ofss.com\" xmlns:ns32=\"http://accountlinkage.dto.card.app.fc.ofss.com\" xmlns:ns31=\"http://debit.dto.card.app.fc.ofss.com\" xmlns:ns30=\"http://common.dto.card.app.fc.ofss.com\" xmlns:ns29=\"http://holderpreference.dto.account.app.fc.ofss.com\" xmlns:ns28=\"http://core.dto.party.app.fc.ofss.com\" xmlns:ns27=\"http://organization.dto.party.app.fc.ofss.com\" xmlns:ns26=\"http://individual.dto.party.app.fc.ofss.com\" xmlns:ns25=\"http://feeaccrual.dto.pricing.app.fc.ofss.com\" xmlns:ns24=\"http://earmark.account.dto.dda.app.fc.ofss.com\" xmlns:ns23=\"http://inquiry.service.dda.appx.cz.fc.ofss.com/\" xmlns:ns22=\"http://preferences.account.relation.dto.party.app.fc.ofss.com\" xmlns:ns21=\"http://account.relation.dto.party.app.fc.ofss.com\" xmlns:ns20=\"http://identity.dto.party.app.fc.ofss.com\" xmlns:ns19=\"http://operatinginstructions.dto.account.app.fc.ofss.com\" xmlns:ns18=\"http://memo.dto.account.app.fc.ofss.com\" xmlns:ns17=\"http://balance.account.dto.dda.app.fc.ofss.com\" xmlns:ns16=\"http://preferences.account.dto.dda.app.fc.ofss.com\" xmlns:ns15=\"http://account.dto.td.app.fc.ofss.com\" xmlns:ns14=\"http://branchparameter.dto.core.commonservice.app.fc.ofss.com\" xmlns:ns13=\"http://contact.dto.party.app.fc.ofss.com\" xmlns:ns12=\"http://associate.dto.account.app.fc.ofss.com\" xmlns:ns11=\"http://account.dto.dda.app.fc.ofss.com\" xmlns:ns10=\"http://accountaddresslinkage.dto.account.app.fc.ofss.com\" xmlns:ns9=\"http://status.account.dto.dda.app.fc.ofss.com\" xmlns:ns8=\"http://facilitycategory.limits.dto.lcm.app.fc.ofss.com\" xmlns:ns7=\"http://dto.datatype.fc.ofss.com\" xmlns:ns6=\"http://core.account.dto.dda.app.fc.ofss.com\" xmlns:ns5=\"http://dto.common.domain.framework.fc.ofss.com\" xmlns:ns4=\"http://datatype.fc.ofss.com\" xmlns:ns3=\"http://context.app.fc.ofss.com\" xmlns:ns2=\"http://exception.infra.fc.ofss.com\">\n\n\n\t\t\t<arg0>\n\t\t\t\t<ns3:allModeSelected>false</ns3:allModeSelected>\n\t\t\t\t<ns3:bankCode>08</ns3:bankCode>\n\t\t\t\t<ns3:channel>BB11</ns3:channel>\n\t\t\t\t<ns3:externalBatchNumber>0</ns3:externalBatchNumber>\n\t\t\t\t<ns3:externalReferenceNo>NB15193157898RV1151329</ns3:externalReferenceNo>\n\t\t\t\t<ns3:externalSystemAuditTrailNumber>0</ns3:externalSystemAuditTrailNumber>\n\t\t\t\t<ns3:serviceCode>SBI</ns3:serviceCode>\n\t\t\t\t<ns3:transactingPartyCode>444928444</ns3:transactingPartyCode>\n\t\t\t\t<ns3:transactionBranch>089999</ns3:transactionBranch>\n\t\t\t\t<ns3:userId>DevUser01</ns3:userId>\n\t\t\t</arg0>\n\t\t\t<arg1>\n\t\t\t\t<codAccNo>50100101545327</codAccNo>\n\t\t\t\t<codCustId>444928444</codCustId>\n\t\t\t</arg1>\n\t\t</ns23:inquireBalance>\n\t</soapenv:Body>\n</soapenv:Envelope>\n","options":{"raw":{"language":"xml"}}},"url":{"raw":"https://10.226.163.7:9444/com.ofss.fc.cz.hdfc.obp.webservice/balanceInquirySpi","protocol":"https","host":["10","226","163","7"],"port":"9444","path":["com.ofss.fc.cz.hdfc.obp.webservice","balanceInquirySpi"]}},"response":[]}],"id":"9fa882aa-8867-44d5-943d-802cf3d37222"},{"name":"IMPS","item":[{"name":"PS_IMPSTransaction","id":"c771b8b3-093c-4e93-bf1a-7682009a0fa1","protocolProfileBehavior":{"disableBodyPruning":true,"disabledSystemHeaders":{"content-type":true}},"request":{"method":"POST","header":[{"key":"Content-Type","value":"text/xml","type":"default"}],"body":{"mode":"raw","raw":"<soapenv:Envelope xmlns:soapenv=\"http://schemas.xmlsoap.org/soap/envelope/\" xmlns:pay=\"http://payments.app.xface.fcr.iflex.com/\">\n    <soapenv:Header/>\n    <soapenv:Body>\n        <pay:txnIMPS>\n            <!--Optional:-->\n            <sessionContext>\n                <!--Optional:-->\n                <bankCode>240</bankCode>\n                <!--Optional:-->\n                <channel>NB</channel>\n                <externalBatchNumber>0</externalBatchNumber>\n                <!--Optional:-->\n                <externalReferenceNo></externalReferenceNo>\n                <!--Optional:-->\n                <postingDateText>20140505000000</postingDateText>\n                <!--Optional:-->\n                <serviceCode>PMAPI1</serviceCode>\n                <transactionBranch>240</transactionBranch>\n                <!--Optional:-->\n                <userId>PYMT_USER</userId>\n                <!--Optional:-->\n                <userReferenceNumber></userReferenceNumber>\n            </sessionContext>\n            <!--Optional:-->\n            <param>\n                <!--Optional:-->\n                <benefAccountNo>50100000004451</benefAccountNo>\n                <!--Optional:-->\n                <!--Optional:-->\n                <benefCustomerName>DIBIN  TEST</benefCustomerName>\n                <!--Optional:-->\n                <benefIFSCCode>SBIN0001641</benefIFSCCode>\n                <!--Optional:-->\n                <benefMMID></benefMMID>\n                <!--Optional:-->\n                <benefMobileNo>3654987012</benefMobileNo>\n                <!--Optional:-->\n                <benefName>DTIMPS TESTING </benefName>\n                <!--Optional:-->\n                <channelId></channelId>\n                <!--Optional:-->\n                <codPaymentTxn>P2A</codPaymentTxn>\n                <!--Optional:-->\n                <exchangeAcctNoOrForeignInst></exchangeAcctNoOrForeignInst>\n                <!--Optional:-->\n                <exchangeOrForeignInstName></exchangeOrForeignInstName>\n                <!--Optional:-->\n                <externalRefNo>9004110028743</externalRefNo>\n                <!--Optional:-->\n                <messageType>200</messageType>\n                <!--Optional:-->\n                <originatorAccountNo></originatorAccountNo>\n                <!--Optional:-->\n                <originatorAddress></originatorAddress>\n                <!--Optional:-->\n                <originatorName></originatorName>\n                <!--Optional:-->\n                <paymentCategory>N</paymentCategory>\n                <!--Optional:-->\n                <purposeCode></purposeCode>\n                <!--Optional:-->\n                <remarks>TEST REMARKS from Dibin </remarks>\n                <!--Optional:-->\n                <remitAccountNo>50100103531011</remitAccountNo>\n                <customerId>192598029</customerId>\n                <!--Optional:-->\n                <remitMMID></remitMMID>\n                <!--Optional:-->\n                <remitMPIN></remitMPIN>\n                <!--Optional:-->\n                <remitMobileNo></remitMobileNo>\n                <!--Optional:-->\n                <senderIFSCCode></senderIFSCCode>\n                <!--Optional:-->\n                <transactionAmount>10.45</transactionAmount>\n            </param>\n        </pay:txnIMPS>\n    </soapenv:Body>\n</soapenv:Envelope>","options":{"raw":{"language":"xml"}}},"url":{"raw":"https://10.226.163.41:5142/IMPS/ProxyServices/PS_IMPSTransaction?wsdl","protocol":"https","host":["10","226","163","41"],"port":"5142","path":["IMPS","ProxyServices","PS_IMPSTransaction"],"query":[{"key":"wsdl","value":null}]}},"response":[]}],"id":"900f4044-2f10-4ad6-8abb-50de560b4e5a"},{"name":"RTGS","item":[{"name":"RTGSPayment","id":"9f67a6f7-046f-4122-96f3-0b975654137e","protocolProfileBehavior":{"disableBodyPruning":true,"disabledSystemHeaders":{"content-type":true}},"request":{"method":"POST","header":[{"key":"Content-Type","value":"text/xml","type":"default"}],"body":{"mode":"raw","raw":"<soapenv:Envelope xmlns:soapenv=\"http://schemas.xmlsoap.org/soap/envelope/\" xmlns:tran=\"http://transaction.service.pc.appx.cz.fc.ofss.com/\" xmlns:con=\"http://context.app.fc.ofss.com\" xmlns:exc=\"http://exception.infra.fc.ofss.com\" xmlns:dat=\"http://datatype.fc.ofss.com\" xmlns:dom=\"http://domain.framework.fc.ofss.com\" xmlns:dto=\"http://dto.common.domain.framework.fc.ofss.com\">\n    <soapenv:Header/>\n    <soapenv:Body>\n        <tran:doRTGSPaymentTransaction>\n            <arg0>\n                <con:bankCode>08</con:bankCode>\n                <con:channel>IB01</con:channel>\n                <con:transactionBranch>089999</con:transactionBranch>\n                <con:externalReferenceNo>123456789112312388889</con:externalReferenceNo>\n                <con:userId>DevUser01</con:userId>\n                <con:serviceCode>TPR</con:serviceCode>\n                <con:transactingPartyCode>50000045</con:transactingPartyCode>\n            </arg0>\n            <arg1>\n                <beneType>RTGS</beneType>\n                <beneficiaryAccountNumber>5649856456894</beneficiaryAccountNumber>\n                <beneficiaryAccountType>52</beneficiaryAccountType>\n                <beneficiaryName>testuser</beneficiaryName>\n                <branchDesc></branchDesc>\n                <bankDesc>dfgdfbdfb</bankDesc>\n                <codPaymentTxn>N06</codPaymentTxn>\n                <codUserId>SYSTEM</codUserId>\n                <ctrDaysTxn>0</ctrDaysTxn>\n                <custName></custName>\n                <customerId>50000045</customerId>\n                <receiverIFSCCode>CITI0000001</receiverIFSCCode>\n                <rtgsCodPaymentType>OP</rtgsCodPaymentType>\n                <senderAccountNumber>50100001205640</senderAccountNumber>\n                <senderIFSCCode>HDFC0000001</senderIFSCCode>\n                <subSeqNo>0</subSeqNo>\n                <transactionAmount>200000</transactionAmount>\n            </arg1>\n        </tran:doRTGSPaymentTransaction>\n    </soapenv:Body>\n</soapenv:Envelope>","options":{"raw":{"language":"xml"}}},"url":{"raw":"https://10.226.163.7:9444/com.ofss.fc.cz.hdfc.obp.webservice/RTGSPayment","protocol":"https","host":["10","226","163","7"],"port":"9444","path":["com.ofss.fc.cz.hdfc.obp.webservice","RTGSPayment"]}},"response":[]},{"name":"RTGSPayment Copy","id":"6f8de3b2-21a9-400c-9303-22ced3cf53ec","protocolProfileBehavior":{"disableBodyPruning":true,"disabledSystemHeaders":{"content-type":true}},"request":{"method":"POST","header":[{"key":"Content-Type","value":"text/xml","type":"default"}],"body":{"mode":"raw","raw":"<soapenv:Envelope xmlns:soapenv=\"http://schemas.xmlsoap.org/soap/envelope/\" xmlns:tran=\"http://transaction.service.pc.appx.cz.fc.ofss.com/\" xmlns:con=\"http://context.app.fc.ofss.com\" xmlns:exc=\"http://exception.infra.fc.ofss.com\" xmlns:dat=\"http://datatype.fc.ofss.com\" xmlns:dom=\"http://domain.framework.fc.ofss.com\" xmlns:dto=\"http://dto.common.domain.framework.fc.ofss.com\">\n    <soapenv:Header/>\n    <soapenv:Body>\n        <tran:doRTGSPaymentTransaction>\n            <arg0>\n                <con:bankCode>08</con:bankCode>\n                <con:channel>IB01</con:channel>\n                <con:transactionBranch>089999</con:transactionBranch>\n                <con:externalReferenceNo>123456789112312388889</con:externalReferenceNo>\n                <con:userId>DevUser01</con:userId>\n                <con:serviceCode>TPR</con:serviceCode>\n                <con:transactingPartyCode>50000045</con:transactingPartyCode>\n            </arg0>\n            <arg1>\n                <beneType>RTGS</beneType>\n                <beneficiaryAccountNumber>5649856456894</beneficiaryAccountNumber>\n                <beneficiaryAccountType>52</beneficiaryAccountType>\n                <beneficiaryName>testuser</beneficiaryName>\n                <branchDesc></branchDesc>\n                <bankDesc>dfgdfbdfb</bankDesc>\n                <codPaymentTxn>N06</codPaymentTxn>\n                <codUserId>SYSTEM</codUserId>\n                <ctrDaysTxn>0</ctrDaysTxn>\n                <custName></custName>\n                <customerId>50000045</customerId>\n                <receiverIFSCCode>CITI0000001</receiverIFSCCode>\n                <rtgsCodPaymentType>OP</rtgsCodPaymentType>\n                <senderAccountNumber>50100001205640</senderAccountNumber>\n                <senderIFSCCode>HDFC0000001</senderIFSCCode>\n                <subSeqNo>0</subSeqNo>\n                <transactionAmount>200000</transactionAmount>\n            </arg1>\n        </tran:doRTGSPaymentTransaction>\n    </soapenv:Body>\n</soapenv:Envelope>","options":{"raw":{"language":"xml"}}},"url":{"raw":"https://10.226.163.7:9444/com.ofss.fc.cz.hdfc.obp.webservice/RTGSPayment","protocol":"https","host":["10","226","163","7"],"port":"9444","path":["com.ofss.fc.cz.hdfc.obp.webservice","RTGSPayment"]}},"response":[]},{"name":"RTGSPayment Copy","id":"8a6d8ded-a3b9-4fe1-b941-ebdc97022840","protocolProfileBehavior":{"disableBodyPruning":true,"disabledSystemHeaders":{"content-type":true}},"request":{"method":"POST","header":[{"key":"Content-Type","value":"text/xml","type":"default"}],"body":{"mode":"raw","raw":"<soapenv:Envelope xmlns:soapenv=\"http://schemas.xmlsoap.org/soap/envelope/\" xmlns:tran=\"http://transaction.service.pc.appx.cz.fc.ofss.com/\" xmlns:con=\"http://context.app.fc.ofss.com\" xmlns:exc=\"http://exception.infra.fc.ofss.com\" xmlns:dat=\"http://datatype.fc.ofss.com\" xmlns:dom=\"http://domain.framework.fc.ofss.com\" xmlns:dto=\"http://dto.common.domain.framework.fc.ofss.com\">\n    <soapenv:Header/>\n    <soapenv:Body>\n        <tran:doRTGSPaymentTransaction>\n            <arg0>\n                <con:bankCode>08</con:bankCode>\n                <con:channel>IB01</con:channel>\n                <con:transactionBranch>089999</con:transactionBranch>\n                <con:externalReferenceNo>123456789112312388889</con:externalReferenceNo>\n                <con:userId>DevUser01</con:userId>\n                <con:serviceCode>TPR</con:serviceCode>\n                <con:transactingPartyCode>50000045</con:transactingPartyCode>\n            </arg0>\n            <arg1>\n                <beneType>RTGS</beneType>\n                <beneficiaryAccountNumber>5649856456894</beneficiaryAccountNumber>\n                <beneficiaryAccountType>52</beneficiaryAccountType>\n                <beneficiaryName>testuser</beneficiaryName>\n                <branchDesc></branchDesc>\n                <bankDesc>dfgdfbdfb</bankDesc>\n                <codPaymentTxn>N06</codPaymentTxn>\n                <codUserId>SYSTEM</codUserId>\n                <ctrDaysTxn>0</ctrDaysTxn>\n                <custName></custName>\n                <customerId>50000045</customerId>\n                <receiverIFSCCode>CITI0000001</receiverIFSCCode>\n                <rtgsCodPaymentType>OP</rtgsCodPaymentType>\n                <senderAccountNumber>50100001205640</senderAccountNumber>\n                <senderIFSCCode>HDFC0000001</senderIFSCCode>\n                <subSeqNo>0</subSeqNo>\n                <transactionAmount>200000</transactionAmount>\n            </arg1>\n        </tran:doRTGSPaymentTransaction>\n    </soapenv:Body>\n</soapenv:Envelope>","options":{"raw":{"language":"xml"}}},"url":{"raw":"https://10.226.163.7:9444/com.ofss.fc.cz.hdfc.obp.webservice/RTGSPayment","protocol":"https","host":["10","226","163","7"],"port":"9444","path":["com.ofss.fc.cz.hdfc.obp.webservice","RTGSPayment"]}},"response":[]}],"id":"dfb9b600-93ee-429d-bd71-01ca01532412"},{"name":"IFSCSearch","item":[{"name":"IFSC OBP Request","id":"f03a1a8a-c308-4250-80ae-5fe38f9345c1","protocolProfileBehavior":{"disableBodyPruning":true},"request":{"method":"POST","header":[{"key":"Content-Type","value":"text/xml","type":"default"}],"body":{"mode":"raw","raw":"<soapenv:Envelope xmlns:soapenv=\"http://schemas.xmlsoap.org/soap/envelope/\" xmlns:inq=\"http://inquiry.service.pc.appx.cz.fc.ofss.com/\" xmlns:con=\"http://context.app.fc.ofss.com\" xmlns:exc=\"http://exception.infra.fc.ofss.com\" xmlns:dto=\"http://dto.common.domain.framework.fc.ofss.com\" xmlns:dom=\"http://domain.framework.fc.ofss.com\">\n    <soapenv:Header/>\n    <soapenv:Body>\n        <inq:fetchAllFinancialInstitutions>\n            <!--Optional:-->\n            <arg0>\n                <con:bankCode>08</con:bankCode>\n                <con:channel>CAMOL</con:channel>\n                <con:externalReferenceNo>00123462</con:externalReferenceNo>\n                <con:transactingPartyCode>50000045</con:transactingPartyCode>\n                <con:transactionBranch>089999</con:transactionBranch>\n                <con:userId>DevUser01</con:userId>\n            </arg0>\n            <!--Optional:-->\n            <arg1>\n                <!--Optional:-->\n                <bankName></bankName>\n                <!--Optional:-->\n                <branchName></branchName>\n                <!--Optional:-->\n                <ifscCode>ICIC</ifscCode>\n            </arg1>\n            <!--Zero or more repetitions:-->\n      \n        </inq:fetchAllFinancialInstitutions>\n    </soapenv:Body>\n</soapenv:Envelope>","options":{"raw":{"language":"xml"}}},"url":{"raw":"https://10.226.163.7:9444/com.ofss.fc.cz.hdfc.obp.webservice/FinancialInstitutionInquiry","protocol":"https","host":["10","226","163","7"],"port":"9444","path":["com.ofss.fc.cz.hdfc.obp.webservice","FinancialInstitutionInquiry"]}},"response":[]},{"name":"IFSC OBP Request Copy","id":"be255f5b-2d9e-4940-a2ba-388ca01f65ec","protocolProfileBehavior":{"disableBodyPruning":true},"request":{"method":"POST","header":[{"key":"Content-Type","value":"text/xml","type":"default"}],"body":{"mode":"raw","raw":"<soapenv:Envelope xmlns:soapenv=\"http://schemas.xmlsoap.org/soap/envelope/\" xmlns:inq=\"http://inquiry.service.pc.appx.cz.fc.ofss.com/\" xmlns:con=\"http://context.app.fc.ofss.com\" xmlns:exc=\"http://exception.infra.fc.ofss.com\" xmlns:dto=\"http://dto.common.domain.framework.fc.ofss.com\" xmlns:dom=\"http://domain.framework.fc.ofss.com\">\n    <soapenv:Header/>\n    <soapenv:Body>\n        <inq:fetchAllFinancialInstitutions>\n            <!--Optional:-->\n            <arg0>\n                <con:bankCode>08</con:bankCode>\n                <con:channel>CAMOL</con:channel>\n                <con:externalReferenceNo>00123462</con:externalReferenceNo>\n                <con:transactingPartyCode>50000045</con:transactingPartyCode>\n                <con:transactionBranch>089999</con:transactionBranch>\n                <con:userId>DevUser01</con:userId>\n            </arg0>\n            <!--Optional:-->\n            <arg1>\n                <!--Optional:-->\n                <bankName></bankName>\n                <!--Optional:-->\n                <branchName></branchName>\n                <!--Optional:-->\n                <ifscCode>ICIC</ifscCode>\n            </arg1>\n            <!--Zero or more repetitions:-->\n      \n        </inq:fetchAllFinancialInstitutions>\n    </soapenv:Body>\n</soapenv:Envelope>","options":{"raw":{"language":"xml"}}},"url":{"raw":"https://10.226.163.7:9444/com.ofss.fc.cz.hdfc.obp.webservice/FinancialInstitutionInquiry","protocol":"https","host":["10","226","163","7"],"port":"9444","path":["com.ofss.fc.cz.hdfc.obp.webservice","FinancialInstitutionInquiry"]}},"response":[]}],"id":"14d71b73-fdc1-43c8-aa87-3549c1f66227"},{"name":"SelfTransfer","item":[{"name":"FundsTransferOwnAccount","id":"e352a0b1-dbe2-454b-849c-a0255d1d036b","protocolProfileBehavior":{"disableBodyPruning":true},"request":{"method":"POST","header":[{"key":"Content-Type","value":"text/xml","type":"default"}],"body":{"mode":"raw","raw":"<soapenv:Envelope xmlns:soapenv=\"http://schemas.xmlsoap.org/soap/envelope/\" xmlns:tran=\"http://transaction.service.dda.appx.cz.fc.ofss.com/\" xmlns:con=\"http://context.app.fc.ofss.com\" xmlns:exc=\"http://exception.infra.fc.ofss.com\" xmlns:dat=\"http://datatype.fc.ofss.com\" xmlns:dom=\"http://domain.framework.fc.ofss.com\" xmlns:dto=\"http://dto.common.domain.framework.fc.ofss.com\">\n    <soapenv:Header/>\n    <soapenv:Body>\n        <tran:transferFundsOwnAccount>\n            <!--Optional:-->\n            <arg0>\n                <con:bankCode>08</con:bankCode>\n                <con:channel>IB01</con:channel>\n                <con:transactionBranch>089999</con:transactionBranch>\n                <con:externalReferenceNo>92345678911231234909</con:externalReferenceNo>\n                <con:userId>DevUser01</con:userId>\n                <con:serviceCode>OFT</con:serviceCode>\n                <con:transactingPartyCode>192598029</con:transactingPartyCode>\n            </arg0>\n            <!--Optional:-->\n            <arg1>\n                <!--Optional:-->\n                <deviceId>01</deviceId>\n                <!--Optional:-->\n                <amount>2</amount>\n                <!--Optional:-->\n                <customerId>192598029</customerId>\n                <!--Optional:-->\n                <description>OwnFT</description>\n                <!--Optional:-->\n                <fromAcctNo>50100103531011</fromAcctNo>\n                <!--Optional:-->\n                <fundTransferType>O</fundTransferType>\n                <!--Optional:-->\n                <toAcctNo>50100103564193</toAcctNo>\n            </arg1>\n            <!--Zero or more repetitions:-->\n      \n        </tran:transferFundsOwnAccount>\n    </soapenv:Body>\n</soapenv:Envelope>","options":{"raw":{"language":"xml"}}},"url":{"raw":"https://10.226.163.7:9444/com.ofss.fc.cz.hdfc.obp.webservice/FundsTransferOwnAccount","protocol":"https","host":["10","226","163","7"],"port":"9444","path":["com.ofss.fc.cz.hdfc.obp.webservice","FundsTransferOwnAccount"]}},"response":[]},{"name":"Self Payment SI","id":"59889cad-eabd-4f97-926d-22cfac437cc7","protocolProfileBehavior":{"disableBodyPruning":true,"disabledSystemHeaders":{"content-type":true}},"request":{"method":"POST","header":[{"key":"Content-Type","value":"text/xml","type":"default"}],"body":{"mode":"raw","raw":"<soapenv:Envelope xmlns:soapenv=\"http://schemas.xmlsoap.org/soap/envelope/\" xmlns:tran=\"http://transaction.service.dda.appx.cz.fc.ofss.com/\" xmlns:con=\"http://context.app.fc.ofss.com\" xmlns:exc=\"http://exception.infra.fc.ofss.com\" xmlns:dat=\"http://datatype.fc.ofss.com\" xmlns:dto=\"http://dto.common.domain.framework.fc.ofss.com\" xmlns:dom=\"http://domain.framework.fc.ofss.com\">\n    <soapenv:Header/>\n    <soapenv:Body>\n        <tran:doStandingInstructionsForOwnAccounts>\n            <!--Optional:-->\n            <arg0>\n                <con:bankCode>08</con:bankCode>\n                <con:channel>BB11</con:channel>\n                <con:externalReferenceNo>12345678911231234568</con:externalReferenceNo>\n                <con:serviceCode>SBI</con:serviceCode>\n                <con:transactingPartyCode>50156008</con:transactingPartyCode>\n                <con:transactionBranch>089999</con:transactionBranch>\n                <con:userId>DevUser01</con:userId>\n            </arg0>\n            <!--Optional:-->\n            <arg1>\n                <!--Zero or more repetitions:-->\n                <dto:dictionaryArray>\n                    <!--Optional:-->\n                    <dto:fullyQualifiedClassName>?</dto:fullyQualifiedClassName>\n                    <!--Zero or more repetitions:-->\n                    <dto:nameValuePairDTOArray>\n                        <!--Optional:-->\n                        <dto:datatype>?</dto:datatype>\n                        <!--Optional:-->\n                        <dto:genericName>?</dto:genericName>\n                        <!--Optional:-->\n                        <dto:name>?</dto:name>\n                        <!--Optional:-->\n                        <dto:value>?</dto:value>\n                    </dto:nameValuePairDTOArray>\n                </dto:dictionaryArray>\n                <!--Optional:-->\n                <amount>550</amount>\n                <!--Optional:-->\n                <beneAcctNo>01601380001150</beneAcctNo>\n                <!--Optional:-->\n                <customerId>50000045</customerId>\n                <!--Optional:-->\n                <debitAcctNo>50100001174141</debitAcctNo>\n                <!--Optional:-->\n                <endDate>19/06/2017</endDate>\n                <!--Optional:-->\n                <frequency>4</frequency>\n                <period>1</period>\n                <!--Optional:-->\n                <remarks>IUTFromOBP</remarks>\n                <!--Optional:-->\n                <startDate>19/06/2017</startDate>\n            </arg1>\n            <!--Zero or more repetitions:-->\n            <arg2>\n                <!--Zero or more repetitions:-->\n                <dom:componentsIdentity>\n                    <!--Optional:-->\n                    <dom:componentKey>?</dom:componentKey>\n                    <!--Optional:-->\n                    <dom:componentState>\n                        <dom:rendered>?</dom:rendered>\n                        <!--Optional:-->\n                        <dom:value>?</dom:value>\n                        <!--Optional:-->\n                        <dom:visible>?</dom:visible>\n                    </dom:componentState>\n                </dom:componentsIdentity>\n                <!--Optional:-->\n                <dom:pageDefinitionXml>?</dom:pageDefinitionXml>\n                <!--Optional:-->\n                <dom:taskCode>?</dom:taskCode>\n                <!--Zero or more repetitions:-->\n                <dom:voObjects>\n                    <!--Optional:-->\n                    <dto:datatype>?</dto:datatype>\n                    <!--Optional:-->\n                    <dto:genericName>?</dto:genericName>\n                    <!--Optional:-->\n                    <dto:name>?</dto:name>\n                    <!--Optional:-->\n                    <dto:value>?</dto:value>\n                </dom:voObjects>\n                <!--Optional:-->\n                <dom:voOwnerId>?</dom:voOwnerId>\n            </arg2>\n        </tran:doStandingInstructionsForOwnAccounts>\n    </soapenv:Body>\n</soapenv:Envelope>","options":{"raw":{"language":"xml"}}},"url":{"raw":"https://10.226.163.7:9444/com.ofss.fc.cz.hdfc.obp.webservice/StandingInstructionsForOwnAccounts","protocol":"https","host":["10","226","163","7"],"port":"9444","path":["com.ofss.fc.cz.hdfc.obp.webservice","StandingInstructionsForOwnAccounts"]}},"response":[]},{"name":"Self Payment SI Copy","id":"4c31b8a8-395e-4eb4-9d91-d45529cd53a6","protocolProfileBehavior":{"disableBodyPruning":true,"disabledSystemHeaders":{"content-type":true}},"request":{"method":"POST","header":[{"key":"Content-Type","value":"text/xml","type":"default"}],"body":{"mode":"raw","raw":"<soapenv:Envelope xmlns:soapenv=\"http://schemas.xmlsoap.org/soap/envelope/\" xmlns:tran=\"http://transaction.service.dda.appx.cz.fc.ofss.com/\" xmlns:con=\"http://context.app.fc.ofss.com\" xmlns:exc=\"http://exception.infra.fc.ofss.com\" xmlns:dat=\"http://datatype.fc.ofss.com\" xmlns:dto=\"http://dto.common.domain.framework.fc.ofss.com\" xmlns:dom=\"http://domain.framework.fc.ofss.com\">\n    <soapenv:Header/>\n    <soapenv:Body>\n        <tran:doStandingInstructionsForOwnAccounts>\n            <!--Optional:-->\n            <arg0>\n                <con:bankCode>08</con:bankCode>\n                <con:channel>BB11</con:channel>\n                <con:externalReferenceNo>12345678911231234568</con:externalReferenceNo>\n                <con:serviceCode>SBI</con:serviceCode>\n                <con:transactingPartyCode>50156008</con:transactingPartyCode>\n                <con:transactionBranch>089999</con:transactionBranch>\n                <con:userId>DevUser01</con:userId>\n            </arg0>\n            <!--Optional:-->\n            <arg1>\n                <!--Zero or more repetitions:-->\n                <dto:dictionaryArray>\n                    <!--Optional:-->\n                    <dto:fullyQualifiedClassName>?</dto:fullyQualifiedClassName>\n                    <!--Zero or more repetitions:-->\n                    <dto:nameValuePairDTOArray>\n                        <!--Optional:-->\n                        <dto:datatype>?</dto:datatype>\n                        <!--Optional:-->\n                        <dto:genericName>?</dto:genericName>\n                        <!--Optional:-->\n                        <dto:name>?</dto:name>\n                        <!--Optional:-->\n                        <dto:value>?</dto:value>\n                    </dto:nameValuePairDTOArray>\n                </dto:dictionaryArray>\n                <!--Optional:-->\n                <amount>550</amount>\n                <!--Optional:-->\n                <beneAcctNo>01601380001150</beneAcctNo>\n                <!--Optional:-->\n                <customerId>50000045</customerId>\n                <!--Optional:-->\n                <debitAcctNo>50100001174141</debitAcctNo>\n                <!--Optional:-->\n                <endDate>19/06/2017</endDate>\n                <!--Optional:-->\n                <frequency>4</frequency>\n                <period>1</period>\n                <!--Optional:-->\n                <remarks>IUTFromOBP</remarks>\n                <!--Optional:-->\n                <startDate>19/06/2017</startDate>\n            </arg1>\n            <!--Zero or more repetitions:-->\n            <arg2>\n                <!--Zero or more repetitions:-->\n                <dom:componentsIdentity>\n                    <!--Optional:-->\n                    <dom:componentKey>?</dom:componentKey>\n                    <!--Optional:-->\n                    <dom:componentState>\n                        <dom:rendered>?</dom:rendered>\n                        <!--Optional:-->\n                        <dom:value>?</dom:value>\n                        <!--Optional:-->\n                        <dom:visible>?</dom:visible>\n                    </dom:componentState>\n                </dom:componentsIdentity>\n                <!--Optional:-->\n                <dom:pageDefinitionXml>?</dom:pageDefinitionXml>\n                <!--Optional:-->\n                <dom:taskCode>?</dom:taskCode>\n                <!--Zero or more repetitions:-->\n                <dom:voObjects>\n                    <!--Optional:-->\n                    <dto:datatype>?</dto:datatype>\n                    <!--Optional:-->\n                    <dto:genericName>?</dto:genericName>\n                    <!--Optional:-->\n                    <dto:name>?</dto:name>\n                    <!--Optional:-->\n                    <dto:value>?</dto:value>\n                </dom:voObjects>\n                <!--Optional:-->\n                <dom:voOwnerId>?</dom:voOwnerId>\n            </arg2>\n        </tran:doStandingInstructionsForOwnAccounts>\n    </soapenv:Body>\n</soapenv:Envelope>","options":{"raw":{"language":"xml"}}},"url":{"raw":"https://10.226.163.7:9444/com.ofss.fc.cz.hdfc.obp.webservice/StandingInstructionsForOwnAccounts","protocol":"https","host":["10","226","163","7"],"port":"9444","path":["com.ofss.fc.cz.hdfc.obp.webservice","StandingInstructionsForOwnAccounts"]}},"response":[]}],"id":"e9f919b3-52c4-4490-a74c-58cca887e250"},{"name":"ValidateHDFCAccount","item":[{"name":"InquirePartnerAccountDetails","id":"618dd8a6-7732-4500-8725-224e60e7e09e","protocolProfileBehavior":{"disableBodyPruning":true},"request":{"method":"POST","header":[],"body":{"mode":"raw","raw":"{\n    \"PartnerAccountInquiryReqDTO\": {\n        \"searchCriteria\": \"3\",\n        \"accountNumber\": \"50100101399320\",\n        \"maskedAccountNumber\": \"\",\n        \"mobileNumber\": \"\",\n        \"customerID\": \"\",\n        \"extRefTxnNumber\": \"\"\n    },\n    \"sessionContext\": {\n        \"channel\": \"MB53\",\n        \"bankCode\": \"08\",\n        \"userId\": \"DevUser01\",\n        \"externalReferenceNo\": \"123456\",\n        \"transactionBranch\": \"089999\",\n        \"transactingPartyCode\": \"9898765645\"\n    }\n}","options":{"raw":{"language":"json"}}},"url":{"raw":"https://10.226.163.7:9444/com.ofss.fc.cz.hdfc.obp.webservice/PartnerAccountInquiryRest/InquirePartnerAccountDetails","protocol":"https","host":["10","226","163","7"],"port":"9444","path":["com.ofss.fc.cz.hdfc.obp.webservice","PartnerAccountInquiryRest","InquirePartnerAccountDetails"]}},"response":[]},{"name":"InquirePartnerAccountDetails Copy","id":"2e0d1e58-feb3-46a8-bcd8-a8a07c79bf2d","protocolProfileBehavior":{"disableBodyPruning":true},"request":{"method":"POST","header":[],"body":{"mode":"raw","raw":"{\n    \"PartnerAccountInquiryReqDTO\": {\n        \"searchCriteria\": \"3\",\n        \"accountNumber\": \"50100101399320\",\n        \"maskedAccountNumber\": \"\",\n        \"mobileNumber\": \"\",\n        \"customerID\": \"\",\n        \"extRefTxnNumber\": \"\"\n    },\n    \"sessionContext\": {\n        \"channel\": \"MB53\",\n        \"bankCode\": \"08\",\n        \"userId\": \"DevUser01\",\n        \"externalReferenceNo\": \"123456\",\n        \"transactionBranch\": \"089999\",\n        \"transactingPartyCode\": \"9898765645\"\n    }\n}","options":{"raw":{"language":"json"}}},"url":{"raw":"https://10.226.163.7:9444/com.ofss.fc.cz.hdfc.obp.webservice/PartnerAccountInquiryRest/InquirePartnerAccountDetails","protocol":"https","host":["10","226","163","7"],"port":"9444","path":["com.ofss.fc.cz.hdfc.obp.webservice","PartnerAccountInquiryRest","InquirePartnerAccountDetails"]}},"response":[]}],"id":"82a9abd5-b412-4d7c-8dca-d8aeff254b44"},{"name":"IFT","item":[{"name":"miscFundTransfer","id":"04fc0a2e-990c-4e6b-a150-73f587f0b2d4","protocolProfileBehavior":{"disableBodyPruning":true},"request":{"method":"POST","header":[],"body":{"mode":"raw","raw":"{ \"sessionContext\":{\n      \"channel\":\"BB11\",\n      \"userId\":\"DevUser01\",\n      \"externalReferenceNo\":{{$timestamp}},\n      \"bankCode\":\"08\",\n      \"transactionBranch\":\"089999\"\n   },\n   \"FundsTransferMiscDTO\":{\n         \"creditNarrative\" : \"Testing_Credit_6\",\n            \"customerId\" : \"192598029\",\n            \"debitNarrative\" : \"Testing_Credit_6\",\n            \"flagForceDebit\" : \"Y\",\n            \"fromAccountId\" : \"50100103531011\",\n            \"fromAccountType\" : \"CASA\",\n            \"toAccountId\" : \"50100103564193\",\n            \"toAccountType\" : \"CASA\",\n            \"transactionAmount\" : 15,\n            \"txnId\" : \"MFT\"\n   }\n}\n","options":{"raw":{"language":"json"}}},"url":{"raw":"https://10.226.163.7:9444/com.ofss.fc.cz.hdfc.obp.webservice/FundsTransferMiscRestWrapper/miscFundTransfer","protocol":"https","host":["10","226","163","7"],"port":"9444","path":["com.ofss.fc.cz.hdfc.obp.webservice","FundsTransferMiscRestWrapper","miscFundTransfer"]}},"response":[]},{"name":"miscFundTransfer Copy","id":"357c82de-87a1-4a03-889a-87575c0abfb6","protocolProfileBehavior":{"disableBodyPruning":true},"request":{"method":"POST","header":[],"body":{"mode":"raw","raw":"{ \"sessionContext\":{\n      \"channel\":\"BB11\",\n      \"userId\":\"DevUser01\",\n      \"externalReferenceNo\":{{$timestamp}},\n      \"bankCode\":\"08\",\n      \"transactionBranch\":\"089999\"\n   },\n   \"FundsTransferMiscDTO\":{\n         \"creditNarrative\" : \"Testing_Credit_6\",\n            \"customerId\" : \"192598029\",\n            \"debitNarrative\" : \"Testing_Credit_6\",\n            \"flagForceDebit\" : \"Y\",\n            \"fromAccountId\" : \"50100103531011\",\n            \"fromAccountType\" : \"CASA\",\n            \"toAccountId\" : \"50100103564193\",\n            \"toAccountType\" : \"CASA\",\n            \"transactionAmount\" : 15,\n            \"txnId\" : \"MFT\"\n   }\n}\n","options":{"raw":{"language":"json"}}},"url":{"raw":"https://10.226.163.7:9444/com.ofss.fc.cz.hdfc.obp.webservice/FundsTransferMiscRestWrapper/miscFundTransfer","protocol":"https","host":["10","226","163","7"],"port":"9444","path":["com.ofss.fc.cz.hdfc.obp.webservice","FundsTransferMiscRestWrapper","miscFundTransfer"]}},"response":[]},{"name":"IFTPayment SI","id":"ad90f081-25af-41e8-a324-1620ff478cae","protocolProfileBehavior":{"disableBodyPruning":true,"disabledSystemHeaders":{"content-type":true}},"request":{"method":"POST","header":[{"key":"Content-Type","value":"text/xml","type":"default"}],"body":{"mode":"raw","raw":"<soapenv:Envelope xmlns:soapenv=\"http://schemas.xmlsoap.org/soap/envelope/\" xmlns:tran=\"http://transaction.service.dda.appx.cz.fc.ofss.com/\" xmlns:con=\"http://context.app.fc.ofss.com\" xmlns:exc=\"http://exception.infra.fc.ofss.com\" xmlns:dat=\"http://datatype.fc.ofss.com\" xmlns:dom=\"http://domain.framework.fc.ofss.com\" xmlns:dto=\"http://dto.common.domain.framework.fc.ofss.com\">\n   <soapenv:Header/>\n   <soapenv:Body>\n      <tran:standingInstructionProcess>\n      \t<arg0>\n            <con:channel>IB01</con:channel>\n            <con:transactionBranch>089999</con:transactionBranch>\n            <con:externalReferenceNo>12345678911231234568</con:externalReferenceNo>\n   \n            <con:userId>DevUser01</con:userId>\n            <con:serviceCode>CHAPI10167</con:serviceCode>\n\t\t<con:transactingPartyCode>50000045</con:transactingPartyCode>\n         \t</arg0>\n          <arg1>\n            <amount>100</amount>  \n            <beneAcctNo>50100000018426</beneAcctNo> \n            <customerId>50000045</customerId>\n            <debitAcctNo>50100000000096</debitAcctNo>\n            \n            <endDate>28/01/2023</endDate>\n            <frequency>4</frequency>\n            <period>5</period>\n            <remarks>test 350</remarks>\n            <startDate>25/10/2022</startDate>\n         </arg1>\n      </tran:standingInstructionProcess>\n   </soapenv:Body>\n</soapenv:Envelope>\n","options":{"raw":{"language":"xml"}}},"url":{"raw":"https://10.226.163.7:9444/com.ofss.fc.cz.hdfc.obp.webservice/StandingInstructions","protocol":"https","host":["10","226","163","7"],"port":"9444","path":["com.ofss.fc.cz.hdfc.obp.webservice","StandingInstructions"]}},"response":[]},{"name":"IFTPayment SI Copy","id":"3ba682c2-0306-4711-b6b7-b736cab4510e","protocolProfileBehavior":{"disableBodyPruning":true,"disabledSystemHeaders":{"content-type":true}},"request":{"method":"POST","header":[{"key":"Content-Type","value":"text/xml","type":"default"}],"body":{"mode":"raw","raw":"<soapenv:Envelope xmlns:soapenv=\"http://schemas.xmlsoap.org/soap/envelope/\" xmlns:tran=\"http://transaction.service.dda.appx.cz.fc.ofss.com/\" xmlns:con=\"http://context.app.fc.ofss.com\" xmlns:exc=\"http://exception.infra.fc.ofss.com\" xmlns:dat=\"http://datatype.fc.ofss.com\" xmlns:dom=\"http://domain.framework.fc.ofss.com\" xmlns:dto=\"http://dto.common.domain.framework.fc.ofss.com\">\n   <soapenv:Header/>\n   <soapenv:Body>\n      <tran:standingInstructionProcess>\n      \t<arg0>\n            <con:channel>IB01</con:channel>\n            <con:transactionBranch>089999</con:transactionBranch>\n            <con:externalReferenceNo>12345678911231234568</con:externalReferenceNo>\n   \n            <con:userId>DevUser01</con:userId>\n            <con:serviceCode>CHAPI10167</con:serviceCode>\n\t\t<con:transactingPartyCode>50000045</con:transactingPartyCode>\n         \t</arg0>\n          <arg1>\n            <amount>100</amount>  \n            <beneAcctNo>50100000018426</beneAcctNo> \n            <customerId>50000045</customerId>\n            <debitAcctNo>50100000000096</debitAcctNo>\n            \n            <endDate>28/01/2023</endDate>\n            <frequency>4</frequency>\n            <period>5</period>\n            <remarks>test 350</remarks>\n            <startDate>25/10/2022</startDate>\n         </arg1>\n      </tran:standingInstructionProcess>\n   </soapenv:Body>\n</soapenv:Envelope>\n","options":{"raw":{"language":"xml"}}},"url":{"raw":"https://10.226.163.7:9444/com.ofss.fc.cz.hdfc.obp.webservice/StandingInstructions","protocol":"https","host":["10","226","163","7"],"port":"9444","path":["com.ofss.fc.cz.hdfc.obp.webservice","StandingInstructions"]}},"response":[]},{"name":"IFTPayment SI Copy 2","id":"bb03a766-e7c0-4759-82f8-837ad2633ba8","protocolProfileBehavior":{"disableBodyPruning":true,"disabledSystemHeaders":{"content-type":true}},"request":{"method":"POST","header":[{"key":"Content-Type","value":"text/xml","type":"default"}],"body":{"mode":"raw","raw":"<soapenv:Envelope xmlns:soapenv=\"http://schemas.xmlsoap.org/soap/envelope/\" xmlns:tran=\"http://transaction.service.dda.appx.cz.fc.ofss.com/\" xmlns:con=\"http://context.app.fc.ofss.com\" xmlns:exc=\"http://exception.infra.fc.ofss.com\" xmlns:dat=\"http://datatype.fc.ofss.com\" xmlns:dom=\"http://domain.framework.fc.ofss.com\" xmlns:dto=\"http://dto.common.domain.framework.fc.ofss.com\">\n   <soapenv:Header/>\n   <soapenv:Body>\n      <tran:standingInstructionProcess>\n      \t<arg0>\n            <con:channel>IB01</con:channel>\n            <con:transactionBranch>089999</con:transactionBranch>\n            <con:externalReferenceNo>12345678911231234568</con:externalReferenceNo>\n   \n            <con:userId>DevUser01</con:userId>\n            <con:serviceCode>CHAPI10167</con:serviceCode>\n\t\t<con:transactingPartyCode>50000045</con:transactingPartyCode>\n         \t</arg0>\n          <arg1>\n            <amount>100</amount>  \n            <beneAcctNo>50100000018426</beneAcctNo> \n            <customerId>50000045</customerId>\n            <debitAcctNo>50100000000096</debitAcctNo>\n            \n            <endDate>28/01/2023</endDate>\n            <frequency>4</frequency>\n            <period>5</period>\n            <remarks>test 350</remarks>\n            <startDate>25/10/2022</startDate>\n         </arg1>\n      </tran:standingInstructionProcess>\n   </soapenv:Body>\n</soapenv:Envelope>\n","options":{"raw":{"language":"xml"}}},"url":{"raw":"https://10.226.163.7:9444/com.ofss.fc.cz.hdfc.obp.webservice/StandingInstructions","protocol":"https","host":["10","226","163","7"],"port":"9444","path":["com.ofss.fc.cz.hdfc.obp.webservice","StandingInstructions"]}},"response":[]}],"id":"3ac7d7ac-58f5-4787-8ab4-6ac0e5601264"},{"name":"Alert","item":[{"name":"doPublishExternalAlertV2 NonOTP SMS","id":"39c66186-192e-47b6-9cdd-b84c324e1de6","protocolProfileBehavior":{"disableBodyPruning":true},"request":{"method":"POST","header":[],"body":{"mode":"raw","raw":"{\n    \"PublishExternalAlertV2RequestDTO\": {\n        \"requestString\": {\n            \"userid\": \"mbalrtsms\",\n            \"pwd\": \"@iWnZ6!6pafy\",\n            \"ctype\": \"1\",\n            \"sender\": \"HDFCBank\",\n            \"pno\": \"919892633123\",\n            \"dcode\": \"MBALRTSMS\",\n            \"msgtxt\": \"Welcome to HDFC Bank, this is an sms alert\", \n            \"submitdate\": \"\", \n            \"brd\": \"\",  \n            \"intflag\": \"\",\n            \"msgid\": \"OB041230412200121\",\n            \"msgtype\": \"S\",  \n            \"priority\": \"1\",  \n            \"otpflag\": \"0\",  \n            \"alert\": \"\", \n            \"tag\": \"\", \n            \"countrycode\": \"\",\n            \"languageid\": \"\", \n            \"subjectLine\": \"email subject\", \n            \"attachment\": \"\",\n            \"txId\": \"\",\n            \"ornid\": \"04123041220012\", \n            \"tempid\": \"39\"\n        }\n    },\n    \"sessionContext\": {\n        \"channel\": \"BB11\",\n        \"bankCode\": \"08\",\n        \"userId\": \"DevUser01\",\n        \"transactionBranch\": \"089999\",\n        \"transactingPartyCode\": \"50000010\",\n        \"externalReferenceNo\": \"HADM18615815837210\"\n    }\n}","options":{"raw":{"language":"json"}}},"url":{"raw":"https://10.226.163.7:9444/ACLAxiom/PublishExternalAlertV2Rest/doPublishExternalAlertV2","protocol":"https","host":["10","226","163","7"],"port":"9444","path":["ACLAxiom","PublishExternalAlertV2Rest","doPublishExternalAlertV2"]}},"response":[]},{"name":"doPublishExternalAlertV2 OTP SMS","id":"0e5c23fd-c1ee-49e1-b120-67ff1cade6bf","protocolProfileBehavior":{"disableBodyPruning":true},"request":{"method":"POST","header":[],"body":{"mode":"raw","raw":"{\n    \"PublishExternalAlertV2RequestDTO\": {\n        \"requestString\": {\n            \"userid\": \"mbalrt\",\n            \"pwd\": \"i4I@Vp$r2\",\n            \"ctype\": \"1\",\n            \"sender\": \"HDFCBank\",\n            \"pno\": \"919892633123\",\n            \"dcode\": \"MBALRT\",\n            \"msgtxt\": \"098765 is your OTP, this is an sms alert\", \n            \"submitdate\": \"\", \n            \"brd\": \"\",  \n            \"intflag\": \"\",\n            \"msgid\": \"OB041230412200121\",\n            \"msgtype\": \"S\",  \n            \"priority\": \"1\",  \n            \"otpflag\": \"1\",  \n            \"alert\": \"\", \n            \"tag\": \"\", \n            \"countrycode\": \"\",\n            \"languageid\": \"\", \n            \"subjectLine\": \"email subject\", \n            \"attachment\": \"\",\n            \"txId\": \"\",\n            \"ornid\": \"04123041220012\", \n            \"tempid\": \"39\"\n        }\n    },\n    \"sessionContext\": {\n        \"channel\": \"BB11\",\n        \"bankCode\": \"08\",\n        \"userId\": \"DevUser01\",\n        \"transactionBranch\": \"089999\",\n        \"transactingPartyCode\": \"50000010\",\n        \"externalReferenceNo\": \"HADM18615815837210\"\n    }\n}","options":{"raw":{"language":"json"}}},"url":{"raw":"https://10.226.163.7:9444/ACLAxiom/PublishExternalAlertV2Rest/doPublishExternalAlertV2","protocol":"https","host":["10","226","163","7"],"port":"9444","path":["ACLAxiom","PublishExternalAlertV2Rest","doPublishExternalAlertV2"]}},"response":[]},{"name":"doPublishExternalAlertV2 NonOTP EMail","id":"34cd9df6-7df0-43b4-b4ec-99349a5cc33b","protocolProfileBehavior":{"disableBodyPruning":true},"request":{"method":"POST","header":[],"body":{"mode":"raw","raw":"{\n    \"PublishExternalAlertV2RequestDTO\": {\n        \"requestString\": {\n            \"userid\": \"mbalrtsms\",\n            \"pwd\": \"@iWnZ6!6pafy\",\n            \"ctype\": \"1\",\n            \"sender\": \"HDFCBank\",\n            \"pno\": \"ovais@hdfc.com\",\n            \"dcode\": \"MBALRTSMS\",\n            \"msgtxt\": \"Welcome to HDFC Bank, this is an email alert\", \n            \"submitdate\": \"\", \n            \"brd\": \"\",  \n            \"intflag\": \"\",\n            \"msgid\": \"OB041230412200121\",\n            \"msgtype\": \"E\",  \n            \"priority\": \"1\",  \n            \"otpflag\": \"0\",  \n            \"alert\": \"\", \n            \"tag\": \"\", \n            \"countrycode\": \"\",\n            \"languageid\": \"\", \n            \"subjectLine\": \"email subject\", \n            \"attachment\": \"\",\n            \"txId\": \"\",\n            \"ornid\": \"04123041220012\", \n            \"tempid\": \"39\"\n        }\n    },\n    \"sessionContext\": {\n        \"channel\": \"BB11\",\n        \"bankCode\": \"08\",\n        \"userId\": \"DevUser01\",\n        \"transactionBranch\": \"089999\",\n        \"transactingPartyCode\": \"50000010\",\n        \"externalReferenceNo\": \"HADM18615815837210\"\n    }\n}","options":{"raw":{"language":"json"}}},"url":{"raw":"https://10.226.163.7:9444/ACLAxiom/PublishExternalAlertV2Rest/doPublishExternalAlertV2","protocol":"https","host":["10","226","163","7"],"port":"9444","path":["ACLAxiom","PublishExternalAlertV2Rest","doPublishExternalAlertV2"]}},"response":[]},{"name":"doPublishExternalAlertV2 OTP EMail","id":"ddb85081-1bbc-4072-a21d-e85bde4cf32a","protocolProfileBehavior":{"disableBodyPruning":true},"request":{"method":"POST","header":[],"body":{"mode":"raw","raw":"{\n    \"PublishExternalAlertV2RequestDTO\": {\n        \"requestString\": {\n            \"userid\": \"mbalrt\",\n            \"pwd\": \"i4I@Vp$r2\",\n            \"ctype\": \"1\",\n            \"sender\": \"HDFCBank\",\n            \"pno\": \"ovais@hdfc.com\",\n            \"dcode\": \"MBALRT\",\n            \"msgtxt\": \"Welcome to HDFC Bank, this is an 123456 otp email\", \n            \"submitdate\": \"\", \n            \"brd\": \"\",  \n            \"intflag\": \"\",\n            \"msgid\": \"OB041230412200121\",\n            \"msgtype\": \"E\",  \n            \"priority\": \"1\",  \n            \"otpflag\": \"1\",  \n            \"alert\": \"\", \n            \"tag\": \"\", \n            \"countrycode\": \"\",\n            \"languageid\": \"\", \n            \"subjectLine\": \"email subject\", \n            \"attachment\": \"\",\n            \"txId\": \"\",\n            \"ornid\": \"04123041220012\", \n            \"tempid\": \"39\"\n        }\n    },\n    \"sessionContext\": {\n        \"channel\": \"BB11\",\n        \"bankCode\": \"08\",\n        \"userId\": \"DevUser01\",\n        \"transactionBranch\": \"089999\",\n        \"transactingPartyCode\": \"50000010\",\n        \"externalReferenceNo\": \"HADM18615815837210\"\n    }\n}","options":{"raw":{"language":"json"}}},"url":{"raw":"https://10.226.163.7:9444/ACLAxiom/PublishExternalAlertV2Rest/doPublishExternalAlertV2","protocol":"https","host":["10","226","163","7"],"port":"9444","path":["ACLAxiom","PublishExternalAlertV2Rest","doPublishExternalAlertV2"]}},"response":[]},{"name":"doPublishExternalAlertV2 OTP","id":"62d2a949-4997-4171-afea-6f618c63d765","protocolProfileBehavior":{"disableBodyPruning":true},"request":{"method":"POST","header":[],"body":{"mode":"raw","raw":"{\n    \"PublishExternalAlertV2RequestDTO\": {\n        \"requestString\": {\n            \"userid\": \"otpalert\",\n            \"pwd\": \"X3OfD35c09VHFs1\",\n            \"ctype\": \"\",\n            \"sender\": \"HDFCBank\",\n            \"pno\": \"919892633123\",\n            \"dcode\": \"OTPALERTS\",\n            \"msgtxt\": \"123456 is your OTP for your HDFC Bank NetBanking Transaction.\",\n            \"submitdate\": \"\",\n            \"brd\": \"\",\n            \"intflag\": \"\",\n            \"msgid\": \"OB04123041220012\",\n            \"msgtype\": \"S\",\n            \"priority\": \"1\",\n            \"otpflag\": \"\",\n            \"alert\": \"\",\n            \"tag\": \"\",\n            \"countrycode\": \"\",\n            \"languageid\": \"\",\n            \"subjectLine\": \"\",\n            \"attachment\": \"\",\n            \"txId\": \"\",\n            \"ornid\": \"04123041220012\",\n            \"tempid\": \"39\"\n        }\n    },\n    \"sessionContext\": {\n        \"channel\": \"CSC\",\n        \"bankCode\": \"08\",\n        \"userId\": \"DevUser01\",\n        \"transactionBranch\": \"089999\",\n        \"transactingPartyCode\": \"50000010\",\n        \"externalReferenceNo\": \"HADM1861581583720\"\n    }\n}","options":{"raw":{"language":"json"}}},"url":{"raw":"https://10.226.163.7:9444/ACLAxiom/PublishExternalAlertV2Rest/doPublishExternalAlertV2","protocol":"https","host":["10","226","163","7"],"port":"9444","path":["ACLAxiom","PublishExternalAlertV2Rest","doPublishExternalAlertV2"]}},"response":[]},{"name":"doGenerateOTPRest","id":"fe2db93f-cfe9-485a-905e-f6b082026bdf","protocolProfileBehavior":{"disableBodyPruning":true},"request":{"method":"POST","header":[],"url":{"raw":"https://obpuatactiveactiveocm.hdfcbankuat.com:8002/com.ofss.fc.cz.hdfc.obp.webservice/GenerateOneTimePasswordRest/doGenerateOTPRest","protocol":"https","host":["obpuatactiveactiveocm","hdfcbankuat","com"],"port":"8002","path":["com.ofss.fc.cz.hdfc.obp.webservice","GenerateOneTimePasswordRest","doGenerateOTPRest"]}},"response":[]},{"name":"doGenerateOTPRest Copy","id":"b3acc5a4-0800-4fe6-939d-cbb8b19aea2a","protocolProfileBehavior":{"disableBodyPruning":true},"request":{"method":"POST","header":[],"url":{"raw":"https://obpuatactiveactiveocm.hdfcbankuat.com:8002/com.ofss.fc.cz.hdfc.obp.webservice/GenerateOneTimePasswordRest/doGenerateOTPRest","protocol":"https","host":["obpuatactiveactiveocm","hdfcbankuat","com"],"port":"8002","path":["com.ofss.fc.cz.hdfc.obp.webservice","GenerateOneTimePasswordRest","doGenerateOTPRest"]}},"response":[]},{"name":"doVerifyOTPRest","id":"2946e2cc-c0fe-4aff-926a-a6827e584e9b","protocolProfileBehavior":{"disableBodyPruning":true},"request":{"method":"POST","header":[],"body":{"mode":"raw","raw":"{\n    \"VerifyOTPRestRequestDTO\": {\n        \"requestString\": {\n            \"passwordValue\": \"123456\",\n            \"instanceId\": \"8888\",\n            \"apiUser\": \"hdfc_EXT\",\n            \"linkData\": \"1234001\",\n            \"refNo\": \"24032022123\",\n            \"messageHash\": \"static:verpwdreq:06:IKNM94ggEesgpR2w36oW1Q+RS1U=\",\n            \"txnId\": \"\",\n            \"ornReferenceNumber\": \"\"\n        },\n        \"headerParams\": [\n            {\n                \"key\": \"apiUser\",\n                \"value\": \"hdfc_EXT\"\n            },\n            {\n                \"key\": \"apiKey\",\n                \"value\": \"testing\"\n            }\n        ]\n    },\n    \"sessionContext\": {\n        \"channel\": \"APIGW\",\n        \"bankCode\": \"08\",\n        \"userId\": \"DevUser01\",\n        \"transactionBranch\": \"089999\",\n        \"transactingPartyCode\": \"50000010\",\n        \"externalReferenceNo\": \"24032022123\"\n    }\n}","options":{"raw":{"language":"json"}}},"url":{"raw":"https://10.226.163.7:9444/com.ofss.fc.cz.hdfc.obp.webservice/VerifyOneTimePasswordRest/doVerifyOTPRest","protocol":"https","host":["10","226","163","7"],"port":"9444","path":["com.ofss.fc.cz.hdfc.obp.webservice","VerifyOneTimePasswordRest","doVerifyOTPRest"]}},"response":[]},{"name":"doVerifyOTPRest Copy","id":"d2e26e39-b401-4b1b-af52-747f45c59c13","protocolProfileBehavior":{"disableBodyPruning":true},"request":{"method":"POST","header":[],"body":{"mode":"raw","raw":"{\n    \"VerifyOTPRestRequestDTO\": {\n        \"requestString\": {\n            \"passwordValue\": \"123456\",\n            \"instanceId\": \"8888\",\n            \"apiUser\": \"hdfc_EXT\",\n            \"linkData\": \"1234001\",\n            \"refNo\": \"24032022123\",\n            \"messageHash\": \"static:verpwdreq:06:IKNM94ggEesgpR2w36oW1Q+RS1U=\",\n            \"txnId\": \"\",\n            \"ornReferenceNumber\": \"\"\n        },\n        \"headerParams\": [\n            {\n                \"key\": \"apiUser\",\n                \"value\": \"hdfc_EXT\"\n            },\n            {\n                \"key\": \"apiKey\",\n                \"value\": \"testing\"\n            }\n        ]\n    },\n    \"sessionContext\": {\n        \"channel\": \"APIGW\",\n        \"bankCode\": \"08\",\n        \"userId\": \"DevUser01\",\n        \"transactionBranch\": \"089999\",\n        \"transactingPartyCode\": \"50000010\",\n        \"externalReferenceNo\": \"24032022123\"\n    }\n}","options":{"raw":{"language":"json"}}},"url":{"raw":"https://10.226.163.7:9444/com.ofss.fc.cz.hdfc.obp.webservice/VerifyOneTimePasswordRest/doVerifyOTPRest","protocol":"https","host":["10","226","163","7"],"port":"9444","path":["com.ofss.fc.cz.hdfc.obp.webservice","VerifyOneTimePasswordRest","doVerifyOTPRest"]}},"response":[]}],"id":"ff839562-187d-46f6-b493-10948ff6f262"},{"name":"FundEnquiry","item":[{"name":"Enquire","id":"5a3eafac-2c30-4c18-af2a-095c484d1b54","protocolProfileBehavior":{"disableBodyPruning":true,"disabledSystemHeaders":{"content-type":true}},"request":{"method":"POST","header":[{"key":"Content-Type","value":"text/xml","type":"default"}],"body":{"mode":"raw","raw":"<soapenv:Envelope xmlns:soapenv=\"http://schemas.xmlsoap.org/soap/envelope/\" xmlns:fun=\"http://inquiry.service.pc.appx.fc.ofss.com/FundsExchangeInquiryApplicationServiceSpi\" xmlns:con=\"http://context.app.fc.ofss.com\" xmlns:exc=\"http://exception.infra.fc.ofss.com\" xmlns:dto=\"http://dto.common.domain.framework.fc.ofss.com\" xmlns:inq=\"http://inquiry.dto.pc.app.fc.ofss.com\" xmlns:dto1=\"http://dto.account.adapter.app.fc.ofss.com\" xmlns:dto2=\"http://dto.dda.adapter.app.fc.ofss.com\" xmlns:dat=\"http://datatype.fc.ofss.com\" xmlns:dto3=\"http://dto.search.app.fc.ofss.com\" xmlns:dom=\"http://domain.framework.fc.ofss.com\">\n    <soapenv:Header/>\n    <soapenv:Body>\n        <fun:fetchTransactionsByEndpointFundsExchangeInquiry>\n            <!--Optional:-->\n            <fun:sessionContext>\n                <con:bankCode>08</con:bankCode>\n                <con:channel>BB11</con:channel>\n                <con:transactingPartyCode>192598029</con:transactingPartyCode>\n                <con:transactionBranch>089999</con:transactionBranch>\n                <con:userId>DevUser01</con:userId>\n                <con:externalReferenceNo>74da348ed1e348cdaa26992ef3f46cf2</con:externalReferenceNo>\n                <con:serviceCode>CHAPI10167</con:serviceCode>\n                <!--Zero or more repetitions:-->\n                <!--<con:bankCode>08</con:bankCode><con:channel>BIZXP</con:channel><con:externalReferenceNo>B1M9818124110631</con:externalReferenceNo><con:transactingPartyCode>113999439</con:transactingPartyCode><con:transactionBranch>089999</con:transactionBranch><con:userId>DevUser01</con:userId>-->\n            \n            </fun:sessionContext>\n            <!--Optional:-->\n            <fun:fundsExchangeInquiryRequestDTO>\n                <inq:accountInquiryRequestDTO>\n                    <!--Optional:-->\n                    <!--Optional:-->\n                    <dto1:accountId>50100000090329</dto1:accountId>\n                    <!--Optional:-->\n                    <dto1:accountType></dto1:accountType>\n                </inq:accountInquiryRequestDTO>\n                <!--Optional:-->\n                <inq:dateRangeDTO>\n                    <dto:organizationName></dto:organizationName>\n                    <!--Optional:-->\n                    <dto2:endDate>\n                        <!--Optional:-->\n                        <dat:dateString>20230120000000</dat:dateString>\n                    </dto2:endDate>\n                    <!--Optional:-->\n                    <dto2:startDate>\n                        <!--Optional:-->\n                        <dat:dateString>20230119000000</dat:dateString>\n                    </dto2:startDate>\n                </inq:dateRangeDTO>\n                <!--Zero or more repetitions:-->\n                <inq:endPointIdList>ALL</inq:endPointIdList>\n                <!--Optional:-->\n                <inq:pageInformationDTO>\n                    <dto3:numberOfRecordsPerPage>100</dto3:numberOfRecordsPerPage>\n                    <dto3:pageNumber>1</dto3:pageNumber>\n                </inq:pageInformationDTO>\n                <!--Optional:-->\n                <inq:partyId>192598029</inq:partyId>\n            </fun:fundsExchangeInquiryRequestDTO>\n            <!--Zero or more repetitions:-->\n            <fun:workItemViewObjectDTO>\n            \n         </fun:workItemViewObjectDTO>\n        </fun:fetchTransactionsByEndpointFundsExchangeInquiry>\n    </soapenv:Body>\n</soapenv:Envelope>","options":{"raw":{"language":"xml"}}},"url":{"raw":"https://10.226.163.7:9444/com.ofss.fc.cz.hdfc.obp.webservice/FundsExchangeInquiryApplicationServiceSpi","protocol":"https","host":["10","226","163","7"],"port":"9444","path":["com.ofss.fc.cz.hdfc.obp.webservice","FundsExchangeInquiryApplicationServiceSpi"]}},"response":[]},{"name":"Enquire Copy","id":"88a89207-284c-44fd-b23f-ebeaa3916e4b","protocolProfileBehavior":{"disableBodyPruning":true,"disabledSystemHeaders":{"content-type":true}},"request":{"method":"POST","header":[{"key":"Content-Type","value":"text/xml","type":"default"}],"body":{"mode":"raw","raw":"<soapenv:Envelope xmlns:soapenv=\"http://schemas.xmlsoap.org/soap/envelope/\" xmlns:fun=\"http://inquiry.service.pc.appx.fc.ofss.com/FundsExchangeInquiryApplicationServiceSpi\" xmlns:con=\"http://context.app.fc.ofss.com\" xmlns:exc=\"http://exception.infra.fc.ofss.com\" xmlns:dto=\"http://dto.common.domain.framework.fc.ofss.com\" xmlns:inq=\"http://inquiry.dto.pc.app.fc.ofss.com\" xmlns:dto1=\"http://dto.account.adapter.app.fc.ofss.com\" xmlns:dto2=\"http://dto.dda.adapter.app.fc.ofss.com\" xmlns:dat=\"http://datatype.fc.ofss.com\" xmlns:dto3=\"http://dto.search.app.fc.ofss.com\" xmlns:dom=\"http://domain.framework.fc.ofss.com\">\n    <soapenv:Header/>\n    <soapenv:Body>\n        <fun:fetchTransactionsByEndpointFundsExchangeInquiry>\n            <!--Optional:-->\n            <fun:sessionContext>\n                <con:bankCode>08</con:bankCode>\n                <con:channel>BB11</con:channel>\n                <con:transactingPartyCode>192598029</con:transactingPartyCode>\n                <con:transactionBranch>089999</con:transactionBranch>\n                <con:userId>DevUser01</con:userId>\n                <con:externalReferenceNo>74da348ed1e348cdaa26992ef3f46cf2</con:externalReferenceNo>\n                <con:serviceCode>CHAPI10167</con:serviceCode>\n                <!--Zero or more repetitions:-->\n                <!--<con:bankCode>08</con:bankCode><con:channel>BIZXP</con:channel><con:externalReferenceNo>B1M9818124110631</con:externalReferenceNo><con:transactingPartyCode>113999439</con:transactingPartyCode><con:transactionBranch>089999</con:transactionBranch><con:userId>DevUser01</con:userId>-->\n            \n            </fun:sessionContext>\n            <!--Optional:-->\n            <fun:fundsExchangeInquiryRequestDTO>\n                <inq:accountInquiryRequestDTO>\n                    <!--Optional:-->\n                    <!--Optional:-->\n                    <dto1:accountId>50100000090329</dto1:accountId>\n                    <!--Optional:-->\n                    <dto1:accountType></dto1:accountType>\n                </inq:accountInquiryRequestDTO>\n                <!--Optional:-->\n                <inq:dateRangeDTO>\n                    <dto:organizationName></dto:organizationName>\n                    <!--Optional:-->\n                    <dto2:endDate>\n                        <!--Optional:-->\n                        <dat:dateString>20230120000000</dat:dateString>\n                    </dto2:endDate>\n                    <!--Optional:-->\n                    <dto2:startDate>\n                        <!--Optional:-->\n                        <dat:dateString>20230119000000</dat:dateString>\n                    </dto2:startDate>\n                </inq:dateRangeDTO>\n                <!--Zero or more repetitions:-->\n                <inq:endPointIdList>ALL</inq:endPointIdList>\n                <!--Optional:-->\n                <inq:pageInformationDTO>\n                    <dto3:numberOfRecordsPerPage>100</dto3:numberOfRecordsPerPage>\n                    <dto3:pageNumber>1</dto3:pageNumber>\n                </inq:pageInformationDTO>\n                <!--Optional:-->\n                <inq:partyId>192598029</inq:partyId>\n            </fun:fundsExchangeInquiryRequestDTO>\n            <!--Zero or more repetitions:-->\n            <fun:workItemViewObjectDTO>\n            \n         </fun:workItemViewObjectDTO>\n        </fun:fetchTransactionsByEndpointFundsExchangeInquiry>\n    </soapenv:Body>\n</soapenv:Envelope>","options":{"raw":{"language":"xml"}}},"url":{"raw":"https://10.226.163.7:9444/com.ofss.fc.cz.hdfc.obp.webservice/FundsExchangeInquiryApplicationServiceSpi","protocol":"https","host":["10","226","163","7"],"port":"9444","path":["com.ofss.fc.cz.hdfc.obp.webservice","FundsExchangeInquiryApplicationServiceSpi"]}},"response":[]},{"name":"GenericTransactionStatusInquiry","id":"57ad60ae-0c2d-44b4-a86f-17b25c1217e0","protocolProfileBehavior":{"disableBodyPruning":true,"disabledSystemHeaders":{"content-type":true}},"request":{"method":"POST","header":[{"key":"Content-Type","value":"text/xml","type":"default"}],"body":{"mode":"raw","raw":"<soapenv:Envelope xmlns:soapenv=\"http://schemas.xmlsoap.org/soap/envelope/\" xmlns:inq=\"http://inquiry.service.util.appx.cz.fc.ofss.com/\" xmlns:con=\"http://context.app.fc.ofss.com\" xmlns:exc=\"http://exception.infra.fc.ofss.com\" xmlns:dto=\"http://dto.common.domain.framework.fc.ofss.com\" xmlns:dom=\"http://domain.framework.fc.ofss.com\">\n    <soapenv:Header/>\n    <soapenv:Body>\n        <inq:genericTransactionStatusInquiry>\n            <!--Optional:-->\n            <arg0>\n                <con:bankCode>08</con:bankCode>\n                <con:channel>UPI</con:channel>\n                <con:externalReferenceNo>{{$randomBankAccount}}</con:externalReferenceNo>\n                <con:transactingPartyCode>50233130</con:transactingPartyCode>\n                <con:transactionBranch>089999</con:transactionBranch>\n                <con:userId>DevUser01</con:userId>\n            </arg0>\n            <!--Optional:-->\n            <arg1>\n                <!--Optional:-->\n                <datTxn>09/20/2021</datTxn>\n                <!--Zero or more repetitions:-->\n                <refUsrNo>925614732897</refUsrNo>\n            </arg1>\n        </inq:genericTransactionStatusInquiry>\n    </soapenv:Body>\n</soapenv:Envelope>","options":{"raw":{"language":"xml"}}},"url":{"raw":"https://10.226.163.7:9444/com.ofss.fc.cz.hdfc.obp.webservice/GenericTransactionStatusInquiry","protocol":"https","host":["10","226","163","7"],"port":"9444","path":["com.ofss.fc.cz.hdfc.obp.webservice","GenericTransactionStatusInquiry"]}},"response":[]}],"id":"5febec1f-f431-42db-a48c-30b88ab3ac7c"}]}