{"info":{"_postman_id":"c02dd89c-b129-4ba1-9f2d-fa952afa13c1","name":"MB_Rewrite_Main","schema":"https://schema.getpostman.com/json/collection/v2.1.0/collection.json"},"item":[{"name":"EPIC 1","item":[{"name":"doCreditCardGenericInquiry","event":[{"listen":"test","script":{"exec":["const responseJson1 = xml2Json(responseBody);\r","console.log(responseJson1)\r","try {\r","\r","\r","\r","\r","\r","\r","\r","\r","\r","const responseJson = xml2Json(responseBody);\r","console.log(responseJson)\r","var MSG = responseJson['PassThroughMessageQueueResponse']['status'][\"errorCode\"]\r","console.log(MSG)\r","pm.test(MSG, function () {\r","pm.expect(responseJson['PassThroughMessageQueueResponse']['status'][\"errorCode\"]).is.to.equal(\"0\");\r","})\r","\r","\r","\r","\r","\r","} catch (e) {\r","\r","\r","\r","\r","\r","\r","\r","pm.test(\"Status code is \", function () {\r","\r","\r","\r","\r","\r","pm.response.to.have.status(200);\r","\r","\r","\r","\r","\r","});\r","\r","\r","\r","\r","\r","\r","\r","\r","\r","\r","\r","\r","\r","\r","\r","\r","\r","\r","\r","}"],"type":"text/javascript","id":"aa876635-81e8-453c-ab5e-0a440973d03c"}}],"id":"a310d593-31dd-4ff5-a4f8-12f19142c33c","protocolProfileBehavior":{"disableBodyPruning":true},"request":{"method":"POST","header":[{"key":"Content-Type","name":"Content-Type","value":"application/xml","type":"text"}],"body":{"mode":"raw","raw":"<CreditCardGenericInquiryRequest>\n    <PassThroughMessageQueueRequest>\n        <requestXML>\n            <VMX_ROOT>\n                <VMX_HEADER>\n                    <MSGID>VMX.CMS.MOBILE.DET.INQ</MSGID>\n                    <VERSION>R8V1</VERSION>\n                    <CLIENTID>00001</CLIENTID>\n                    <CORRELID>1234</CORRELID>\n                    <CONTEXT>00001HDFCVMX</CONTEXT>\n                    <NAME>00001HDFCVMX</NAME>\n                </VMX_HEADER>\n                <VMX_MSGIN>\n                    <CONTEXT>00001HDFCVMX</CONTEXT>\n                    <SIGNON_NAME>00001HDFCVMX</SIGNON_NAME>\n                    <MOB_NBR>8229584545</MOB_NBR>\n                    <LOGO></LOGO>\n                </VMX_MSGIN>\n            </VMX_ROOT>\n        </requestXML>\n    </PassThroughMessageQueueRequest>\n    <sessionContext>\n        <bankCode>08</bankCode>\n        <channel>APIGW</channel>\n        <externalReferenceNo>{{$timestamp}}</externalReferenceNo>\n        <transactingPartyCode>50000045</transactingPartyCode>\n        <userId>CXH_USER</userId>\n        <transactionBranch>089999</transactionBranch>\n    </sessionContext>\n</CreditCardGenericInquiryRequest>"},"url":{"raw":"{{obp_url}}/com.ofss.fc.cz.hdfc.obp.vp.webservice/CreditCardGenericInquiry/doCreditCardGenericInquiry","host":["{{obp_url}}"],"path":["com.ofss.fc.cz.hdfc.obp.vp.webservice","CreditCardGenericInquiry","doCreditCardGenericInquiry"]}},"response":[]},{"name":"inquireLMSLoanCustomerDemo","event":[{"listen":"test","script":{"exec":["const responseJson1 = xml2Json(responseBody);\r","console.log(responseJson1)\r","try {\r","\r","\r","\r","\r","\r","\r","\r","\r","\r","const responseJson = xml2Json(responseBody);\r","console.log(responseJson)\r","var MSG = responseJson['S:Envelope']['S:Body']['ns11:inquireLMSLoanCustomerDemoResponse']['return']['responseservice:status'][\"responseservice:errorCode\"]\r","console.log(MSG)\r","pm.test(MSG, function () {\r","pm.expect(responseJson['S:Envelope']['S:Body']['ns11:inquireLMSLoanCustomerDemoResponse']['return']['responseservice:status'][\"responseservice:errorCode\"]).is.to.equal(\"0\");\r","})\r","\r","\r","\r","\r","\r","} catch (e) {\r","\r","\r","\r","\r","\r","\r","\r","pm.test(\"Status code is \", function () {\r","\r","\r","\r","\r","\r","pm.response.to.have.status(200);\r","\r","\r","\r","\r","\r","});\r","\r","\r","\r","\r","\r","\r","\r","\r","\r","\r","\r","\r","\r","\r","\r","\r","\r","\r","\r","}"],"type":"text/javascript","id":"4a8a0f82-c8bf-45b6-b179-66b61757419a"}}],"id":"065e2eca-4c28-426b-a15a-454ab350e733","protocolProfileBehavior":{"disabledSystemHeaders":{"content-type":true},"disableBodyPruning":true},"request":{"method":"POST","header":[{"key":"Content-Type","name":"Content-Type","value":"text/xml","type":"text"}],"body":{"mode":"raw","raw":"<soapenv:Envelope xmlns:soapenv=\"http://schemas.xmlsoap.org/soap/envelope/\" xmlns:inq=\"http://inquiry.service.loan.appx.cz.fc.ofss.com/\" xmlns:con=\"http://context.app.fc.ofss.com\" xmlns:exc=\"http://exception.infra.fc.ofss.com\" xmlns:dat=\"http://datatype.fc.ofss.com\" xmlns:dto=\"http://dto.common.domain.framework.fc.ofss.com\" xmlns:dom=\"http://domain.framework.fc.ofss.com\">\r\n    <soapenv:Header/>\r\n    <soapenv:Body>\r\n        <inq:inquireLMSLoanCustomerDemo>\r\n            <arg0>\r\n                <con:bankCode>08</con:bankCode>\r\n                <con:channel>CXH</con:channel>\r\n                <con:transactingPartyCode>50000011</con:transactingPartyCode>\r\n                <con:transactionBranch>089999</con:transactionBranch>\r\n                <con:userId>IB01_USER</con:userId>\r\n                <con:externalReferenceNo>{{$randomBankAccount}}</con:externalReferenceNo>\r\n            </arg0>\r\n            <arg1>\r\n                <lmsRequest>\r\n                    <![CDATA[                    \r\n                    <?xml version=\"1.0\"?><MobileIn><HeaderInfo><TransactionId>789987</TransactionId><ServiceRequestId>42</ServiceRequestId></HeaderInfo><InputParameters><Mobile>9920468215</Mobile></InputParameters>\r\n                    </MobileIn>]]>        \r\n        \r\n        </lmsRequest>\r\n    </arg1>\r\n</inq:inquireLMSLoanCustomerDemo>\r\n</soapenv:Body>\r\n</soapenv:Envelope>"},"url":{"raw":"{{obp_url}}/com.ofss.fc.cz.hdfc.obp.lms.webservice/LMSLoanCustomerDemo","host":["{{obp_url}}"],"path":["com.ofss.fc.cz.hdfc.obp.lms.webservice","LMSLoanCustomerDemo"]}},"response":[]},{"name":"doCustomerDetailsBasedOnMobileNo","event":[{"listen":"test","script":{"exec":["const responseJson1 = xml2Json(responseBody);\r","console.log(responseJson1)\r","try {\r","\r","\r","\r","\r","\r","\r","\r","\r","\r","const responseJson = xml2Json(responseBody);\r","console.log(responseJson)\r","var MSG = responseJson['S:Envelope']['S:Body']['ns11:doCustomerDetailsBasedOnMobileNoResponse']['return']['responseservice:status'][\"responseservice:errorCode\"]\r","console.log(MSG)\r","pm.test(MSG, function () {\r","pm.expect(responseJson['S:Envelope']['S:Body']['ns11:doCustomerDetailsBasedOnMobileNoResponse']['return']['responseservice:status'][\"responseservice:errorCode\"]).is.to.equal(\"0\");\r","})\r","\r","\r","\r","\r","\r","} catch (e) {\r","\r","\r","\r","\r","\r","\r","\r","pm.test(\"Status code is \", function () {\r","\r","\r","\r","\r","\r","pm.response.to.have.status(200);\r","\r","\r","\r","\r","\r","});\r","\r","\r","\r","\r","\r","\r","\r","\r","\r","\r","\r","\r","\r","\r","\r","\r","\r","\r","\r","}"],"type":"text/javascript","id":"f43e3a11-a365-4a93-8654-02e7fc9cda15"}}],"id":"94082a1f-43f9-4f8d-ba39-ce4c3a3d35f5","protocolProfileBehavior":{"disableBodyPruning":true},"request":{"method":"POST","header":[{"key":"Content-Type","value":"text/xml"}],"body":{"mode":"raw","raw":"<soapenv:Envelope xmlns:soapenv=\"http://schemas.xmlsoap.org/soap/envelope/\" xmlns:inq=\"http://inquiry.service.party.appx.cz.fc.ofss.com/\" xmlns:con=\"http://context.app.fc.ofss.com\" xmlns:exc=\"http://exception.infra.fc.ofss.com\" xmlns:dto=\"http://dto.common.domain.framework.fc.ofss.com\" xmlns:dom=\"http://domain.framework.fc.ofss.com\">\r\n   <soapenv:Header/>\r\n   <soapenv:Body>\r\n      <inq:doCustomerDetailsBasedOnMobileNo>\r\n         <!--Optional:-->\r\n         <arg0>\r\n            <con:bankCode>08</con:bankCode>\r\n            <con:channel>UPI</con:channel>\r\n            <con:externalReferenceNo>{{$timestamp}}</con:externalReferenceNo>\r\n            <con:transactingPartyCode>50235373</con:transactingPartyCode>\r\n            <con:transactionBranch>089999</con:transactionBranch>\r\n            <con:userId>UPI_USER</con:userId>\r\n         </arg0>\r\n         <!--Optional:-->\r\n         <arg1>\r\n            <!--Zero or more repetitions:-->\r\n            <!--Optional:-->\r\n            <dto:organizationName/>\r\n            <!--Optional:-->\r\n            <mobileNumber>8108001375</mobileNumber>\r\n         </arg1>\r\n      </inq:doCustomerDetailsBasedOnMobileNo>\r\n   </soapenv:Body>\r\n</soapenv:Envelope>"},"url":{"raw":"{{obp_url}}/com.ofss.fc.cz.hdfc.obp.webservice/CustomerDetailsBasedOnMobileNoApplicationServiceSpi","host":["{{obp_url}}"],"path":["com.ofss.fc.cz.hdfc.obp.webservice","CustomerDetailsBasedOnMobileNoApplicationServiceSpi"]}},"response":[]},{"name":"doCreditCardDetailsWithMobileNumberAndCardNumber","event":[{"listen":"test","script":{"exec":["try {\r","const responseJson = pm.response.json();\r","console.log(responseJson)\r","var MSG=responseJson.status.errorCode\r","\r","console.log(MSG)\r","pm.test(MSG, function () {\r","pm.expect(responseJson.status.errorCode).is.to.equal(\"0\");\r","\r","})\r","}\r","catch(e)\r","{\r","\r","   var response = responseBody;\r","\r","     pm.test(\"response is \"+response, function () {\r","\r","        pm.expect(pm.response.code).to.equal(200).to.be.false;\r","\r","     })\r","  \r","\r","\r","\r","}\r",""],"type":"text/javascript","id":"b9e2afbe-d5cb-4d0a-9201-464c84ebc05d"}}],"id":"d38ceb5f-6aab-4a5d-a1a2-0a16dbfb1146","protocolProfileBehavior":{"disableBodyPruning":true},"request":{"method":"POST","header":[],"body":{"mode":"raw","raw":"{\r\n  \"CreditCardDetailsWithMobileNumberAndCardNumberRequestDTO\" : {\r\n    \"requestString\" : {\r\n      \"VMX_ROOT\" : {\r\n        \"VMX_HEADER\" : {\r\n          \"MSGID\" : \"VMX.CMS.CARDS.DTL.INQ\",\r\n          \"VERSION\" : \"R8V1\",\r\n          \"CLIENTID\" : 1,\r\n          \"CORRELID\" : 1234,\r\n          \"CONTEXT\" : \"00001HDFCVMX\",\r\n          \"NAME\" : \"00001HDFCVMX\"\r\n        },\r\n        \"VMX_MSGIN\" : {\r\n          \"CONTEXT\" : \"00001HDFCVMX\",\r\n          \"SIGNON_NAME\" : \"00001HDFCVMX\",\r\n          \"MOB_NBR\" : \"9999999999\",\r\n          \"CRD\" : \"8303\",\r\n          \"AAN\" : \"\",\r\n          \"CUST_ID\" : \"\"\r\n        }\r\n      }\r\n    }\r\n  },\r\n  \"sessionContext\" : {\r\n    \"bankCode\" : \"08\",\r\n    \"channel\" : \"APIGW\",\r\n    \"externalReferenceNo\" : \"{{$randomBankAccount}}\",\r\n    \"transactingPartyCode\" : \"50000045\",\r\n    \"transactionBranch\" : \"089999\",\r\n    \"userId\" : \"DevUser01\"\r\n  }\r\n}","options":{"raw":{"language":"json"}}},"url":{"raw":"{{obp_url}}/com.ofss.fc.cz.hdfc.obp.vp.webservice/FetchCreditCardDetails/doCreditCardDetailsWithMobileNumberAndCardNumber","host":["{{obp_url}}"],"path":["com.ofss.fc.cz.hdfc.obp.vp.webservice","FetchCreditCardDetails","doCreditCardDetailsWithMobileNumberAndCardNumber"]}},"response":[]}],"id":"76304add-0926-4cc9-a362-9074867a7707"},{"name":"EPIC 2","item":[{"name":"fetchCASASummary","event":[{"listen":"test","script":{"exec":["\r","const responseJson = xml2Json(responseBody);\r","\r","\r","\r","\r","\r","console.log(responseJson)\r","\r","\r","\r","\r","\r","var MSG=responseJson['S:Envelope']['S:Body']['ns109:fetchCasaSummaryResponse']['return']['responseservice:status'][\"responseservice:errorCode\"]\r","\r","\r","\r","\r","\r","\r","console.log(MSG)\r","\r","\r","\r","\r","\r","pm.test(MSG, function () {\r","pm.expect(responseJson['S:Envelope']['S:Body']['ns109:fetchCasaSummaryResponse']['return']['responseservice:status'][\"responseservice:errorCode\"]).is.to.equal(\"0\");})\r","pm.environment.get(\"variable_key\");"],"type":"text/javascript","id":"61ce82e0-30be-4c6d-9252-a1c762055252"}}],"id":"b3d74407-ef9e-4e5e-bc42-fd8b123d5a93","protocolProfileBehavior":{"disableBodyPruning":true},"request":{"method":"POST","header":[{"key":"Content-Type","name":"Content-Type","value":"text/xml","type":"text"}],"body":{"mode":"raw","raw":"<soapenv:Envelope xmlns:soapenv=\"http://schemas.xmlsoap.org/soap/envelope/\" xmlns:inq=\"http://inquiry.service.dda.appx.cz.fc.ofss.com/\" xmlns:con=\"http://context.app.fc.ofss.com\" xmlns:exc=\"http://exception.infra.fc.ofss.com\" xmlns:dat=\"http://datatype.fc.ofss.com\" xmlns:dto=\"http://dto.common.domain.framework.fc.ofss.com\" xmlns:dom=\"http://domain.framework.fc.ofss.com\">\r\n   <soapenv:Header/>\r\n   <soapenv:Body>\r\n      <inq:fetchCasaSummary>\r\n         <!--Optional:-->\r\n         <arg0>\r\n             <con:bankCode>08</con:bankCode>\r\n            <con:channel>BIZXP</con:channel>\r\n             <con:transactingPartyCode>50000037</con:transactingPartyCode>\r\n            <con:externalReferenceNo>{{$timestamp}}</con:externalReferenceNo>\r\n            <con:transactionBranch>089999</con:transactionBranch>\r\n            <con:userId>DevUser01</con:userId>\r\n         </arg0>\r\n \r\n         <arg1>\r\n            <customerId>50000037</customerId>\r\n         </arg1>\r\n       \r\n      </inq:fetchCasaSummary>\r\n   </soapenv:Body>\r\n</soapenv:Envelope>\r\n"},"url":{"raw":"{{obp_url}}/com.ofss.fc.cz.hdfc.obp.webservice/CurrencyWiseAccountSummary","host":["{{obp_url}}"],"path":["com.ofss.fc.cz.hdfc.obp.webservice","CurrencyWiseAccountSummary"]}},"response":[]},{"name":"doValidatePIN","event":[{"listen":"test","script":{"exec":["try {\r","const responseJson = xml2Json(responseBody);\r","console.log(responseJson)\r","var MSG=responseJson['S:Envelope']['S:Body']['ns11:doValidatePINResponse']['return']['responseservice:status'][\"responseservice:errorCode\"]\r","console.log(MSG)\r","pm.test(MSG, function () {\r","pm.expect(responseJson['S:Envelope']['S:Body']['ns11:doValidatePINResponse']['return']['responseservice:status'][\"responseservice:errorCode\"]).is.to.equal(\"0\");})\r","\r","\r","\r","}\r","catch(e)\r","{\r","\r","\r","\r","var response = responseBody;\r","\r","\r","\r","pm.test(\"response is \"+response, function () {\r","\r","\r","\r","pm.expect(pm.response.code).to.equal(200).to.be.false;\r","\r","\r","\r","})\r","\r","\r","\r","\r","\r","}\r","//postman.setNextRequest(req[fcount]);"],"type":"text/javascript","id":"b4d93fee-356a-4560-9b1c-57ee606120ec"}}],"id":"d9884f69-4fa2-4455-8e1c-82a97796e79f","protocolProfileBehavior":{"disableBodyPruning":true},"request":{"method":"POST","header":[{"key":"Content-Type","name":"Content-Type","value":"text/xml","type":"text"}],"body":{"mode":"raw","raw":"<soapenv:Envelope xmlns:soapenv=\"http://schemas.xmlsoap.org/soap/envelope/\">\n    <soapenv:Body>\n        <ns9:doValidatePIN xmlns:ns13=\"http://enumeration.fc.ofss.com\" xmlns:ns12=\"http://feeaccrual.dto.pricing.app.fc.ofss.com\" xmlns:ns11=\"http://dto.datatype.fc.ofss.com\" xmlns:ns10=\"http://earmark.account.dto.dda.app.fc.ofss.com\" xmlns:ns9=\"http://transaction.service.snorkelauth.appx.cz.fc.ofss.com/\" xmlns:ns8=\"http://domain.framework.fc.ofss.com\" xmlns:ns7=\"http://error.validation.infra.fc.ofss.com\" xmlns:ns6=\"http://response.service.fc.ofss.com\" xmlns:ns5=\"http://dto.common.domain.framework.fc.ofss.com\" xmlns:ns4=\"http://datatype.fc.ofss.com\" xmlns:ns3=\"http://context.app.fc.ofss.com\" xmlns:ns2=\"http://exception.infra.fc.ofss.com\">\n            <arg0>\n                <ns3:allModeSelected>false</ns3:allModeSelected>\n                <ns3:bankCode>08</ns3:bankCode>\n                <ns3:channel>BB11</ns3:channel>\n                <ns3:externalBatchNumber>0</ns3:externalBatchNumber>\n                <ns3:externalReferenceNo>{{$timestamp}}</ns3:externalReferenceNo>\n                <ns3:externalSystemAuditTrailNumber>0</ns3:externalSystemAuditTrailNumber>\n                <ns3:transactingPartyCode>2314324</ns3:transactingPartyCode>\n                <ns3:transactionBranch>089999</ns3:transactionBranch>\n                <ns3:userId>DevUser01</ns3:userId>\n            </arg0>\n            <arg1>\n                <application>backbase_net</application>\n                <channelid>internet_pc</channelid>\n                <keyid>backbase_net_key_1</keyid>\n                <pin>+Oc9s77m5srjW9iteVtYnw==</pin>\n                <requesttime>1590992152</requesttime>\n                <userid1>189000363</userid1>\n            </arg1>\n        </ns9:doValidatePIN>\n    </soapenv:Body>\n</soapenv:Envelope>"},"url":{"raw":"{{obp_url}}/com.ofss.fc.cz.hdfc.obp.snorkelauth.webservice/ValidatePIN","host":["{{obp_url}}"],"path":["com.ofss.fc.cz.hdfc.obp.snorkelauth.webservice","ValidatePIN"]}},"response":[]},{"name":"inquireRmDetails","event":[{"listen":"test","script":{"exec":["const responseJson = xml2Json(responseBody);\r","\r","console.log(responseJson)\r","\r"," var MSG=responseJson['S:Envelope']['S:Body']['ns10:inquireRmDetailsResponse'].return['responseservice:status'][\"responseservice:errorCode\"]\r","\r","\r","console.log(MSG)\r","\r","pm.test(MSG, function () {\r","        pm.expect(responseJson['S:Envelope']['S:Body']['ns10:inquireRmDetailsResponse'].return['responseservice:status'][\"responseservice:errorCode\"]).is.to.equal(\"0\");})\r","        // console.log(responseJson);\r","\r","// console.log(\"hhi\")"],"type":"text/javascript","id":"e2162df5-b568-4469-b048-c3ba81729ab7"}}],"id":"9d997cfd-e7bb-4ab5-950f-62f938d9bfc7","protocolProfileBehavior":{"disabledSystemHeaders":{"content-type":true},"disableBodyPruning":true},"request":{"method":"POST","header":[{"key":"Content-Type","name":"Content-Type","value":"text/xml","type":"text"}],"body":{"mode":"raw","raw":"<soapenv:Envelope xmlns:soapenv=\"http://schemas.xmlsoap.org/soap/envelope/\" xmlns:inq=\"http://inquiry.service.dda.appx.cz.fc.ofss.com/\" xmlns:con=\"http://context.app.fc.ofss.com\" xmlns:exc=\"http://exception.infra.fc.ofss.com\" xmlns:dat=\"http://datatype.fc.ofss.com\" xmlns:dom=\"http://domain.framework.fc.ofss.com\" xmlns:dto=\"http://dto.common.domain.framework.fc.ofss.com\">\r\n    <soapenv:Header/>\r\n    <soapenv:Body>\r\n        <inq:inquireRmDetails>\r\n            <arg0>\r\n                <con:bankCode>08</con:bankCode>\r\n                <con:channel>CXH</con:channel>\r\n                <con:transactionBranch>089999</con:transactionBranch>\r\n                <con:externalReferenceNo>{{$timestamp}}</con:externalReferenceNo>\r\n                <con:userId>DevUser01</con:userId>\r\n                <con:transactingPartyCode>50285226</con:transactingPartyCode>\r\n            </arg0>\r\n            <arg1>\r\n                <customerId>50236362</customerId>\r\n            </arg1>\r\n        </inq:inquireRmDetails>\r\n    </soapenv:Body>\r\n</soapenv:Envelope>"},"url":{"raw":"{{obp_url}}/com.ofss.fc.cz.hdfc.obp.webservice/InquireRmDetails","host":["{{obp_url}}"],"path":["com.ofss.fc.cz.hdfc.obp.webservice","InquireRmDetails"]}},"response":[]},{"name":"casaSummarySpi","event":[{"listen":"test","script":{"exec":["\r","try {\r","const responseJson = pm.response.json();\r","console.log(responseJson)\r","var MSG=responseJson.status.errorCode\r","\r","console.log(MSG)\r","pm.test(MSG, function () {\r","pm.expect(responseJson.status.errorCode).is.to.equal(\"0\");\r","\r","})\r","}\r","catch(e)\r","{\r","\r","   var response = responseBody;\r","\r","     pm.test(\"response is \"+response, function () {\r","\r","        pm.expect(pm.response.code).to.equal(200).to.be.false;\r","\r","     })\r","  \r","\r","\r","\r","}\r",""],"type":"text/javascript","id":"a2cf5852-f324-4c29-ad08-89f755d5fd4a"}}],"id":"1829f6f4-698f-47a6-a3fd-f0d24ff703ae","protocolProfileBehavior":{"disabledSystemHeaders":{"content-type":true},"disableBodyPruning":true},"request":{"method":"POST","header":[{"key":"Content-Type","name":"Content-Type","value":"text/xml","type":"text"}],"body":{"mode":"raw","raw":"<soapenv:Envelope xmlns:soapenv=\"http://schemas.xmlsoap.org/soap/envelope/\" xmlns:inq=\"http://inquiry.service.dda.appx.cz.fc.ofss.com/\" xmlns:con=\"http://context.app.fc.ofss.com\" xmlns:exc=\"http://exception.infra.fc.ofss.com\" xmlns:dat=\"http://datatype.fc.ofss.com\" xmlns:dom=\"http://domain.framework.fc.ofss.com\" xmlns:dto=\"http://dto.common.domain.framework.fc.ofss.com\">\r\n   <soapenv:Header/>\r\n   <soapenv:Body>\r\n      <inq:getCustomerAccounts>\r\n         <arg0>\r\n            <con:bankCode>08</con:bankCode>\r\n            <con:channel>CXH</con:channel>\r\n            <!-- <con:serviceCode>SIN</con:serviceCode> -->\r\n            <con:transactingPartyCode>50028787</con:transactingPartyCode>\r\n            <con:transactionBranch>089999</con:transactionBranch>\r\n            <con:userId>IB01_USER</con:userId>\r\n            <con:externalReferenceNo>{{$randomBankAccount}}</con:externalReferenceNo>\r\n         </arg0>\r\n         <arg1>\r\n            <customerId>444928444</customerId>\r\n         </arg1>\r\n      </inq:getCustomerAccounts>\r\n   </soapenv:Body>\r\n</soapenv:Envelope>"},"url":{"raw":"{{obp_url}}/com.ofss.fc.cz.hdfc.obp.webservice/casaSummarySpi?wsdl","host":["{{obp_url}}"],"path":["com.ofss.fc.cz.hdfc.obp.webservice","casaSummarySpi"],"query":[{"key":"wsdl","value":""}]}},"response":[]},{"name":"casaBasicBalanceInquiry","event":[{"listen":"test","script":{"exec":["try {\r","const responseJson = pm.response.json();\r","console.log(responseJson)\r","var MSG=responseJson.status.errorCode\r","\r","console.log(MSG)\r","pm.test(MSG, function () {\r","pm.expect(responseJson.status.errorCode).is.to.equal(\"0\");\r","\r","})\r","}\r","catch(e)\r","{\r","\r","   var response = responseBody;\r","\r","     pm.test(\"response is \"+response, function () {\r","\r","        pm.expect(pm.response.code).to.equal(200).to.be.false;\r","\r","     })\r","  \r","\r","\r","\r","}\r",""],"type":"text/javascript","id":"b828314a-3775-45f0-8b31-48cb5e9effce"}}],"id":"1c708d40-a433-470e-8b7b-59e38233443c","protocolProfileBehavior":{"disableBodyPruning":true},"request":{"method":"POST","header":[],"body":{"mode":"raw","raw":"{\r\n    \"sessionContext\": {\r\n        \"bankCode\": \"08\",\r\n        \"channel\": \"BB11\",\r\n        \"userId\": \"DevUser01\",\r\n        \"transactionBranch\": \"089999\",\r\n        \"externalReferenceNo\": \"1245786569\",\r\n        \"transactingPartyCode\": \"50000012\",\r\n        \"serviceCode\": \"CHAPI10906\",\r\n        \"userReferenceNumber\": \"BALINQ001\"\r\n    },\r\n    \"CASABasicBalanceInquiryRequestDTO\": {\r\n        \"accountNo\": \"01601050066674\",\r\n        \"partnerId\": \"\"\r\n    }\r\n}","options":{"raw":{"language":"json"}}},"url":{"raw":"{{obp_url}}/com.ofss.fc.cz.hdfc.obp.webservice/CASABasicBalanceInquiryRestService/CASABasicBalanceInquiryRestWrapper","host":["{{obp_url}}"],"path":["com.ofss.fc.cz.hdfc.obp.webservice","CASABasicBalanceInquiryRestService","CASABasicBalanceInquiryRestWrapper"]}},"response":[]},{"name":"fetchPartyDetails","event":[{"listen":"test","script":{"exec":["const responseJson1 = xml2Json(responseBody);\r","console.log(responseJson1)\r","try {\r","const responseJson = xml2Json(responseBody);\r","console.log(responseJson)\r","var MSG = responseJson['S:Envelope']['S:Body']['ns77:fetchPartyDetailsPartyResponse']['ns77:return']['responseservice:status'][\"responseservice:errorCode\"]\r","console.log(MSG)\r","pm.test(MSG, function () {\r","pm.expect(responseJson['S:Envelope']['S:Body']['ns77:fetchPartyDetailsPartyResponse']['ns77:return']['responseservice:status'][\"responseservice:errorCode\"]).is.to.equal(\"0\");\r","})\r","} catch (e) {\r","pm.test(\"Status code is \", function () {\r","pm.response.to.have.status(200);\r","});\r","}"],"type":"text/javascript","id":"075e4f96-fe50-4304-864e-c1dec202a9a9"}}],"id":"81cd2528-4c98-4109-9394-096b6ea189cc","protocolProfileBehavior":{"disabledSystemHeaders":{"content-type":true},"disableBodyPruning":true},"request":{"method":"POST","header":[],"body":{"mode":"raw","raw":"<soapenv:Envelope xmlns:soapenv=\"http://schemas.xmlsoap.org/soap/envelope/\">\r\n    <soapenv:Body>\r\n        <ns42:fetchPartyDetailsParty xmlns:ns53=\"http://relation.party.enumeration.fc.ofss.com\" xmlns:ns52=\"http://template.finance.party.enumeration.fc.ofss.com\" xmlns:ns51=\"http://finance.party.enumeration.fc.ofss.com\" xmlns:ns50=\"http://fatca.party.enumeration.fc.ofss.com\" xmlns:ns49=\"http://duediligence.party.enumeration.fc.ofss.com\" xmlns:ns48=\"http://party.enumeration.fc.ofss.com\" xmlns:ns47=\"http://collaterals.lcm.enumeration.fc.ofss.com\" xmlns:ns46=\"http://content.enumeration.fc.ofss.com\" xmlns:ns45=\"http://commonservice.enumeration.fc.ofss.com\" xmlns:ns44=\"http://enumeration.fc.ofss.com\" xmlns:ns43=\"http://domain.framework.fc.ofss.com\" xmlns:ns42=\"http://core.service.party.appx.fc.ofss.com/PartyApplicationServiceSpi\" xmlns:ns41=\"http://customer.role.dto.party.app.fc.ofss.com\" xmlns:ns40=\"http://kyc.dto.party.app.fc.ofss.com\" xmlns:ns39=\"http://datatype.statement.profile.finance.dto.party.app.fc.ofss.com\" xmlns:ns38=\"http://nature.template.financial.dto.party.app.fc.ofss.com\" xmlns:ns37=\"http://template.financial.dto.party.app.fc.ofss.com\" xmlns:ns36=\"http://category.template.financial.dto.party.app.fc.ofss.com\" xmlns:ns35=\"http://statement.profile.finance.dto.party.app.fc.ofss.com\" xmlns:ns34=\"http://liability.profile.finance.dto.party.app.fc.ofss.com\" xmlns:ns33=\"http://income.profile.finance.dto.party.app.fc.ofss.com\" xmlns:ns32=\"http://expense.profile.finance.dto.party.app.fc.ofss.com\" xmlns:ns31=\"http://asset.profile.finance.dto.party.app.fc.ofss.com\" xmlns:ns30=\"http://summary.financial.dto.party.app.fc.ofss.com\" xmlns:ns29=\"http://profile.finance.dto.party.app.fc.ofss.com\" xmlns:ns28=\"http://duediligence.dto.party.app.fc.ofss.com\" xmlns:ns27=\"http://error.validation.infra.fc.ofss.com\" xmlns:ns26=\"http://response.service.fc.ofss.com\" xmlns:ns25=\"http://global.organization.dto.party.app.fc.ofss.com\" xmlns:ns24=\"http://relation.dto.party.app.fc.ofss.com\" xmlns:ns23=\"http://organization.dto.party.app.fc.ofss.com\" xmlns:ns22=\"http://identity.dto.party.app.fc.ofss.com\" xmlns:ns21=\"http://trust.dto.party.app.fc.ofss.com\" xmlns:ns20=\"http://lastactivity.dto.party.app.fc.ofss.com\" xmlns:ns19=\"http://fatca.core.dto.party.app.fc.ofss.com\" xmlns:ns18=\"http://role.dto.party.app.fc.ofss.com\" xmlns:ns17=\"http://global.dto.party.app.fc.ofss.com\" xmlns:ns16=\"http://core.dto.party.app.fc.ofss.com\" xmlns:ns15=\"http://individual.dto.party.app.fc.ofss.com\" xmlns:ns14=\"http://contact.dto.party.app.fc.ofss.com\" xmlns:ns13=\"http://application.core.dto.origination.app.fc.ofss.com\" xmlns:ns12=\"http://identity.dto.sms.app.fc.ofss.com\" xmlns:ns11=\"http://applicant.core.dto.origination.app.fc.ofss.com\" xmlns:ns10=\"http://exception.infra.fc.ofss.com\" xmlns:ns9=\"http://context.app.fc.ofss.com\" xmlns:ns8=\"http://linkage.reasoncode.dto.core.commonservice.app.fc.ofss.com\" xmlns:ns7=\"http://feeaccrual.dto.pricing.app.fc.ofss.com\" xmlns:ns6=\"http://dto.datatype.fc.ofss.com\" xmlns:ns5=\"http://earmark.account.dto.dda.app.fc.ofss.com\" xmlns:ns4=\"http://datatype.fc.ofss.com\" xmlns:ns3=\"http://consent.dto.core.commonservice.app.fc.ofss.com\" xmlns:ns2=\"http://dto.common.domain.framework.fc.ofss.com\">\r\n            <ns42:sessionContext>\r\n                <ns9:allModeSelected>false</ns9:allModeSelected>\r\n                <ns9:bankCode>08</ns9:bankCode>\r\n                <ns9:channel>BB53</ns9:channel>\r\n                <ns9:externalBatchNumber>0</ns9:externalBatchNumber>\r\n                <ns9:externalReferenceNo>{{$timestamp}}</ns9:externalReferenceNo>\r\n                <ns9:externalSystemAuditTrailNumber>0</ns9:externalSystemAuditTrailNumber>\r\n                <ns9:transactingPartyCode>444932444</ns9:transactingPartyCode>\r\n                <ns9:transactionBranch>089999</ns9:transactionBranch>\r\n                <ns9:userId>DevUser01</ns9:userId>\r\n            </ns42:sessionContext>\r\n            <ns42:partyDTO>\r\n                <ns2:generatedPackageId>false</ns2:generatedPackageId>\r\n                <ns16:blacklisted>false</ns16:blacklisted>\r\n                <ns16:partyKeyDTO>\r\n                    <ns16:partyId>50196363</ns16:partyId>\r\n                </ns16:partyKeyDTO>\r\n            </ns42:partyDTO>\r\n            <ns42:workItemViewObjectDTO/>\r\n        </ns42:fetchPartyDetailsParty>\r\n    </soapenv:Body>\r\n</soapenv:Envelope>","options":{"raw":{"language":"xml"}}},"url":{"raw":"{{obp_url}}/com.ofss.fc.cz.hdfc.obp.webservice/PartyApplicationServiceSpi","host":["{{obp_url}}"],"path":["com.ofss.fc.cz.hdfc.obp.webservice","PartyApplicationServiceSpi"]}},"response":[]},{"name":"viewAccountStatement","event":[{"listen":"test","script":{"exec":["try {\r","    const responseJson = xml2Json(responseBody);\r","    console.log(responseJson)\r","    var MSG = responseJson['S:Envelope']['S:Body']['ns10:viewAccountStatementResponse']['return']['responseservice:status'][\"responseservice:errorCode\"]\r","    console.log(MSG)\r","    pm.test(MSG, function () {\r","        pm.expect(responseJson['S:Envelope']['S:Body']['ns10:viewAccountStatementResponse']['return']['responseservice:status'][\"responseservice:errorCode\"]).is.to.equal(\"0\");\r","    })\r","}\r","catch (e) {\r","    var response = responseBody;\r","    pm.test(\"response is \" + response, function () {\r","        pm.expect(pm.response.code).to.equal(200).to.be.false;\r","    })\r","}\r","//postman.setNextRequest(req[fcount]);"],"type":"text/javascript","id":"68aca55e-d152-42c5-b40f-fdf640394707"}}],"id":"a8e3a5de-a8c9-4619-841d-36b1faca2cc0","protocolProfileBehavior":{"disabledSystemHeaders":{"content-type":true},"disableBodyPruning":true},"request":{"method":"POST","header":[],"body":{"mode":"raw","raw":"<soapenv:Envelope xmlns:soapenv=\"http://schemas.xmlsoap.org/soap/envelope/\" xmlns:inq=\"http://inquiry.service.dda.appx.cz.fc.ofss.com/\" xmlns:con=\"http://context.app.fc.ofss.com\" xmlns:exc=\"http://exception.infra.fc.ofss.com\" xmlns:dat=\"http://datatype.fc.ofss.com\" xmlns:dom=\"http://domain.framework.fc.ofss.com\" xmlns:dto=\"http://dto.common.domain.framework.fc.ofss.com\">\r\n    <soapenv:Header/>\r\n    <soapenv:Body>\r\n        <inq:viewAccountStatement>\r\n            <arg0>\r\n                <con:bankCode>08</con:bankCode>\r\n                <con:channel>IB01</con:channel>\r\n                <con:serviceCode>CHAPI10070</con:serviceCode>\r\n                <con:transactingPartyCode>50028787</con:transactingPartyCode>\r\n                <con:externalReferenceNo>{{$timestamp}}</con:externalReferenceNo>\r\n                <con:transactionBranch>089999</con:transactionBranch>\r\n                <con:userId>IB01_USER</con:userId>\r\n            </arg0>\r\n            <arg1>\r\n                <accountNumber>50100101210859</accountNumber>\r\n                <customerId>195809309</customerId>\r\n                <dateStmtFrom>01/06/2019</dateStmtFrom>\r\n                <dateStmtTo>25/06/2019</dateStmtTo>\r\n                <txnType>A</txnType>\r\n            </arg1>\r\n        </inq:viewAccountStatement>\r\n    </soapenv:Body>\r\n</soapenv:Envelope>","options":{"raw":{"language":"xml"}}},"url":{"raw":"{{obp_url}}/com.ofss.fc.cz.hdfc.obp.webservice/AccountStatementSpi?wsdl","host":["{{obp_url}}"],"path":["com.ofss.fc.cz.hdfc.obp.webservice","AccountStatementSpi"],"query":[{"key":"wsdl","value":""}]}},"response":[]},{"name":"doStatementDownload","event":[{"listen":"test","script":{"exec":["const responseJson1 = xml2Json(responseBody);\r","console.log(responseJson1)\r","try {\r","    const responseJson = xml2Json(responseBody);\r","    console.log(responseJson)\r","    var MSG = responseJson['S:Envelope']['S:Body']['ns10:doStatementDownloadApplicationServiceResponse']['return']['responseservice:status'][\"responseservice:errorCode\"]\r","    console.log(MSG)\r","    pm.test(MSG, function () {\r","        pm.expect(responseJson['S:Envelope']['S:Body']['ns10:doStatementDownloadApplicationServiceResponse']['return']['responseservice:status'][\"responseservice:errorCode\"]).is.to.equal(\"0\");\r","    })\r","} catch (e) {\r","    pm.test(\"Status code is \", function () {\r","        pm.response.to.have.status(200);\r","    });\r","}\r",""],"type":"text/javascript","id":"54bef34c-4d67-4679-a349-5815a79c96de"}}],"id":"5fea2945-1eef-46ea-bfbc-965e1d01aa2f","protocolProfileBehavior":{"disabledSystemHeaders":{"content-type":true},"disableBodyPruning":true},"request":{"method":"POST","header":[],"body":{"mode":"raw","raw":"<soapenv:Envelope xmlns:soapenv=\"http://schemas.xmlsoap.org/soap/envelope/\" xmlns:inq=\"http://inquiry.service.dda.appx.cz.fc.ofss.com/\" xmlns:con=\"http://context.app.fc.ofss.com\" xmlns:exc=\"http://exception.infra.fc.ofss.com\" xmlns:dat=\"http://datatype.fc.ofss.com\" xmlns:dom=\"http://domain.framework.fc.ofss.com\" xmlns:dto=\"http://dto.common.domain.framework.fc.ofss.com\">\r\n    <soapenv:Header/>\r\n    <soapenv:Body>\r\n        <inq:doStatementDownloadApplicationService>\r\n            <arg0>\r\n                <con:bankCode>08</con:bankCode>\r\n                <con:channel>BB11</con:channel>\r\n                <con:serviceCode>CHAPI10070</con:serviceCode>\r\n                <con:externalReferenceNo>{{$timestamp}}</con:externalReferenceNo>\r\n                <con:transactingPartyCode>50028787</con:transactingPartyCode>\r\n                <con:transactionBranch>089999</con:transactionBranch>\r\n                <con:userId>IB01_USER</con:userId>\r\n            </arg0>\r\n            <arg1>\r\n                <accountNumber>50100101210859</accountNumber>\r\n                <customerId>195809309</customerId>\r\n                <formatType>T</formatType>\r\n                <fromDate>01/05/2022</fromDate>\r\n                <toDate>25/05/2022</toDate>\r\n            </arg1>\r\n        </inq:doStatementDownloadApplicationService>\r\n    </soapenv:Body>\r\n</soapenv:Envelope>","options":{"raw":{"language":"xml"}}},"url":{"raw":"{{obp_url}}/com.ofss.fc.cz.hdfc.obp.webservice/statementDownloadSpi","host":["{{obp_url}}"],"path":["com.ofss.fc.cz.hdfc.obp.webservice","statementDownloadSpi"]}},"response":[]},{"name":"downloadHistoryStatement","event":[{"listen":"test","script":{"exec":["try {\r","    const responseJson = xml2Json(responseBody);\r","    console.log(responseJson)\r","    var MSG = responseJson['S:Envelope']['S:Body']['ns10:downloadHistoryStatementResponse']['return']['responseservice:status'][\"responseservice:errorCode\"]\r","    console.log(MSG)\r","    pm.test(MSG, function () {\r","        pm.expect(responseJson['S:Envelope']['S:Body']['ns10:downloadHistoryStatementResponse']['return']['responseservice:status'][\"responseservice:errorCode\"]).is.to.equal(\"0\");\r","    })\r","}\r","catch (e) {\r","    var response = responseBody;\r","    pm.test(\"response is \" + response, function () {\r","        pm.expect(pm.response.code).to.equal(200).to.be.false;\r","    })\r","}\r","//postman.setNextRequest(req[fcount]);"],"type":"text/javascript","id":"cd3ab055-0d4c-4836-a0b7-310cf0c60f8b"}}],"id":"c88f2972-cc3e-491f-ae03-3886e59b267a","protocolProfileBehavior":{"disabledSystemHeaders":{"content-type":true},"disableBodyPruning":true},"request":{"method":"POST","header":[],"body":{"mode":"raw","raw":"<soapenv:Envelope xmlns:soapenv=\"http://schemas.xmlsoap.org/soap/envelope/\" xmlns:stat=\"http://statement.service.dda.appx.cz.fc.ofss.com/\" xmlns:con=\"http://context.app.fc.ofss.com\" xmlns:exc=\"http://exception.infra.fc.ofss.com\" xmlns:dat=\"http://datatype.fc.ofss.com\" xmlns:dom=\"http://domain.framework.fc.ofss.com\" xmlns:dto=\"http://dto.common.domain.framework.fc.ofss.com\">\r\n   <soapenv:Header/>\r\n   <soapenv:Body>\r\n      <stat:downloadHistoryStatement>\r\n         <arg0>\r\n            <con:bankCode>08</con:bankCode>\r\n            <con:channel>CXH</con:channel>\r\n            <con:serviceCode>CHAPI10107</con:serviceCode>\r\n            <con:transactingPartyCode>50028787</con:transactingPartyCode>\r\n            <con:transactionBranch>089999</con:transactionBranch>\r\n            <con:userId>ketan</con:userId>\r\n            <con:externalReferenceNo>{{$randomBankAccount}}</con:externalReferenceNo>\r\n         </arg0>\r\n         <arg1>\r\n            <accountNumber>50100000934228</accountNumber>\r\n            <customerId>50194500</customerId>\r\n            <formatType>P</formatType>\r\n            <fromDate>01/03/2022</fromDate>\r\n            <toDate>04/03/2022</toDate>\r\n         </arg1>\r\n      </stat:downloadHistoryStatement>\r\n   </soapenv:Body>\r\n</soapenv:Envelope>","options":{"raw":{"language":"xml"}}},"url":{"raw":"{{obp_url}}/com.ofss.fc.cz.hdfc.obp.webservice/HistoryStatement?wsdl","host":["{{obp_url}}"],"path":["com.ofss.fc.cz.hdfc.obp.webservice","HistoryStatement"],"query":[{"key":"wsdl","value":""}]}},"response":[]},{"name":"getSavingSchemeStatement","event":[{"listen":"test","script":{"exec":["try {\r","    const responseJson = xml2Json(responseBody);\r","    console.log(responseJson)\r","    var MSG = responseJson['S:Envelope']['S:Body']['ns11:getSavingSchemeStatementResponse']['return']['responseservice:status'][\"responseservice:errorCode\"]\r","    console.log(MSG)\r","    pm.test(MSG, function () {\r","        pm.expect(responseJson['S:Envelope']['S:Body']['ns11:getSavingSchemeStatementResponse']['return']['responseservice:status'][\"responseservice:errorCode\"]).is.to.equal(\"0\");\r","    })\r","}\r","catch (e) {\r","    var response = responseBody;\r","    pm.test(\"response is \" + response, function () {\r","        pm.expect(pm.response.code).to.equal(200).to.be.false;\r","    })\r","}\r","//postman.setNextRequest(req[fcount]);"],"type":"text/javascript","id":"e7987115-706d-43fa-831c-ca7298dd124c"}}],"id":"830b0576-2b7a-48b9-8bc2-d3f74fdf46df","protocolProfileBehavior":{"disabledSystemHeaders":{"content-type":true},"disableBodyPruning":true},"request":{"method":"POST","header":[],"body":{"mode":"raw","raw":"<soapenv:Envelope xmlns:soapenv=\"http://schemas.xmlsoap.org/soap/envelope/\" xmlns:inq=\"http://inquiry.service.dda.appx.cz.fc.ofss.com/\" xmlns:con=\"http://context.app.fc.ofss.com\" xmlns:exc=\"http://exception.infra.fc.ofss.com\" xmlns:dat=\"http://datatype.fc.ofss.com\" xmlns:dto=\"http://dto.common.domain.framework.fc.ofss.com\" xmlns:dom=\"http://domain.framework.fc.ofss.com\">\r\n    <soapenv:Header/>\r\n    <soapenv:Body>\r\n        <inq:getSavingSchemeStatement>\r\n            <arg0>\r\n                <con:bankCode>08</con:bankCode>\r\n                <con:channel>BB11</con:channel>\r\n                <con:externalReferenceNo>12344478911231234183</con:externalReferenceNo>\r\n                <con:serviceCode>SIN</con:serviceCode>\r\n                <con:transactingPartyCode>50262340</con:transactingPartyCode>\r\n                <con:transactionBranch>089999</con:transactionBranch>\r\n                <con:userId>DevUser01</con:userId>\r\n            </arg0>\r\n            <arg1>\r\n                <accountNumber>55100000079603</accountNumber>\r\n                <customerId>900000216</customerId>\r\n                <formatType>P</formatType>\r\n                <fromDate>20210101</fromDate>\r\n                <toDate>20210901</toDate>\r\n            </arg1>\r\n        </inq:getSavingSchemeStatement>\r\n    </soapenv:Body>\r\n</soapenv:Envelope>","options":{"raw":{"language":"xml"}}},"url":{"raw":"{{obp_url}}/com.ofss.fc.cz.hdfc.obp.webservice/ViewPPFSSYAccountStatement?wsdl","host":["{{obp_url}}"],"path":["com.ofss.fc.cz.hdfc.obp.webservice","ViewPPFSSYAccountStatement"],"query":[{"key":"wsdl","value":""}]}},"response":[]},{"name":"registerEmailStatement","event":[{"listen":"test","script":{"exec":["try {\r","    const responseJson = xml2Json(responseBody);\r","    console.log(responseJson)\r","    var MSG = responseJson['S:Envelope']['S:Body']['ns10:registerEmailStatementResponse']['return']['responseservice:status'][\"responseservice:errorCode\"]\r","    console.log(MSG)\r","    pm.test(MSG, function () {\r","        pm.expect(responseJson['S:Envelope']['S:Body']['ns10:registerEmailStatementResponse']['return']['responseservice:status'][\"responseservice:errorCode\"]).is.to.equal(\"0\");\r","    })\r","}\r","catch (e) {\r","    var response = responseBody;\r","    pm.test(\"response is \" + response, function () {\r","        pm.expect(pm.response.code).to.equal(200).to.be.false;\r","    })\r","}\r","//postman.setNextRequest(req[fcount]);"],"type":"text/javascript","id":"4ffe8f3c-23ac-44ac-b217-1d0ba9e2de7b"}}],"id":"36411d61-738c-4b71-b453-26cc6f2be99d","protocolProfileBehavior":{"disabledSystemHeaders":{"content-type":true},"disableBodyPruning":true},"request":{"method":"POST","header":[],"body":{"mode":"raw","raw":"<soapenv:Envelope xmlns:soapenv=\"http://schemas.xmlsoap.org/soap/envelope/\" xmlns:tran=\"http://transaction.service.party.appx.cz.fc.ofss.com/\" xmlns:con=\"http://context.app.fc.ofss.com\" xmlns:exc=\"http://exception.infra.fc.ofss.com\" xmlns:dom=\"http://domain.framework.fc.ofss.com\" xmlns:dto=\"http://dto.common.domain.framework.fc.ofss.com\">\r\n    <soapenv:Header/>\r\n    <soapenv:Body>\r\n        <tran:registerEmailStatement>\r\n            <arg0>\r\n                <con:bankCode>08</con:bankCode>\r\n                <con:channel>CXH</con:channel>\r\n                <con:transactionBranch>089999</con:transactionBranch>\r\n                <con:externalReferenceNo>{{$randomBankAccount}}</con:externalReferenceNo>\r\n                <con:userId>DevUser01</con:userId>\r\n                <con:serviceCode>CHAPI10076</con:serviceCode>\r\n                <con:transactingPartyCode>50000045</con:transactingPartyCode>\r\n            </arg0>\r\n            <arg1>\r\n                <deviceId/>\r\n                <accountNo>50300000007288</accountNo>\r\n                <customerId>50000377</customerId>\r\n                <sessionId/>\r\n            </arg1>\r\n        </tran:registerEmailStatement>\r\n    </soapenv:Body>\r\n</soapenv:Envelope>","options":{"raw":{"language":"xml"}}},"url":{"raw":"{{obp_url}}/com.ofss.fc.cz.hdfc.obp.webservice/EmailStatementRegistrationSpi?wsdl","host":["{{obp_url}}"],"path":["com.ofss.fc.cz.hdfc.obp.webservice","EmailStatementRegistrationSpi"],"query":[{"key":"wsdl","value":""}]}},"response":[]},{"name":"doAccountStatementRequest Copy","event":[{"listen":"test","script":{"exec":["\r","try {\r","const responseJson = xml2Json(responseBody);\r","console.log(responseJson)\r","var MSG=responseJson['S:Envelope']['S:Body']['ns10:doAccountStatementRequestResponse']['return']['responseservice:status'][\"responseservice:errorCode\"]\r","console.log(MSG)\r","pm.test(MSG, function () {\r","pm.expect(responseJson['S:Envelope']['S:Body']['ns10:doAccountStatementRequestResponse']['return']['responseservice:status'][\"responseservice:errorCode\"]).is.to.equal(\"0\");})\r","\r","}\r","catch(e)\r","{\r","\r","   var response = responseBody;\r","\r","     pm.test(\"response is \"+response, function () {\r","\r","        pm.expect(pm.response.code).to.equal(200).to.be.false;\r","\r","     })\r","  \r","\r","\r","\r","}"],"type":"text/javascript","id":"5178767a-45b6-408b-bebb-856d324d84d3"}}],"id":"c37aec32-5584-4148-818c-cbbb542bce3e","protocolProfileBehavior":{"disableBodyPruning":true},"request":{"method":"POST","header":[{"key":"Content-Type","name":"Content-Type","type":"text","value":"text/xml"}],"body":{"mode":"raw","raw":"<soapenv:Envelope xmlns:soapenv=\"http://schemas.xmlsoap.org/soap/envelope/\" xmlns:stat=\"http://statement.service.dda.appx.cz.fc.ofss.com/\" xmlns:con=\"http://context.app.fc.ofss.com\" xmlns:exc=\"http://exception.infra.fc.ofss.com\" xmlns:dom=\"http://domain.framework.fc.ofss.com\" xmlns:dto=\"http://dto.common.domain.framework.fc.ofss.com\">\r\n    <soapenv:Header/>\r\n    <soapenv:Body>\r\n        <stat:doAccountStatementRequest>\r\n            <arg0>\r\n                <con:bankCode>08</con:bankCode>\r\n                <con:channel>CXH</con:channel>\r\n                <con:transactionBranch>089999</con:transactionBranch>\r\n                <con:externalReferenceNo>{{$timestamp}}</con:externalReferenceNo>\r\n                <con:userId>DevUser01</con:userId>\r\n                <con:serviceCode>ASR</con:serviceCode>\r\n            </arg0>\r\n            <arg1>\r\n                <acctNbr>01601000082907</acctNbr>\r\n                <custID>50233130</custID>\r\n                <fromDate>01/02/2019</fromDate>\r\n                <toDate>02/03/2019</toDate>\r\n            </arg1>\r\n        </stat:doAccountStatementRequest>\r\n    </soapenv:Body>\r\n</soapenv:Envelope>"},"url":{"raw":"{{obp_url}}/com.ofss.fc.cz.hdfc.obp.webservice/accountStatementRequestSpi?wsdl","host":["{{obp_url}}"],"path":["com.ofss.fc.cz.hdfc.obp.webservice","accountStatementRequestSpi"],"query":[{"key":"wsdl","value":""}]}},"response":[]},{"name":"ReportGeneration","event":[{"listen":"test","script":{"exec":["try {\r","const responseJson = pm.response.json();\r","console.log(responseJson)\r","var MSG=responseJson.status.errorCode\r","\r","console.log(MSG)\r","pm.test(MSG, function () {\r","pm.expect(responseJson.status.errorCode).is.to.equal(\"0\");\r","\r","})\r","}\r","catch(e)\r","{\r","\r","   var response = responseBody;\r","\r","     pm.test(\"response is \"+response, function () {\r","\r","        pm.expect(pm.response.code).to.equal(200).to.be.false;\r","\r","     })\r","  \r","\r","\r","\r","}\r",""],"type":"text/javascript","id":"e1e12b92-b5cf-41b7-a487-1c4d9b0a6856"}}],"id":"d24d643f-186c-421e-a514-bb47cc2fcd31","protocolProfileBehavior":{"disableBodyPruning":true},"request":{"method":"POST","header":[],"body":{"mode":"raw","raw":"{\r\n    \"ReportGenerationDTO\": {\r\n        \"module\": \"CASA\",\r\n        \"reportId\": \"XFAPI0041\",\r\n        \"reportParams\": [\r\n            {\r\n                \"paramName\": \"AccountNumber\",\r\n                \"paramValue\": \"50100100708641\"\r\n            },\r\n            {\r\n                \"paramName\": \"StatementFromDate\",\r\n                \"paramValue\": \"01-09-2020\"\r\n            },\r\n            {\r\n                \"paramName\": \"StatementToDate\",\r\n                \"paramValue\": \"01-09-2021\"\r\n            },\r\n            {\r\n                \"paramName\": \"SourceId\",\r\n                \"paramValue\": \"None\"\r\n            },\r\n            {\r\n                \"paramName\": \"FlagValidateSourceId\",\r\n                \"paramValue\": \"N\"\r\n            },\r\n            {\r\n                \"paramName\": \"FlagValidateMandate\",\r\n                \"paramValue\": \"N\"\r\n            }\r\n        ],\r\n        \"userId\": \"50233130\"\r\n    },\r\n    \"sessionContext\": {\r\n        \"channel\": \"IB01\",\r\n        \"bankCode\": \"08\",\r\n        \"userId\": \"DevUser01\",\r\n        \"externalReferenceNo\": \"{{$timestamp}}\",\r\n        \"transactionBranch\": \"089999\",\r\n        \"transactingPartyCode\": \"21417804\"\r\n    }\r\n}","options":{"raw":{"language":"json"}}},"url":{"raw":"{{obp_url}}/com.ofss.fc.cz.hdfc.obp.report.webservice/ReportGenerationRest/ReportGenerationRestWrapperService","host":["{{obp_url}}"],"path":["com.ofss.fc.cz.hdfc.obp.report.webservice","ReportGenerationRest","ReportGenerationRestWrapperService"]}},"response":[]},{"name":"InquireReportDetails","event":[{"listen":"test","script":{"exec":["\r","try {\r","const responseJson = pm.response.json();\r","console.log(responseJson)\r","var MSG=responseJson.status.errorCode\r","\r","console.log(MSG)\r","pm.test(MSG, function () {\r","pm.expect(responseJson.status.errorCode).is.to.equal(\"0\");\r","\r","})\r","}\r","catch(e)\r","{\r","\r","   var response = responseBody;\r","\r","     pm.test(\"response is \"+response, function () {\r","\r","        pm.expect(pm.response.code).to.equal(200).to.be.false;\r","\r","     })\r","  \r","\r","\r","\r","}\r",""],"type":"text/javascript","id":"c6d5e2ed-fc96-4632-9f6f-ba0514a4c2af"}}],"id":"c6ad06b9-c3c7-4d27-821c-2dedccf32f8f","protocolProfileBehavior":{"disableBodyPruning":true},"request":{"method":"POST","header":[],"body":{"mode":"raw","raw":"{\r\n    \"InquireReportDetailsReqDTO\": {\r\n        \"userId\": \"50233130\",\r\n        \"module\": \"CASA\",\r\n        \"refUsrNo\": \"55158118720220816000723494757\"\r\n    },\r\n    \"sessionContext\": {\r\n        \"channel\": \"IB01\",\r\n        \"bankCode\": \"08\",\r\n        \"userId\": \"DevUser01\",\r\n        \"externalReferenceNo\": \"{{$randomBankAccount}}\",\r\n        \"transactionBranch\": \"089999\",\r\n        \"transactingPartyCode\": \"8767676769\"\r\n    }\r\n}","options":{"raw":{"language":"json"}}},"url":{"raw":"{{obp_url}}/com.ofss.fc.cz.hdfc.obp.report.webservice/InquireReportDetailsRestWrapper/doInquireReportDetails","host":["{{obp_url}}"],"path":["com.ofss.fc.cz.hdfc.obp.report.webservice","InquireReportDetailsRestWrapper","doInquireReportDetails"]}},"response":[]},{"name":"DownloadReport","event":[{"listen":"test","script":{"exec":["\r","try {\r","const responseJson = pm.response.json();\r","console.log(responseJson)\r","var MSG=responseJson.status.errorCode\r","\r","console.log(MSG)\r","pm.test(MSG, function () {\r","pm.expect(responseJson.status.errorCode).is.to.equal(\"0\");\r","\r","})\r","}\r","catch(e)\r","{\r","\r","   var response = responseBody;\r","\r","     pm.test(\"response is \"+response, function () {\r","\r","        pm.expect(pm.response.code).to.equal(200).to.be.false;\r","\r","     })\r","  \r","\r","\r","\r","}\r",""],"type":"text/javascript","id":"9f74d393-cecb-4bf8-b9f9-6a3c42cd7e9e"}}],"id":"d4eddd01-a33e-418f-92bc-bc0c6bae9ba4","protocolProfileBehavior":{"disableBodyPruning":true},"request":{"method":"POST","header":[],"body":{"mode":"raw","raw":"{\r\n    \"DownloadReportReqDTO\": {\r\n        \"refUsrNo\": 55158118720220816000723494757\r\n    },\r\n    \"sessionContext\": {\r\n        \"channel\": \"IB01\",\r\n        \"bankCode\": \"08\",\r\n        \"userId\": \"DevUser01\",\r\n        \"externalReferenceNo\": \"1213432134156\",\r\n        \"transactionBranch\": \"089999\",\r\n        \"transactingPartyCode\": \"8767676769\"\r\n    }\r\n}","options":{"raw":{"language":"json"}}},"url":{"raw":"{{obp_url}}/com.ofss.fc.cz.hdfc.obp.report.webservice/DownloadReportRest/DownloadReportRestWrapperService","host":["{{obp_url}}"],"path":["com.ofss.fc.cz.hdfc.obp.report.webservice","DownloadReportRest","DownloadReportRestWrapperService"]}},"response":[]}],"id":"b653f039-7bd5-4232-8e9b-81e85a8a6ec8"},{"name":"EPIC 3","item":[{"name":"fetchAllFinancialInstitutions","event":[{"listen":"test","script":{"exec":["const responseJson1 = xml2Json(responseBody);\r","console.log(responseJson1)\r","try {\r","const responseJson = xml2Json(responseBody);\r","console.log(responseJson)\r","var MSG = responseJson['S:Envelope']['S:Body']['ns11:fetchAllFinancialInstitutionsResponse']['ns77:return']['responseservice:status'][\"responseservice:errorCode\"]\r","console.log(MSG)\r","pm.test(MSG, function () {\r","pm.expect(responseJson['S:Envelope']['S:Body']['ns11:fetchAllFinancialInstitutionsResponse']['ns77:return']['responseservice:status'][\"responseservice:errorCode\"]).is.to.equal(\"0\");\r","})\r","} catch (e) {\r","pm.test(\"Status code is \", function () {\r","pm.response.to.have.status(200);\r","});\r","}"],"type":"text/javascript","id":"d55586a7-dc12-411b-b687-939db3e20e20"}}],"id":"701ad7c0-e68e-4b2b-b4af-6d1d5a13e79c","protocolProfileBehavior":{"disabledSystemHeaders":{"content-type":true},"disableBodyPruning":true},"request":{"method":"POST","header":[],"body":{"mode":"raw","raw":"<soapenv:Envelope xmlns:soapenv=\"http://schemas.xmlsoap.org/soap/envelope/\" xmlns:inq=\"http://inquiry.service.pc.appx.cz.fc.ofss.com/\" xmlns:con=\"http://context.app.fc.ofss.com\" xmlns:exc=\"http://exception.infra.fc.ofss.com\" xmlns:dto=\"http://dto.common.domain.framework.fc.ofss.com\" xmlns:dom=\"http://domain.framework.fc.ofss.com\">\r\n    <soapenv:Header/>\r\n    <soapenv:Body>\r\n        <inq:fetchAllFinancialInstitutions>\r\n            <!--Optional:-->\r\n            <arg0>\r\n                <con:bankCode>08</con:bankCode>\r\n                <con:channel>CAMOL</con:channel>\r\n                <con:externalReferenceNo>{{$randomBankAccount}}</con:externalReferenceNo>\r\n                <con:transactingPartyCode>50000045</con:transactingPartyCode>\r\n                <con:transactionBranch>089999</con:transactionBranch>\r\n                <con:userId>DevUser01</con:userId>\r\n            </arg0>\r\n            <!--Optional:-->\r\n            <arg1>\r\n                <!--Optional:-->\r\n                <bankName></bankName>\r\n                <!--Optional:-->\r\n                <branchName></branchName>\r\n                <!--Optional:-->\r\n                <ifscCode>ICIC0000001</ifscCode>\r\n            </arg1>\r\n            <!--Zero or more repetitions:-->\r\n      \r\n        </inq:fetchAllFinancialInstitutions>\r\n    </soapenv:Body>\r\n</soapenv:Envelope>","options":{"raw":{"language":"xml"}}},"url":{"raw":"{{obp_url}}/com.ofss.fc.cz.hdfc.obp.webservice/FinancialInstitutionInquiry?wsdl","host":["{{obp_url}}"],"path":["com.ofss.fc.cz.hdfc.obp.webservice","FinancialInstitutionInquiry"],"query":[{"key":"wsdl","value":""}]}},"response":[]},{"name":"inquirePartnerAccountDetails","event":[{"listen":"test","script":{"exec":["try {\r","const responseJson = pm.response.json();\r","console.log(responseJson)\r","var MSG=responseJson.status.errorCode\r","\r","console.log(MSG)\r","pm.test(MSG, function () {\r","pm.expect(responseJson.status.errorCode).is.to.equal(\"0\");\r","\r","})\r","}\r","catch(e)\r","{\r","\r","   var response = responseBody;\r","\r","     pm.test(\"response is \"+response, function () {\r","\r","        pm.expect(pm.response.code).to.equal(200).to.be.false;\r","\r","     })\r","  \r","\r","\r","\r","}\r",""],"type":"text/javascript","id":"11bec444-d999-46b2-9013-d684fd587cce"}}],"id":"8b9eff0d-1207-4854-a8cb-6e4ef8f4361a","protocolProfileBehavior":{"disableBodyPruning":true},"request":{"method":"POST","header":[],"body":{"mode":"raw","raw":"{\r\n    \"PartnerAccountInquiryReqDTO\": {\r\n        \"searchCriteria\": \"3\",\r\n        \"accountNumber\": \"50100000003398\",\r\n        \"maskedAccountNumber\": \"\",\r\n        \"mobileNumber\": \"\",\r\n        \"customerID\": \"\",\r\n        \"extRefTxnNumber\": \"\"\r\n    },\r\n    \"sessionContext\": {\r\n        \"channel\": \"MB53\",\r\n        \"bankCode\": \"08\",\r\n        \"userId\": \"DevUser01\",\r\n        \"externalReferenceNo\": \"{{$timestamp}}\",\r\n        \"transactionBranch\": \"089999\",\r\n        \"transactingPartyCode\": \"9898765645\"\r\n    }\r\n}\r\n\r\n","options":{"raw":{"language":"json"}}},"url":{"raw":"{{obp_url}}/com.ofss.fc.cz.hdfc.obp.webservice/PartnerAccountInquiryRest/InquirePartnerAccountDetails","host":["{{obp_url}}"],"path":["com.ofss.fc.cz.hdfc.obp.webservice","PartnerAccountInquiryRest","InquirePartnerAccountDetails"]}},"response":[]},{"name":"doNEFTPaymentTransaction","event":[{"listen":"test","script":{"exec":["const responseJson1 = xml2Json(responseBody);\r","console.log(responseJson1)\r","try {\r","\r","\r","\r","\r","\r","\r","\r","\r","\r","const responseJson = xml2Json(responseBody);\r","console.log(responseJson)\r","var MSG = responseJson['S:Envelope']['S:Body']['ns10:doNEFTPaymentTransactionResponse']['return']['responseservice:status'][\"responseservice:errorCode\"]\r","console.log(MSG)\r","pm.test(MSG, function () {\r","pm.expect(responseJson['S:Envelope']['S:Body']['ns10:doNEFTPaymentTransactionResponse']['return']['responseservice:status'][\"responseservice:errorCode\"]).is.to.equal(\"0\");\r","})\r","\r","\r","\r","\r","\r","} catch (e) {\r","\r","\r","\r","\r","\r","\r","\r","pm.test(\"Status code is \", function () {\r","\r","\r","\r","\r","\r","pm.response.to.have.status(200);\r","\r","\r","\r","\r","\r","});\r","\r","\r","\r","}"],"type":"text/javascript","id":"baf3c421-2392-4880-a450-d19d6943fbd4"}}],"id":"0c8b94a0-d426-46e4-b99d-95d04f8318a2","protocolProfileBehavior":{"disableBodyPruning":true},"request":{"method":"POST","header":[{"key":"Content-Type","name":"Content-Type","value":"text/xml","type":"text"}],"body":{"mode":"raw","raw":"<soapenv:Envelope xmlns:soapenv=\"http://schemas.xmlsoap.org/soap/envelope/\" xmlns:tran=\"http://transaction.service.pc.appx.cz.fc.ofss.com/\" xmlns:con=\"http://context.app.fc.ofss.com\" xmlns:exc=\"http://exception.infra.fc.ofss.com\" xmlns:dat=\"http://datatype.fc.ofss.com\" xmlns:dom=\"http://domain.framework.fc.ofss.com\" xmlns:dto=\"http://dto.common.domain.framework.fc.ofss.com\">\n    <soapenv:Header/>\n    <soapenv:Body>\n        <tran:doNEFTPaymentTransaction>\n            <arg0>\n                <con:channel>BB11</con:channel>\n                <con:transactionBranch>089999</con:transactionBranch>\n                <con:externalReferenceNo>{{$randomBankAccount}}</con:externalReferenceNo>\n                <con:userId>DevUser01</con:userId>\n                <con:serviceCode>CHAPI10167</con:serviceCode>\n                <con:transactingPartyCode>192598029</con:transactingPartyCode>\n            </arg0>\n            <arg1>\n                <deviceId></deviceId>\n                <allowedConsumerType></allowedConsumerType>\n                <bankDesc></bankDesc>\n                <beneType>NEFT</beneType>\n                <beneficiaryAccountNumber>12</beneficiaryAccountNumber>\n                <beneficiaryAccountType></beneficiaryAccountType>\n                <beneficiaryName>avcc</beneficiaryName>\n                <branchDesc></branchDesc>\n                <codPaymentTxn>N06</codPaymentTxn>\n                <codUserId>SYSTEM</codUserId>\n                <ctrDaysTxn>0</ctrDaysTxn>\n                <custName></custName>\n                <customerId>192598029</customerId>\n                <neftCodPaymentType>OP</neftCodPaymentType>\n                <paymentNarration></paymentNarration>\n                <postCutoffClick>Y</postCutoffClick>\n                <receiverIFSCCode>ICIC0000005</receiverIFSCCode>\n                <refDocNo>0</refDocNo>\n                <refSysTrAudNbr>901657471</refSysTrAudNbr>\n                <refUserNumber>RRN2941600002621</refUserNumber>\n                <refVoucherNo>0</refVoucherNo>\n                <reqSessionNbr>101</reqSessionNbr>\n                <senderAccountNumber>50100103531011</senderAccountNumber>\n                <senderComAddr>8149235062</senderComAddr>\n                <senderCommunicationMode>EML</senderCommunicationMode>\n                <senderCommunicationModeValue>NEFT-Chandivili@hdfcbank.com</senderCommunicationModeValue>\n                <senderEmail></senderEmail>\n                <senderIFSCCode>HDFC0000001</senderIFSCCode>\n                <senderMobile></senderMobile>\n                <session_Id></session_Id>\n                <subSeqNo>0</subSeqNo>\n                <transactionAmount>1999</transactionAmount>\n                <transferDesc>Test</transferDesc>\n            </arg1>\n        </tran:doNEFTPaymentTransaction>\n    </soapenv:Body>\n</soapenv:Envelope>"},"url":{"raw":"{{obp_url}}/com.ofss.fc.cz.hdfc.obp.webservice/NEFTPayment?wsdl","host":["{{obp_url}}"],"path":["com.ofss.fc.cz.hdfc.obp.webservice","NEFTPayment"],"query":[{"key":"wsdl","value":""}]}},"response":[]},{"name":"getStandingInstructions","event":[{"listen":"test","script":{"exec":["try {\r","    const responseJson = xml2Json(responseBody);\r","    console.log(responseJson)\r","    var MSG = responseJson['S:Envelope']['S:Body']['ns10:getStandingInstructionsResponse']['return']['responseservice:status'][\"responseservice:errorCode\"]\r","    console.log(MSG)\r","    pm.test(MSG, function () {\r","        pm.expect(responseJson['S:Envelope']['S:Body']['ns10:getStandingInstructionsResponse']['return']['responseservice:status'][\"responseservice:errorCode\"]).is.to.equal(\"0\");\r","    })\r","}\r","catch (e) {\r","    var response = responseBody;\r","    pm.test(\"response is \" + response, function () {\r","        pm.expect(pm.response.code).to.equal(200).to.be.false;\r","    })\r","}\r","//postman.setNextRequest(req[fcount]);"],"type":"text/javascript","id":"f40acec2-9475-40f2-bcb9-784b1fff5d82"}}],"id":"0488d0be-0b7d-417b-9eb1-ea72bc405439","protocolProfileBehavior":{"disabledSystemHeaders":{"content-type":true},"disableBodyPruning":true},"request":{"method":"POST","header":[],"body":{"mode":"raw","raw":"<soapenv:Envelope xmlns:soapenv=\"http://schemas.xmlsoap.org/soap/envelope/\" xmlns:tran=\"http://transaction.service.dda.appx.cz.fc.ofss.com/\" xmlns:con=\"http://context.app.fc.ofss.com\" xmlns:exc=\"http://exception.infra.fc.ofss.com\" xmlns:dat=\"http://datatype.fc.ofss.com\" xmlns:dom=\"http://domain.framework.fc.ofss.com\" xmlns:dto=\"http://dto.common.domain.framework.fc.ofss.com\">\r\n    <soapenv:Header/>\r\n    <soapenv:Body>\r\n        <tran:getStandingInstructions>\r\n            <arg0>\r\n                <con:bankCode>08</con:bankCode>\r\n                <con:channel>BB11</con:channel>\r\n                <con:externalReferenceNo>1234567891123123089</con:externalReferenceNo>\r\n                <con:transactingPartyCode>33225070</con:transactingPartyCode>\r\n                <con:transactionBranch>089999</con:transactionBranch>\r\n                <con:userId>TSHIKHA</con:userId>\r\n            </arg0>\r\n            <arg1>\r\n                <customerId>33225070</customerId>\r\n                <mode>TPT</mode>\r\n            </arg1>\r\n        </tran:getStandingInstructions>\r\n    </soapenv:Body>\r\n</soapenv:Envelope>","options":{"raw":{"language":"xml"}}},"url":{"raw":"{{obp_url}}/com.ofss.fc.cz.hdfc.obp.webservice/ViewStandingInstructions?wsdl","host":["{{obp_url}}"],"path":["com.ofss.fc.cz.hdfc.obp.webservice","ViewStandingInstructions"],"query":[{"key":"wsdl","value":""}]}},"response":[]},{"name":"getSIDetails","event":[{"listen":"test","script":{"exec":["try {\r","    const responseJson = xml2Json(responseBody);\r","    console.log(responseJson)\r","    var MSG = responseJson['S:Envelope']['S:Body']['ns10:getSIDetailsResponse']['return']['responseservice:status'][\"responseservice:errorCode\"]\r","    console.log(MSG)\r","    pm.test(MSG, function () {\r","        pm.expect(responseJson['S:Envelope']['S:Body']['ns10:getSIDetailsResponse']['return']['responseservice:status'][\"responseservice:errorCode\"]).is.to.equal(\"0\");\r","    })\r","}\r","catch (e) {\r","    var response = responseBody;\r","    pm.test(\"response is \" + response, function () {\r","        pm.expect(pm.response.code).to.equal(200).to.be.false;\r","    })\r","}\r","//postman.setNextRequest(req[fcount]);"],"type":"text/javascript","id":"11f14270-a724-4f4b-8b08-9c6a7febc1cd"}}],"id":"420f8b48-d606-48e8-a495-fdda01b496b6","protocolProfileBehavior":{"disabledSystemHeaders":{"content-type":true},"disableBodyPruning":true},"request":{"method":"POST","header":[],"body":{"mode":"raw","raw":"<soapenv:Envelope xmlns:soapenv=\"http://schemas.xmlsoap.org/soap/envelope/\" xmlns:tran=\"http://transaction.service.dda.appx.cz.fc.ofss.com/\" xmlns:con=\"http://context.app.fc.ofss.com\" xmlns:exc=\"http://exception.infra.fc.ofss.com\" xmlns:dat=\"http://datatype.fc.ofss.com\" xmlns:dom=\"http://domain.framework.fc.ofss.com\" xmlns:dto=\"http://dto.common.domain.framework.fc.ofss.com\">\r\n    <soapenv:Header/>\r\n    <soapenv:Body>\r\n        <tran:getSIDetails>\r\n            <arg0>\r\n                <con:bankCode>08</con:bankCode>\r\n                <con:channel>BB11</con:channel>\r\n                <con:transactingPartyCode>50000045</con:transactingPartyCode>\r\n                <con:transactionBranch>089999</con:transactionBranch>\r\n                <con:userId>IB01_USER</con:userId>\r\n                <con:externalReferenceNo>{{$timestamp}}</con:externalReferenceNo>\r\n            </arg0>\r\n            <arg1>\r\n                <customerId>50000019</customerId>\r\n                <debitacctno>50100102710442</debitacctno>\r\n                <mode>TPT</mode>\r\n                <siNo>4</siNo>\r\n            </arg1>\r\n        </tran:getSIDetails>\r\n    </soapenv:Body>\r\n</soapenv:Envelope>","options":{"raw":{"language":"xml"}}},"url":{"raw":"{{obp_url}}/com.ofss.fc.cz.hdfc.obp.webservice/ViewStandingInstructions?wsdl","host":["{{obp_url}}"],"path":["com.ofss.fc.cz.hdfc.obp.webservice","ViewStandingInstructions"],"query":[{"key":"wsdl","value":""}]}},"response":[]},{"name":"deleteStandingInstruction","event":[{"listen":"test","script":{"exec":["try {\r","    const responseJson = xml2Json(responseBody);\r","    console.log(responseJson)\r","    var MSG = responseJson['S:Envelope']['S:Body']['ns10:deleteStandingInstructionResponse']['return']['responseservice:status'][\"responseservice:errorCode\"]\r","    console.log(MSG)\r","    pm.test(MSG, function () {\r","        pm.expect(responseJson['S:Envelope']['S:Body']['ns10:deleteStandingInstructionResponse']['return']['responseservice:status'][\"responseservice:errorCode\"]).is.to.equal(\"0\");\r","    })\r","}\r","catch (e) {\r","    var response = responseBody;\r","    pm.test(\"response is \" + response, function () {\r","        pm.expect(pm.response.code).to.equal(200).to.be.false;\r","    })\r","}\r","//postman.setNextRequest(req[fcount]);"],"type":"text/javascript","id":"ba2c2227-dc25-4cfb-817b-ff56bb101c41"}}],"id":"3a38273f-446a-4c60-97f7-ea0f194b3a40","protocolProfileBehavior":{"disabledSystemHeaders":{"content-type":true},"disableBodyPruning":true},"request":{"method":"POST","header":[],"body":{"mode":"raw","raw":"<soapenv:Envelope xmlns:soapenv=\"http://schemas.xmlsoap.org/soap/envelope/\" xmlns:tran=\"http://transaction.service.dda.appx.cz.fc.ofss.com/\" xmlns:con=\"http://context.app.fc.ofss.com\" xmlns:exc=\"http://exception.infra.fc.ofss.com\" xmlns:dat=\"http://datatype.fc.ofss.com\" xmlns:dom=\"http://domain.framework.fc.ofss.com\" xmlns:dto=\"http://dto.common.domain.framework.fc.ofss.com\">\r\n    <soapenv:Header/>\r\n    <soapenv:Body>\r\n        <tran:deleteStandingInstruction>\r\n            <arg0>\r\n                <con:bankCode>08</con:bankCode>\r\n                <con:channel>BB11</con:channel>\r\n                <con:transactingPartyCode>500000452</con:transactingPartyCode>\r\n                <con:transactionBranch>089999</con:transactionBranch>\r\n                <con:userId>IB01_USER</con:userId>\r\n                <con:externalReferenceNo>{{$timestamp}}</con:externalReferenceNo>\r\n            </arg0>\r\n            <arg1>\r\n                <amount>9004.56</amount>\r\n                <beneacctno>55100000079603</beneacctno>\r\n                <customerId>900000213</customerId>\r\n                <debitacctno>50100101396666</debitacctno>\r\n                <endDate>18-OCT-2022</endDate>\r\n                <frequency>4</frequency>\r\n                <period>?</period>\r\n                <remarks> SI delete Test</remarks>\r\n                <siNo>10</siNo>\r\n                <startDate>18-APR-2022</startDate>\r\n            </arg1>\r\n        </tran:deleteStandingInstruction>\r\n    </soapenv:Body>\r\n</soapenv:Envelope>","options":{"raw":{"language":"xml"}}},"url":{"raw":"{{obp_url}}/com.ofss.fc.cz.hdfc.obp.webservice/ViewStandingInstructions?wsdl","host":["{{obp_url}}"],"path":["com.ofss.fc.cz.hdfc.obp.webservice","ViewStandingInstructions"],"query":[{"key":"wsdl","value":""}]}},"response":[]},{"name":"doRTGSPaymentTransaction","event":[{"listen":"test","script":{"exec":["const responseJson1 = xml2Json(responseBody);\r","console.log(responseJson1)\r","try {\r","\r","\r","\r","\r","\r","\r","\r","\r","\r","const responseJson = xml2Json(responseBody);\r","console.log(responseJson)\r","var MSG = responseJson['S:Envelope']['S:Body']['ns10:doRTGSPaymentTransactionResponse']['return']['responseservice:status'][\"responseservice:errorCode\"]\r","console.log(MSG)\r","pm.test(MSG, function () {\r","pm.expect(responseJson['S:Envelope']['S:Body']['ns10:doRTGSPaymentTransactionResponse']['return']['responseservice:status'][\"responseservice:errorCode\"]).is.to.equal(\"0\");\r","})\r","\r","\r","\r","\r","\r","} catch (e) {\r","\r","\r","\r","\r","\r","\r","\r","pm.test(\"Status code is \", function () {\r","\r","\r","\r","\r","\r","pm.response.to.have.status(200);\r","\r","\r","\r","\r","\r","});\r","\r","\r","\r","}"],"type":"text/javascript","id":"11246ff4-10fe-4bd7-bd83-36ca4927a825"}}],"id":"5725cc09-240c-4282-92c9-e90c5254ec15","protocolProfileBehavior":{"disableBodyPruning":true},"request":{"method":"POST","header":[{"key":"Content-Type","name":"Content-Type","value":"text/xml","type":"text"}],"body":{"mode":"raw","raw":"<soapenv:Envelope xmlns:soapenv=\"http://schemas.xmlsoap.org/soap/envelope/\" xmlns:tran=\"http://transaction.service.pc.appx.cz.fc.ofss.com/\" xmlns:con=\"http://context.app.fc.ofss.com\" xmlns:exc=\"http://exception.infra.fc.ofss.com\" xmlns:dom=\"http://domain.framework.fc.ofss.com\" xmlns:dto=\"http://dto.common.domain.framework.fc.ofss.com\">\r\n    <soapenv:Header/>\r\n    <soapenv:Body>\r\n        <tran:doRTGSPaymentTransaction>\r\n            <arg0>\r\n                <con:bankCode>08</con:bankCode>\r\n                <con:channel>BB11</con:channel>\r\n                <con:externalReferenceNo>{{$timestamp}}</con:externalReferenceNo>\r\n                <con:serviceCode>TPR</con:serviceCode>\r\n                <con:transactingPartyCode>192598029</con:transactingPartyCode>\r\n                <con:transactionBranch>089999</con:transactionBranch>\r\n                <con:userId>DevUser01</con:userId>\r\n            </arg0>\r\n            <arg1>\r\n                <bankDesc>TEST</bankDesc>\r\n                <beneType>RTGS</beneType>\r\n                <beneficiaryAccountNumber>54123698</beneficiaryAccountNumber>\r\n                <beneficiaryAccountType></beneficiaryAccountType>\r\n                <beneficiaryName>ABC Test</beneficiaryName>\r\n                <customerId>113999395</customerId>\r\n                <receiverIFSCCode>ICIC0000010</receiverIFSCCode>\r\n                <senderAccountNumber>50100101672544</senderAccountNumber>\r\n                <senderIFSCCode></senderIFSCCode>\r\n                <transactionAmount>2000</transactionAmount>\r\n                <transferDesc>tESt111</transferDesc>\r\n            </arg1>\r\n        </tran:doRTGSPaymentTransaction>\r\n    </soapenv:Body>\r\n</soapenv:Envelope>"},"url":{"raw":"{{obp_url}}/com.ofss.fc.cz.hdfc.obp.webservice/RTGSPayment","host":["{{obp_url}}"],"path":["com.ofss.fc.cz.hdfc.obp.webservice","RTGSPayment"]}},"response":[]},{"name":"displayRTGSInquiryDetails","event":[{"listen":"test","script":{"exec":["const responseJson1 = xml2Json(responseBody);\r","console.log(responseJson1)\r","try {\r","    const responseJson = xml2Json(responseBody);\r","    console.log(responseJson)\r","    var MSG = responseJson['S:Envelope']['S:Body']['ns10:displayRTGSInquiryDetailsResponse']['return']['responseservice:status'][\"responseservice:errorCode\"]\r","    console.log(MSG)\r","    pm.test(MSG, function () {\r","        pm.expect(responseJson['S:Envelope']['S:Body']['ns10:displayRTGSInquiryDetailsResponse']['return']['responseservice:status'][\"responseservice:errorCode\"]).is.to.equal(\"0\");\r","    })\r","} catch (e) {\r","    pm.test(\"Status code is \", function () {\r","        pm.response.to.have.status(200);\r","    });\r","}\r",""],"type":"text/javascript","id":"d179b4ca-06e1-499c-8e73-81df57d09b2d"}}],"id":"b553efc0-2b83-4f85-99be-976c61902b32","protocolProfileBehavior":{"disabledSystemHeaders":{"content-type":true},"disableBodyPruning":true},"request":{"method":"POST","header":[],"body":{"mode":"raw","raw":"<soapenv:Envelope xmlns:soapenv=\"http://schemas.xmlsoap.org/soap/envelope/\" xmlns:inq=\"http://inquiry.service.dda.appx.cz.fc.ofss.com/\" xmlns:con=\"http://context.app.fc.ofss.com\" xmlns:exc=\"http://exception.infra.fc.ofss.com\" xmlns:dom=\"http://domain.framework.fc.ofss.com\" xmlns:dto=\"http://dto.common.domain.framework.fc.ofss.com\">\r\n   <soapenv:Header/>\r\n   <soapenv:Body>\r\n      <inq:displayRTGSInquiryDetails>\r\n         <arg0>\r\n            <con:bankCode>08</con:bankCode>\r\n            <con:channel>BB11</con:channel>\r\n            <con:transactionBranch>089999</con:transactionBranch>\r\n            <con:externalReferenceNo>{{$timestamp}}</con:externalReferenceNo>\r\n            <con:userId>DevUser01</con:userId>\r\n            <con:transactingPartyCode>50285226</con:transactingPartyCode>\r\n         </arg0>\r\n         <arg1>\r\n            <!--Optional:-->\r\n            <deviceId></deviceId>\r\n            <!--Optional:-->\r\n            <dbName></dbName>\r\n            <!--Optional:-->\r\n            <postingDate>20220810</postingDate>\r\n            <!--Optional:-->\r\n            <refTxnNo>RRR2302200003637</refTxnNo>\r\n         </arg1>\r\n      </inq:displayRTGSInquiryDetails>\r\n   </soapenv:Body>\r\n</soapenv:Envelope>\r\n","options":{"raw":{"language":"xml"}}},"url":{"raw":"{{obp_url}}/com.ofss.fc.cz.hdfc.obp.webservice/rtgsInquirySpi","host":["{{obp_url}}"],"path":["com.ofss.fc.cz.hdfc.obp.webservice","rtgsInquirySpi"]}},"response":[]},{"name":"doIMPSPaymentInquiry","event":[{"listen":"test","script":{"exec":["\r","try {\r","const responseJson = pm.response.json();\r","console.log(responseJson)\r","var MSG=responseJson.status.errorCode\r","\r","console.log(MSG)\r","pm.test(MSG, function () {\r","pm.expect(responseJson.status.errorCode).is.to.equal(\"0\");\r","\r","})\r","}\r","catch(e)\r","{\r","\r","   var response = responseBody;\r","\r","     pm.test(\"response is \"+response, function () {\r","\r","        pm.expect(pm.response.code).to.equal(200).to.be.false;\r","\r","     })\r","  \r","\r","\r","\r","}\r",""],"type":"text/javascript","id":"f0f0d97d-063d-41bc-8840-5e38f6fb2246"}}],"id":"8264dde6-2a34-42d7-b7d2-d9ebf1e9ab66","protocolProfileBehavior":{"disableBodyPruning":true},"request":{"method":"POST","header":[],"body":{"mode":"raw","raw":"{\r\n    \"IMPSPaymentInquiryRequestDTO\": {\r\n        \"requestString\": {\r\n            \"transactionId\": \"223019900191\",\r\n            \"channelId\": \"payzp\",\r\n            \"channelReferenceNo\": \"PAYZP1100353145\",\r\n            \"startDate\": \"\",\r\n            \"endDate\": \"\"\r\n        }\r\n    },\r\n    \"sessionContext\": {\r\n        \"channel\": \"PAYZP\",\r\n        \"userId\": \"PAYZP_USER\",\r\n        \"externalReferenceNo\": \"{{$randomBankAccount}}\",\r\n        \"transactingPartyCode\": \"50000045\",\r\n        \"bankCode\": \"08\",\r\n        \"transactionBranch\": \"089999\"\r\n    }\r\n}","options":{"raw":{"language":"json"}}},"url":{"raw":"{{obp_url}}/com.ofss.fc.cz.hdfc.obp.webservice/IMPSPaymentInquiryRestWrapper/doIMPSPaymentInquiry","host":["{{obp_url}}"],"path":["com.ofss.fc.cz.hdfc.obp.webservice","IMPSPaymentInquiryRestWrapper","doIMPSPaymentInquiry"]}},"response":[]},{"name":"fetchTransactionsByEndpointFundsExchangeInquiry","event":[{"listen":"test","script":{"exec":["const responseJson1 = xml2Json(responseBody);\r","console.log(responseJson1)\r","try {\r","    const responseJson = xml2Json(responseBody);\r","    console.log(responseJson)\r","    var MSG = responseJson['S:Envelope']['S:Body']['ns23:fetchTransactionsByEndpointFundsExchangeInquiryResponse']['ns23:return']['responseservice:status'][\"responseservice:errorCode\"]\r","    console.log(MSG)\r","    pm.test(MSG, function () {\r","        pm.expect(responseJson['S:Envelope']['S:Body']['ns23:fetchTransactionsByEndpointFundsExchangeInquiryResponse']['ns23:return']['responseservice:status'][\"responseservice:errorCode\"]).is.to.equal(\"0\");\r","    })\r","} catch (e) {\r","    pm.test(\"Status code is \", function () {\r","        pm.response.to.have.status(200);\r","    });\r","}\r",""],"type":"text/javascript","id":"14340b5e-3741-4927-8c53-b00d2a97cf30"}}],"id":"151ad23a-3ec4-465c-bdb9-81713ee2ab43","protocolProfileBehavior":{"disableBodyPruning":true},"request":{"method":"POST","header":[{"key":"Content-Type","name":"Content-Type","value":"text/xml","type":"text"}],"body":{"mode":"raw","raw":"<soapenv:Envelope xmlns:soapenv=\"http://schemas.xmlsoap.org/soap/envelope/\" xmlns:fun=\"http://inquiry.service.pc.appx.fc.ofss.com/FundsExchangeInquiryApplicationServiceSpi\" xmlns:con=\"http://context.app.fc.ofss.com\" xmlns:exc=\"http://exception.infra.fc.ofss.com\" xmlns:dat=\"http://datatype.fc.ofss.com\" xmlns:dto=\"http://dto.common.domain.framework.fc.ofss.com\" xmlns:inq=\"http://inquiry.dto.pc.app.fc.ofss.com\" xmlns:dto1=\"http://dto.account.adapter.app.fc.ofss.com\" xmlns:dto2=\"http://dto.dda.adapter.app.fc.ofss.com\" xmlns:dto3=\"http://dto.search.app.fc.ofss.com\" xmlns:dom=\"http://domain.framework.fc.ofss.com\">\r\n   <soapenv:Header/>\r\n   <soapenv:Body>\r\n      <fun:fetchTransactionsByEndpointFundsExchangeInquiry>\r\n         <!--Optional:-->\r\n         <fun:sessionContext>\r\n            <con:bankCode>08</con:bankCode>\r\n            <con:channel>BIZXP</con:channel>\r\n            <con:transactionBranch>089999</con:transactionBranch>\r\n            <con:externalReferenceNo>{{$timestamp}}</con:externalReferenceNo>\r\n            <con:userId>DevUser01</con:userId>\r\n            <con:transactingPartyCode>50000045</con:transactingPartyCode>\r\n         </fun:sessionContext>\r\n         <!--Optional:-->\r\n         <fun:fundsExchangeInquiryRequestDTO>\r\n            <!--Zero or more repetitions:-->\r\n            <!--Zero or more repetitions:-->\r\n            <inq:accountInquiryRequestDTO>\r\n               <dto1:accountId>50100100765602</dto1:accountId>\r\n            </inq:accountInquiryRequestDTO>\r\n            <!--Optional:-->\r\n            <inq:dateRangeDTO>\r\n               <dto2:startDate>\r\n                  <dat:dateString>20220816</dat:dateString>\r\n               </dto2:startDate>\r\n               <dto2:endDate>\r\n                  <dat:dateString>20220822</dat:dateString>\r\n               </dto2:endDate>\r\n            </inq:dateRangeDTO>\r\n            <!--Zero or more repetitions:-->\r\n            <inq:endPointIdList>ALL</inq:endPointIdList>\r\n            <!--Optional:-->\r\n            <inq:pageInformationDTO>\r\n               <dto3:numberOfRecordsPerPage>100</dto3:numberOfRecordsPerPage>\r\n               <dto3:pageNumber>1</dto3:pageNumber>\r\n            </inq:pageInformationDTO>\r\n            <!--Optional:-->\r\n            <inq:partyId>50156928</inq:partyId>\r\n         </fun:fundsExchangeInquiryRequestDTO>\r\n         <!--Zero or more repetitions:-->\r\n      </fun:fetchTransactionsByEndpointFundsExchangeInquiry>\r\n   </soapenv:Body>\r\n</soapenv:Envelope>"},"url":{"raw":"{{obp_url}}/com.ofss.fc.cz.hdfc.obp.webservice/FundsExchangeInquiryApplicationServiceSpi?wsdl","host":["{{obp_url}}"],"path":["com.ofss.fc.cz.hdfc.obp.webservice","FundsExchangeInquiryApplicationServiceSpi"],"query":[{"key":"wsdl","value":""}]}},"response":[]},{"name":"miscFundTransfer","event":[{"listen":"test","script":{"exec":["try {\r","const responseJson = pm.response.json();\r","console.log(responseJson)\r","var MSG=responseJson.status.errorCode\r","\r","\r","\r","console.log(MSG)\r","pm.test(MSG, function () {\r","pm.expect(responseJson.status.errorCode).is.to.equal(\"0\");\r","\r","\r","\r","})\r","}\r","catch(e)\r","{\r","\r","\r","\r","var response = responseBody;\r","\r","\r","\r","pm.test(\"response is \"+response, function () {\r","\r","\r","\r","pm.expect(pm.response.code).to.equal(200).to.be.false;\r","\r","\r","\r","})\r","\r","\r","\r","\r","\r","}"],"type":"text/javascript","id":"926aa7eb-424c-47cd-9d9d-78697ed9f6e4"}}],"id":"bbda5d10-2e84-4ae3-8406-c97083cd00b8","protocolProfileBehavior":{"disableBodyPruning":true},"request":{"method":"POST","header":[{"key":"Content-Type","name":"Content-Type","type":"text","value":"application/json"}],"body":{"mode":"raw","raw":"{\n    \"sessionContext\": {\n        \"channel\": \"APIGW\",\n        \"userId\": \"DevUser01\",\n        \"externalReferenceNo\": \"{{$timestamp}}\",\n        \"bankCode\": \"08\",\n        \"transactionBranch\": \"089999\"\n    },\n    \"FundsTransferMiscDTO\": {\n        \"creditNarrative\": \"CN - ONLINE DISBURSEMENT - CN24032200009\",\n        \"customerId\": \"\",\n        \"debitNarrative\": \"CN - CN24032200009 - 50100105585623 - Seema Kumari\",\n        \"flagForceDebit\": \"Y\",\n        \"fromAccountId\": \"50100001288856\",\n        \"fromAccountType\": \"CASA\",\n        \"toAccountId\": \"50100100573618\",\n        \"toAccountType\": \"CASA\",\n        \"transactionAmount\": \"583931\",\n        \"txnId\": \"MFT\"\n    }\n}"},"url":{"raw":"{{obp_url}}/com.ofss.fc.cz.hdfc.obp.webservice/FundsTransferMiscRestWrapper/miscFundTransfer","host":["{{obp_url}}"],"path":["com.ofss.fc.cz.hdfc.obp.webservice","FundsTransferMiscRestWrapper","miscFundTransfer"]}},"response":[]}],"id":"cbe6479f-d7ff-40b2-8ada-426c8a89d1d9"}]}