{"info":{"_postman_id":"c3476a11-be0e-17b5-4466-f3eddd7b1785","name":"Freshdesk","schema":"https://schema.getpostman.com/json/collection/v2.1.0/collection.json"},"item":[{"name":"Ceate Ticket","id":"109101c7-1fa1-e988-b239-ef96ef980132","request":{"method":"POST","header":[{"key":"Authorization","value":"Basic MjExM0FKdm51SjdUbEg1amFIS246WA=="},{"key":"Content-Type","value":"application/json"}],"body":{"mode":"raw","raw":"{ \"description\": \"Details about the issue...\", \"subject\": \"Support Needed...\",\"type\":\"Question\",\"group_id\":null, \"email\": \"Alex_Continuum@outerspace.com\", \"priority\": 1, \"status\": 2, \"cc_emails\": [\"Alex_Continuum@freshdesk.com\",\"Sectest@freshdesk.com\"] }"},"url":{"raw":"https://continuum-contest.freshdesk.com/api/v2/tickets","protocol":"https","host":["continuum-contest","freshdesk","com"],"path":["api","v2","tickets"]}},"response":[{"id":"7e26e19d-fa56-ce80-a4db-0c451fe4b6e3","name":"Ceate Ticket","originalRequest":{"method":"POST","header":[{"key":"Authorization","value":"Basic MjExM0FKdm51SjdUbEg1amFIS246WA==","warning":""},{"key":"Content-Type","type":"text","name":"Content-Type","value":"application/json"}],"body":{"mode":"raw","raw":"{ \"description\": \"Details about the issue...\", \"subject\": \"Support Needed...\",\"type\":\"Question\",\"group_id\":null, \"email\": \"Alex_Continuum@outerspace.com\", \"priority\": 1, \"status\": 2, \"cc_emails\": [\"Alex_Continuum@freshdesk.com\",\"Sectest@freshdesk.com\"] }"},"url":{"raw":"https://continuum-contest.freshdesk.com/api/v2/tickets","protocol":"https","host":["continuum-contest","freshdesk","com"],"path":["api","v2","tickets"]}},"status":"Created","code":201,"_postman_previewlanguage":"json","header":[{"name":"access-control-allow-methods","key":"access-control-allow-methods","value":"GET, POST, PUT, DELETE, OPTIONS","description":""},{"name":"access-control-allow-origin","key":"access-control-allow-origin","value":"*","description":""},{"name":"access-control-expose-headers","key":"access-control-expose-headers","value":"X-Path, X-Method, X-Query-String, X-Ua-Compatible, X-Meta-Request-Version, X-Request-Id, X-Runtime, X-RateLimit-Total, X-RateLimit-Remaining, X-RateLimit-Used-CurrentRequest, X-Freshdesk-API-Version","description":""},{"name":"access-control-max-age","key":"access-control-max-age","value":"86400","description":""},{"name":"cache-control","key":"cache-control","value":"no-cache, no-store, max-age=0, must-revalidate","description":""},{"name":"connection","key":"connection","value":"keep-alive","description":""},{"name":"content-length","key":"content-length","value":"733","description":""},{"name":"content-type","key":"content-type","value":"application/json; charset=utf-8","description":""},{"name":"date","key":"date","value":"Wed, 12 Sep 2018 09:59:28 GMT","description":""},{"name":"expires","key":"expires","value":"Wed, 13 Oct 2010 00:00:00 UTC","description":""},{"name":"location","key":"location","value":"https://continuum-contest.freshdesk.com/api/v2/tickets/28","description":""},{"name":"pragma","key":"pragma","value":"no-cache","description":""},{"name":"status","key":"status","value":"201 Created","description":""},{"name":"vary","key":"vary","value":"Origin","description":""},{"name":"x-freshdesk-api-version","key":"x-freshdesk-api-version","value":"latest=v2; requested=v2","description":""},{"name":"x-rack-cache","key":"x-rack-cache","value":"invalidate, pass","description":""},{"name":"x-ratelimit-remaining","key":"x-ratelimit-remaining","value":"4993","description":""},{"name":"x-ratelimit-total","key":"x-ratelimit-total","value":"5000","description":""},{"name":"x-ratelimit-used-currentrequest","key":"x-ratelimit-used-currentrequest","value":"1","description":""},{"name":"x-request-id","key":"x-request-id","value":"51a72e024a24a0a0d7a5549bb884c5c6","description":""},{"name":"x-xss-protection","key":"x-xss-protection","value":"1; mode=block","description":""}],"cookie":[],"responseTime":"536","body":"{\"cc_emails\":[\"Alex_Continuum@freshdesk.com\",\"Sectest@freshdesk.com\"],\"fwd_emails\":[],\"reply_cc_emails\":[\"Alex_Continuum@freshdesk.com\",\"Sectest@freshdesk.com\"],\"fr_escalated\":false,\"spam\":false,\"email_config_id\":null,\"group_id\":null,\"priority\":1,\"requester_id\":43009729034,\"responder_id\":null,\"source\":2,\"company_id\":null,\"status\":2,\"subject\":\"Support Needed...\",\"to_emails\":null,\"product_id\":null,\"id\":28,\"type\":\"Question\",\"due_by\":\"2018-09-17T09:59:28Z\",\"fr_due_by\":\"2018-09-13T09:59:28Z\",\"is_escalated\":false,\"description\":\"<div>Details about the issue...</div>\",\"description_text\":\"Details about the issue...\",\"custom_fields\":{},\"created_at\":\"2018-09-12T09:59:28Z\",\"updated_at\":\"2018-09-12T09:59:28Z\",\"tags\":[],\"attachments\":[]}"}]},{"name":"carvir-contacts-query","id":"f8fd290c-563b-4f44-b838-be2084314814","protocolProfileBehavior":{"disableBodyPruning":true},"request":{"method":"GET","header":[{"key":"Authorization","value":"Basic aG5zNndNbUtYSGp5d3VFSXVSTmo=","type":"text"}],"url":{"raw":"https://carvir.freshdesk.com/api/v2/companies?page=2","protocol":"https","host":["carvir","freshdesk","com"],"path":["api","v2","companies"],"query":[{"key":"page","value":"2"}]},"description":"https://carvir.freshdesk.com/api/v2/search/contacts?query=\"company_id:2100043444\""},"response":[]},{"name":"continuumaid-contacts-query","id":"c7d965fe-0131-476d-986f-deaa94d54d97","protocolProfileBehavior":{"disableBodyPruning":true},"request":{"method":"GET","header":[{"key":"Authorization","value":"Basic S09DYkhndEdGVEVTOXZsdnNpejA=","type":"text"}],"url":{"raw":"https://continuumaid.freshdesk.com/api/v2/search/contacts","protocol":"https","host":["continuumaid","freshdesk","com"],"path":["api","v2","search","contacts"]},"description":"https://continuumaid.freshdesk.com/api/v2/search/contacts?query=\"company_id:44000046625\""},"response":[]}]}