{"info":{"_postman_id":"cd594f84-e665-4bfe-bebb-adce74b137b0","name":"Beneficiary_Vijay","schema":"https://schema.getpostman.com/json/collection/v2.1.0/collection.json"},"item":[{"name":"Bene","item":[{"name":"localhost:addpayee","id":"2adc9b6e-9829-46db-ad5c-e1a5d63399df","protocolProfileBehavior":{"disableBodyPruning":true},"request":{"method":"POST","header":[{"key":"Content-Type","value":"application/json","type":"default"},{"key":"Device-Id","value":"123","type":"default"}],"body":{"mode":"raw","raw":"{\n\n    \"customerID\": \"1\",\n    \"nickName\": \"mahesh1\",\n    \"type\": \"savings\",\n    \"name\": \"Ramq\",\n    \"accountnumber\": \"12345672658\",\n    \n    \"bankName\": \"ICICI\",\n    \"ifscCode\":\"12235455\"\n    \n    \n    \n}","options":{"raw":{"language":"json"}}},"url":{"raw":"http://localhost:8082/beneficiarysystem/addpayee","protocol":"http","host":["localhost"],"port":"8082","path":["beneficiarysystem","addpayee"]}},"response":[]},{"name":"localhost:updatepayee","id":"43cd0263-becd-469f-8774-641289ec887f","protocolProfileBehavior":{"disableBodyPruning":true},"request":{"method":"POST","header":[{"key":"Content-Type","value":"application/json","type":"default"},{"key":"Device-Id","value":"123","type":"default"}],"body":{"mode":"raw","raw":"{\n    \"beneficiaryID\": \"13\",\n    \"nickName\" :            \"bobby133\",\n    \"type\"    :            \"savings\",\n    \"customerID\"          : \"1\"\n}","options":{"raw":{"language":"json"}}},"url":{"raw":"http://localhost:8082/beneficiarysystem/updatepayee","protocol":"http","host":["localhost"],"port":"8082","path":["beneficiarysystem","updatepayee"]}},"response":[]},{"name":"localhost:deletepayee","id":"f273976d-f903-45af-9e77-d7d53b2adb22","protocolProfileBehavior":{"disableBodyPruning":true},"request":{"method":"POST","header":[{"key":"Content-Type","value":"application/json","type":"default"},{"key":"Device-Id","value":"123","type":"default"}],"body":{"mode":"raw","raw":"{\n    \"beneficiaryID\": \"2\",\n    \"customerID\"          : \"1\"\n}","options":{"raw":{"language":"json"}}},"url":{"raw":"http://localhost:8082/beneficiarysystem/deletepayee","protocol":"http","host":["localhost"],"port":"8082","path":["beneficiarysystem","deletepayee"]}},"response":[]},{"name":"localhost:favourites","id":"db84788a-699b-4733-baf5-fdbec521b682","protocolProfileBehavior":{"disableBodyPruning":true},"request":{"method":"POST","header":[{"key":"Content-Type","value":"application/json","type":"default"},{"key":"Device-Id","value":"123","type":"default"}],"body":{"mode":"raw","raw":"{\n\n    \"customerID\" : \"1\",\n    \"beneficiaryID\": \"30\",\n    \"isFavourite\": true \n}","options":{"raw":{"language":"json"}}},"url":{"raw":"http://localhost:8082/beneficiarysystem/favourites","protocol":"http","host":["localhost"],"port":"8082","path":["beneficiarysystem","favourites"]}},"response":[]},{"name":"localhost:getpayees","id":"7547a6b3-3596-47b3-80d4-6c1a2cfbad22","protocolProfileBehavior":{"disableBodyPruning":true},"request":{"method":"POST","header":[{"key":"Content-Type","value":"application/json","type":"default"},{"key":"Device-Id","value":"123","type":"default"}],"body":{"mode":"raw","raw":"{\n\n    \"CustomerID\": \"1\"\n  \n\n}","options":{"raw":{"language":"json"}}},"url":{"raw":"http://localhost:8082/beneficiarysystem/getpayees","protocol":"http","host":["localhost"],"port":"8082","path":["beneficiarysystem","getpayees"]}},"response":[]}],"id":"89b3b4a2-8e97-4a82-9f50-03b03f46d8fa"}]}