{"info":{"_postman_id":"d6b6d777-3245-4a29-b393-51e2ccc609f5","name":"Limits API","schema":"https://schema.getpostman.com/json/collection/v2.1.0/collection.json"},"item":[{"name":"Get Limits","id":"d06fff65-07e5-467b-ad89-b8b22b16d676","protocolProfileBehavior":{"disableBodyPruning":true},"request":{"method":"POST","header":[{"key":"x-mock-response-name","value":"Get Limits","type":"default"},{"key":"x-mock-response-name","value":"Get Limits Random","type":"default"},{"key":"x-mock-response-name","value":"Get Limits Error","type":"default"}],"body":{"mode":"raw","raw":"{\n  \"customer_id\": \"123456\",\n  \"request_id\": \"byxR546sUeqg\",\n  \"accounts\": [\"ACC_1\",\"ACC_2\"]\n}","options":{"raw":{"language":"json"}}},"url":{"raw":"{{baseUrl}}/user/limits/get","host":["{{baseUrl}}"],"path":["user","limits","get"]},"description":"Get all limits"},"response":[{"id":"53c007cd-f8ce-4bac-9e66-a611d0288905","name":"Get Limits Random","originalRequest":{"method":"POST","header":[],"body":{"mode":"raw","raw":"{\n  \"customer_id\": \"123456\",\n  \"request_id\": \"byxR546sUeqg\",\n  \"accounts\": [\"ACC_1\",\"ACC_2\"]\n}","options":{"raw":{"language":"json"}}},"url":{"raw":"{{baseUrl}}/customer/limits/get","host":["{{baseUrl}}"],"path":["customer","limits","get"]}},"status":"OK","code":200,"_postman_previewlanguage":"json","header":[{"key":"Content-Type","value":"application/json","description":"","type":"default"}],"cookie":[],"responseTime":null,"body":"{\n  \"request_id\": \"byxR546sUeqg\",\n  \"ott_daily_limit\": {{$randomInt}},\n  \"ott_user_limit\": {{$randomInt}},\n  \"ott_status\": \"ACTIVE\",\n  \"max_allowed_bene_no_mfa\": {{$randomInt}},\n  \"default_allowed_bene\": {{$randomInt}},\n  \"platform_limit\": {{$randomInt}},\n  \"default_tpt_limit\": {{$randomInt}},\n  \"channel_limits\": [\n    {\n      \"channel_id\": \"NB\",\n      \"user_limit\": {{$randomInt}},\n      \"max_limit\": {{$randomInt}},\n      \"default_limit\": {{$randomInt}},\n      \"status\": \"A\"\n    },\n    {\n      \"channel_id\": \"MB\",\n      \"user_limit\": {{$randomInt}},\n      \"max_limit\": {{$randomInt}},\n      \"default_limit\": {{$randomInt}},\n      \"status\": \"ACTIVE\"\n    }\n  ],\n  \"beneficiary_limits\": [\n    {\n      \"beneficiary_id\": \"{{$randomUUID}}\",\n      \"user_limit\": {{$randomInt}},\n      \"activation_time\": \"2020-01-01T14:10:00.000+05:30\",\n      \"status\": \"ACTIVE\"\n    },\n    {\n      \"beneficiary_id\": \"{{$randomUUID}}\",\n      \"user_limit\": {{$randomInt}},\n      \"activation_time\": \"2020-01-01T14:10:00.000+05:30\",\n      \"status\": \"ACTIVE\"\n    }\n  ],\n  \"mode_limits\": [\n    {\n        \"mode_id\": \"NEFT\",\n        \"user_limit\": {{$randomInt}},\n        \"max_limit\": {{$randomInt}}, \n        \"default_limit\": {{$randomInt}},\n        \"status\": \"ACTIVE\"\n    }\n  ],\n  \"account_status\": [\n    {\n        \"account_id\": \"acc_1\",\n        \"status\": \"ACTIVE\"\n    },\n    {\n        \"account_id\": \"acc_2\",\n        \"status\": \"DISABLED\"\n    }\n]\n}\n"},{"id":"95ff2e4c-3d94-4e0d-a37f-8a4a0b1abe58","name":"Get Limits","originalRequest":{"method":"POST","header":[],"body":{"mode":"raw","raw":"{\n  \"customer_id\": \"123456\",\n  \"accounts\": [\"acc_1\",\"acc_2\"]\n}","options":{"raw":{"language":"json"}}},"url":{"raw":"{{baseUrl}}/customer/limits/get","host":["{{baseUrl}}"],"path":["customer","limits","get"]}},"status":"OK","code":200,"_postman_previewlanguage":"json","header":[{"key":"Content-Type","value":"application/json","description":"","type":"default"}],"cookie":[],"responseTime":null,"body":"{\n  \"request_id\": \"byxR546sUeqg\",\n  \"ott_daily_limit\": 100000,\n  \"ott_user_limit\": 50000,\n  \"ott_status\": \"ACTIVE\",\n  \"max_allowed_bene_no_mfa\": 1000000,\n  \"default_allowed_bene\": 300000,\n  \"platform_limit\": 5000000,\n  \"default_tpt_limit\": 200000,\n  \"channel_limits\": [\n    {\n      \"channel_id\": \"NB\",\n      \"user_limit\": 100000,\n      \"max_limit\": 5000000,\n      \"default_limit\": 200000,\n      \"status\": \"ACTIVE\"\n    },\n    {\n      \"channel_id\": \"MB\",\n      \"user_limit\": 100000,\n      \"max_limit\": 500000,\n      \"default_limit\": 200000,\n      \"status\": \"ACTIVE\"\n    }\n  ],\n  \"beneficiary_limits\": [\n    {\n      \"beneficiary_id\": \"2ada399d-ba00-409e-b72e-157b697f2b50\",\n      \"user_limit\": 250000,\n      \"activation_time\": 1234567890,\n      \"status\": \"ACTIVE\"\n    },\n    {\n      \"beneficiary_id\": \"ccff14dc-57ac-4b56-a425-46afcc911bf1\",\n      \"user_limit\": 350000,\n      \"activation_time\": 9876543210,\n      \"status\": \"ACTIVE\"\n    }\n  ],\n  \"mode_limits\": [\n    {\n        \"mode_id\": \"NEFT\",\n        \"user_limit\": 800000,\n        \"max_limit\": 5000000, \n        \"default_limit\": 300000,\n        \"status\": \"ACTIVE\"\n    }\n  ],\n  \"account_status\": [\n    {\n        \"account_id\": \"acc_1\",\n        \"status\": \"ACTIVE\"\n    },\n    {\n        \"account_id\": \"acc_2\",\n        \"status\": \"DISABLED\"\n    }\n]\n}\n"},{"id":"fd80b258-f190-4c60-b71a-c4ef8ffb8093","name":"Get Limits Error","originalRequest":{"method":"POST","header":[],"body":{"mode":"raw","raw":"{\n  \"customer_id\": \"123456\",\n  \"request_id\": \"byxR546sUeqg\",\n  \"accounts\": [\"ACC_1\",\"ACC_2\"]\n}","options":{"raw":{"language":"json"}}},"url":{"raw":"{{baseUrl}}/customer/limits/get","host":["{{baseUrl}}"],"path":["customer","limits","get"]}},"status":"OK","code":200,"_postman_previewlanguage":"json","header":[{"key":"Content-Type","value":"application/json","description":"","type":"default"}],"cookie":[],"responseTime":null,"body":"{\n    \"body\": null,\n    \"error\": {\n        \"type\": \"ERR_KIND_UNANTICIPATED\",\n        \"code\": \"ERR_CODE_UNDEFINED\",\n        \"devError\": \"Error fetching limits for customer id: 1234567\",\n        \"errorDescription\": \"\"\n    },\n    \"message\": \"Error fetching limits for customer id: 1234567\",\n    \"statusCode\": 200,\n    \"requestId\": null\n}"}]},{"name":"Set User Limits","id":"2b0571de-fb48-4aab-8809-608e5db1b9fa","protocolProfileBehavior":{"disableBodyPruning":true},"request":{"method":"POST","header":[],"body":{"mode":"raw","raw":"{\n    \"customer_id\": 123456,\n    \"request_id\": \"{{$randomUUID}}\",\n    \"config\": {\n        \"ott_user_limit\": 100,\n        \"ott_status\": \"ACTIVE\",\n        \"channel_limits\": [\n            {\n                \"channel_id\": \"MB\",\n                \"user_limit\": 5000,\n                \"status\": \"ACTIVE\"\n            },\n            {\n                \"channel_id\": \"NB\",\n                \"status\": \"DISABLED\"\n            }\n        ],\n        \"beneficiary_limits\": [\n            {\n                \"beneficiary_id\": \"Bene-1\",\n                \"user_limit\": 1000,\n                \"status\": \"ACTIVE\"\n            },\n            {\n                \"beneficiary_id\": \"Bene-2\",\n                \"status\": \"DISABLED\"\n            }\n        ],\n        \"mode_limits\": [\n            {\n                \"mode_id\": \"IMPS\",\n                \"status\": \"ACTIVE\"\n            },\n            {\n                \"mode_id\": \"NEFT\",\n                \"user_limit\": 1000000,\n                \"status\": \"ACTIVE\"\n            },\n            {\n                \"mode_id\": \"RTGS\",\n                \"user_limit\": 1000,\n                \"status\": \"ACTIVE\"\n            }\n        ]\n    }\n}","options":{"raw":{"language":"json"}}},"url":{"raw":"{{baseUrl}}/customer/limits/set","host":["{{baseUrl}}"],"path":["customer","limits","set"]}},"response":[{"id":"aeb91110-3544-4089-a09d-1ab94b45450b","name":"Set Limits Success","originalRequest":{"method":"POST","header":[],"body":{"mode":"raw","raw":"{\n    \"request_id\": \"byxR546sUeqg\",\n    \"ott_user_limit\": 200,\n    \"ott_status\": \"ACTIVE\",\n    \"channel_limits\": [\n        {\n            \"channel_id\": \"NB\",\n            \"user_limit\": 2000,\n            \"status\": \"ACTIVE\"\n        },\n        {\n            \"channel_id\": \"MB\",\n            \"user_limit\": 2000,\n            \"status\": \"ACTIVE\"\n        }\n    ],\n    \"beneficiary_limits\": [\n        {\n            \"beneficiary_id\": \"123\",\n            \"user_limit\": 500,\n            \"status\": \"ACTIVE\"\n        }\n    ],\n    \"mode_limits\": [\n        {\n            \"mode_id\": \"NEFT\",\n            \"user_limit\": 2000,\n            \"status\": \"ACTIVE\"\n        }\n    ]\n}","options":{"raw":{"language":"json"}}},"url":{"raw":"{{baseUrl}}/customer/limits/set","host":["{{baseUrl}}"],"path":["customer","limits","set"]}},"status":"OK","code":200,"_postman_previewlanguage":"json","header":[{"key":"Content-Type","value":"application/json","description":"","type":"default"}],"cookie":[],"responseTime":null,"body":"{\n    \"body\": \"SUCCESS\",\n    \"error\": null,\n    \"message\": null,\n    \"statusCode\": 200,\n    \"requestId\": \"8aef2c89-3cc2-40ba-926c-75d51a831d3d\"\n}"},{"id":"c90d18fb-21d6-41d3-bf52-8b763ed899dd","name":"Set Limits Error","originalRequest":{"method":"POST","header":[],"body":{"mode":"raw","raw":"{\n    \"request_id\": \"byxR546sUeqg\",\n    \"ott_user_limit\": 200,\n    \"ott_status\": \"ACTIVE\",\n    \"channel_limits\": [\n        {\n            \"channel_id\": \"NB\",\n            \"user_limit\": 2000,\n            \"status\": \"ACTIVE\"\n        },\n        {\n            \"channel_id\": \"MB\",\n            \"user_limit\": 2000,\n            \"status\": \"ACTIVE\"\n        }\n    ],\n    \"beneficiary_limits\": [\n        {\n            \"beneficiary_id\": \"123\",\n            \"user_limit\": 500,\n            \"status\": \"ACTIVE\"\n        }\n    ],\n    \"mode_limits\": [\n        {\n            \"mode_id\": \"NEFT\",\n            \"user_limit\": 2000,\n            \"status\": \"ACTIVE\"\n        }\n    ]\n}","options":{"raw":{"language":"json"}}},"url":{"raw":"{{baseUrl}}/customer/limits/set","host":["{{baseUrl}}"],"path":["customer","limits","set"]}},"status":"OK","code":200,"_postman_previewlanguage":"json","header":[{"key":"Content-Type","value":"application/json","description":"","type":"default"}],"cookie":[],"responseTime":null,"body":"{\n    \"body\": null,\n    \"error\": {\n        \"type\": \"ERR_KIND_UNANTICIPATED\",\n        \"code\": \"ERR_CODE_UNDEFINED\",\n        \"devError\": \"Error saving config for customer id: null\",\n        \"errorDescription\": \"\"\n    },\n    \"message\": \"Error saving config for customer id: null\",\n    \"statusCode\": 200,\n    \"requestId\": null\n}"}]},{"name":"Hold","id":"4639abd3-0173-46ec-87cb-b4c97cdf2677","protocolProfileBehavior":{"disableBodyPruning":true},"request":{"method":"POST","header":[{"key":"x-mock-response-name","value":"Hold","type":"default"},{"key":"x-mock-response-name","value":"Limit Exceeded","type":"default","disabled":true}],"body":{"mode":"raw","raw":"{\n  \"request_id\": \"byxR546sUeqg\",\n  \"transaction\":{\n        \"mfa\": \"true\",\n        \"transaction_id\": \"{{$randomUUID}}\",\n        \"customer_id\": \"123456\",\n        \"from_account\": \"ACC_2\",\n        \"beneficiary_id\": \"5d865460821ae3ed458a37e16b3662814a4f2156f237041c70a4c87a8444a465\",\n        \"channel\": \"MB\",\n        \"customer_type\": \"Y\",\n        \"mode\": \"IMPS\",\n        \"is_ott\": \"true\",\n        \"amount\" : 10,\n        \"timestamp\": 123456789\n  }\n}","options":{"raw":{"language":"json"}}},"url":{"raw":"{{baseUrl}}/transaction/hold","host":["{{baseUrl}}"],"path":["transaction","hold"]}},"response":[{"id":"6bccfd91-2e7e-47e5-8c64-e225cca0bacd","name":"Hold","originalRequest":{"method":"POST","header":[],"body":{"mode":"raw","raw":"{\n  \"request_id\": \"byxR546sUeqg\",\n  \"transaction\":{\n        \"mfa\": \"true\",\n        \"transaction_id\": \"abcdef\",\n        \"customer_id\": \"123456\",\n        \"from_account\": \"ACC_1\",\n        \"beneficiary_id\": \"bene123\",\n        \"channel\": \"NB\",\n        \"customer_type\": \"X\",\n        \"mode\": \"NEFT\",\n        \"is_ott\": \"false\",\n        \"amount\" : 1000,\n        \"timestamp\": 123456789\n  }\n}","options":{"raw":{"language":"json"}}},"url":{"raw":"{{baseUrl}}/transaction/hold","host":["{{baseUrl}}"],"path":["transaction","hold"]}},"status":"OK","code":200,"_postman_previewlanguage":"json","header":[{"key":"Content-Type","value":"application/json","description":"","type":"default"}],"cookie":[],"responseTime":null,"body":"{\n    \"body\": {\n        \"request_id\": null,\n        \"transaction_id\": \"7d8b8c65-abee-45fb-ae19-8b214fbe4f5d\",\n        \"token\": \"LLxZVDqICcHs0AjZHKNo\",\n        \"status\": true\n    },\n    \"error\": null,\n    \"message\": \"\",\n    \"statusCode\": 200,\n    \"requestId\": null\n}"},{"id":"1f58b60d-5194-427a-9315-bdbd08521989","name":"Limit Exceeded","originalRequest":{"method":"POST","header":[],"body":{"mode":"raw","raw":"{\n  \"request_id\": \"byxR546sUeqg\",\n  \"transaction\":{\n        \"mfa\": \"true\",\n        \"transaction_id\": \"abcdef\",\n        \"customer_id\": \"cust123\",\n        \"from_account\": \"acc_1\",\n        \"beneficiary_id\": \"bene123\",\n        \"channel\": \"NB\",\n        \"customer_type\": \"X\",\n        \"mode\": \"NEFT\",\n        \"is_ott\": \"true\",\n        \"amount\" : 1000,\n        \"timestamp\": 123456789\n  }\n}","options":{"raw":{"language":"json"}}},"url":{"raw":"{{baseUrl}}/transaction/hold","host":["{{baseUrl}}"],"path":["transaction","hold"]}},"status":"OK","code":200,"_postman_previewlanguage":"json","header":[{"key":"Content-Type","value":"application/json","description":"","type":"default"}],"cookie":[],"responseTime":null,"body":"{\n    \"body\": null,\n    \"error\": {\n        \"type\": \"ERR_KIND_VALIDATION\",\n        \"code\": \"ERR_CODE_LIMIT_EXCEEDED\",\n        \"devError\": \"OTT Limit Exceeded\",\n        \"errorDescription\": \"\"\n    },\n    \"message\": \"OTT Limit Exceeded\",\n    \"statusCode\": 200,\n    \"requestId\": null\n}"}]},{"name":"Confirm","id":"5bba28b5-e6b6-4e33-ad28-0ce166d6e58c","protocolProfileBehavior":{"disableBodyPruning":true},"request":{"method":"POST","header":[{"key":"x-mock-response-name","value":"Confirm Success","type":"default"},{"key":"x-mock-response-name","value":"Confirm Error","type":"default","disabled":true}],"body":{"mode":"raw","raw":"{\n    \"request_id\": \"byxR546sUeqg\",\n    \"customer_id\": \"123456\",\n    \"transaction_id\": \"93cffa26-8534-4224-9ecf-3d40a379b10c\",\n    \"token\": \"FQxMUJRbfrqhM8bWkOPG\"\n}","options":{"raw":{"language":"json"}}},"url":{"raw":"{{baseUrl}}/transaction/confirm","host":["{{baseUrl}}"],"path":["transaction","confirm"]}},"response":[{"id":"91996712-5c2c-47f5-afe6-7d2515f4a5c5","name":"Confirm Success","originalRequest":{"method":"POST","header":[],"body":{"mode":"raw","raw":"{\n    \"request_id\": \"byxR546sUeqg\",\n    \"customer_id\": \"123456\",\n    \"transaction_id\": \"abcdef\",\n    \"token\": \"13o3Z9lKaBei4fRVzdTY\"\n}","options":{"raw":{"language":"json"}}},"url":{"raw":"{{baseUrl}}/transaction/confirm","host":["{{baseUrl}}"],"path":["transaction","confirm"]}},"status":"OK","code":200,"_postman_previewlanguage":"json","header":[],"cookie":[],"responseTime":null,"body":"{\n    \"body\": \"Transaction confirmed\",\n    \"error\": null,\n    \"message\": \"Transaction confirmed\",\n    \"statusCode\": 200,\n    \"requestId\": null\n}"},{"id":"70e83c68-6689-40e4-a121-829703601044","name":"Confirm Error","originalRequest":{"method":"POST","header":[],"body":{"mode":"raw","raw":"{\n     \"request_id\": \"byxR546sUeqg\",\n     \"customer_id\": \"123456\",\n     \"transaction_id\": \"abcdef\",\n     \"token\": \"13o3Z9lKaBei4fRVzdTY\"\n}","options":{"raw":{"language":"json"}}},"url":{"raw":"{{baseUrl}}/transaction/confirm","host":["{{baseUrl}}"],"path":["transaction","confirm"]}},"status":"OK","code":200,"_postman_previewlanguage":"json","header":[{"key":"Content-Type","value":"application/json","description":"","type":"default"}],"cookie":[],"responseTime":null,"body":"{\n    \"body\": null,\n    \"error\": {\n        \"type\": \"ERR_KIND_VALIDATION\",\n        \"code\": \"ERR_CODE_LIMIT_EXCEEDED\",\n        \"devError\": \"OTT Limit Exceeded\",\n        \"errorDescription\": \"\"\n    },\n    \"message\": \"OTT Limit Exceeded\",\n    \"statusCode\": 200,\n    \"requestId\": null\n}"}]},{"name":"Release","id":"2161c8e0-37d0-4301-bab4-ef25ac33fffc","protocolProfileBehavior":{"disableBodyPruning":true},"request":{"method":"POST","header":[{"key":"x-mock-response-name","value":"Release Success","type":"default"},{"key":"x-mock-response-name","value":"Release Error","type":"default","disabled":true}],"body":{"mode":"raw","raw":"{\n    \"request_id\": \"byxR546sUeqg\",\n    \"customer_id\": \"123456\",\n    \"transaction_id\": \"93cffa26-8534-4224-9ecf-3d40a379b10c\",\n        \"token\": \"FQxMUJRbfrqhM8bWkOPG\"\n}","options":{"raw":{"language":"json"}}},"url":{"raw":"{{baseUrl}}/transaction/release","host":["{{baseUrl}}"],"path":["transaction","release"]}},"response":[{"id":"8381ecb8-4cbb-4d50-aa4d-0418d3795101","name":"Release Success","originalRequest":{"method":"POST","header":[],"body":{"mode":"raw","raw":"{\n    \"request_id\": \"byxR546sUeqg\",\n    \"customer_id\": \"cust123\",\n    \"token\": \"13o3Z9lKaBei4fRVzdTY\",\n    \"transaction_id\": \"txn_123\"\n}","options":{"raw":{"language":"json"}}},"url":{"raw":"{{baseUrl}}/transaction/release","host":["{{baseUrl}}"],"path":["transaction","release"]}},"status":"OK","code":200,"_postman_previewlanguage":"json","header":[],"cookie":[],"responseTime":null,"body":"{\n    \"body\": \"Transaction released\",\n    \"error\": null,\n    \"message\": \"Transaction released\",\n    \"statusCode\": 200,\n    \"requestId\": null\n}"},{"id":"4dba2eb1-d03f-4a6c-b3c3-7425bcb45939","name":"Release Error","originalRequest":{"method":"POST","header":[],"body":{"mode":"raw","raw":"{\n    \"resource\": \"resource_id\",\n    \"token\": \"13o3Z9lKaBei4fRVzdTY\",\n    \"transaction_id\": \"txn_123\"\n}","options":{"raw":{"language":"json"}}},"url":{"raw":"{{baseUrl}}/transaction/release","host":["{{baseUrl}}"],"path":["transaction","release"]}},"status":"OK","code":200,"_postman_previewlanguage":"json","header":[{"key":"Content-Type","value":"application/json","description":"","type":"default"}],"cookie":[],"responseTime":null,"body":"{\n   \"request_id\": \"byxR546sUeqg\",\n   \"message\":\"\",\n   \"statusCode\":500,\n   \"error\":{\n      \"type\":\"\",\n      \"code\":\"\",\n      \"devError\":\"\",\n      \"errorDescription\":\"\"\n   },\n   \"body\":null\n}"}]}],"event":[{"listen":"prerequest","script":{"type":"text/javascript","exec":[""],"id":"7b9b09c7-d004-4564-9636-7698d614a615"}},{"listen":"test","script":{"type":"text/javascript","exec":[""],"id":"0a6ab43b-1fdf-4476-ad46-31c731255a79"}}],"variable":[{"id":"2d8f99f5-4754-4a4d-9fe5-a7d6f126da6c","key":"baseUrl","value":"http://localhost:8080/bene-limits-service","type":"string"}]}