{"info":{"_postman_id":"d940c876-f714-d4b1-961b-b131e6c2961c","name":"DT POST Alert","schema":"https://schema.getpostman.com/json/collection/v2.1.0/collection.json"},"item":[{"name":"http://10.2.40.136:8080/alerting/v1/partners/50001846/sites/50017110/alerts","id":"b84e9b97-f17b-e7da-6f77-fe3f59675670","request":{"method":"POST","header":[],"body":{"mode":"raw","raw":"{  \r\n\r\n   \"resourceId\":53751732,\r\n\r\n   \r\n\"conditionId\":25004,\r\n\r\n\"alertDetails\":{ \r\n\r\n\"LogName\":\"System log\",\r\n\r\n\"Source\":\"NTFS\",\r\n\r\n\"EventId\":55,\r\n\r\n\"EventLevel\":\"Warning\",\r\n\r\n\"Description\":\"The file system structure on the disk is corrupt and unusable. Please run the chkdsk utility \"\r\n\r\n}\r\n\r\n\r\n}"},"url":{"raw":"http://10.2.40.136:8080/alerting/v1/partners/50016358/sites/50110019/alerts","protocol":"http","host":["10","2","40","136"],"port":"8080","path":["alerting","v1","partners","50016358","sites","50110019","alerts"]}},"response":[]},{"name":"http://10.2.40.136:8080/alerting/v1/partners/50001846/sites/50017110/alerts","id":"94484be9-aecb-dd2d-f49f-a4e4e1dbf28d","request":{"method":"POST","header":[],"body":{"mode":"raw","raw":"{  \r\n\r\n   \"resourceId\":53751732,\r\n\r\n   \r\n\"conditionId\":25004,\r\n\r\n\"alertDetails\":{ \r\n\r\n\"LogName\":\"System log\",\r\n\r\n\"Source\":\"NTFS\",\r\n\r\n\"EventId\":55,\r\n\r\n\"EventLevel\":\"Warning\",\r\n\r\n\"Description\":\"The file system structure on the disk is corrupt and unusable. Please run the chkdsk utility \"\r\n\r\n}\r\n\r\n\r\n}"},"url":{"raw":"http://10.2.40.136:8080/alerting/v1/partners/50016358/sites/50110019/alerts","protocol":"http","host":["10","2","40","136"],"port":"8080","path":["alerting","v1","partners","50016358","sites","50110019","alerts"]}},"response":[]},{"name":"http://10.2.40.136:8080/alerting/v1/partners/50001846/sites/50017110/alerts","id":"bcbffdd1-a535-94eb-8d4c-e50f49c36b60","request":{"method":"POST","header":[],"body":{"mode":"raw","raw":"{  \r\n\r\n   \"resourceId\":53751732,\r\n\r\n   \r\n\"conditionId\":25005,\r\n\"alertDetails\":{ \r\n\"LogName\":\"System log\",\r\n\"Source\":\"NTFS\",\r\n\"EventId\":55,\r\n\"EventLevel\":\"Warning\",\r\n\"Description\":\"The file system structure on the disk is corrupt and unusable. Please run the chkdsk utility \",\r\n\"Occurrences\":2,\r\n\"Duration\":12\r\n}\r\n\r\n\r\n}"},"url":{"raw":"http://10.2.40.136:8080/alerting/v1/partners/50016358/sites/50110019/alerts","protocol":"http","host":["10","2","40","136"],"port":"8080","path":["alerting","v1","partners","50016358","sites","50110019","alerts"]}},"response":[]}]}