{"info":{"_postman_id":"de427eda-0342-45c7-89e7-7240835caf25","name":"PSA","schema":"https://schema.getpostman.com/json/collection/v2.1.0/collection.json"},"item":[{"name":"QA-psadatasync-reports/tickets","id":"beafbced-f7d1-44e4-9761-0826d71c8841","protocolProfileBehavior":{"disableBodyPruning":true},"request":{"method":"GET","header":[{"key":"x-provider-api-version","value":"REST_1_0","type":"text"},{"key":"x-provider-id","value":"connectwise","type":"text"}],"url":{"raw":"http://internal-QAplatformpsadatasyncservice-1202862745.us-east-1.elb.amazonaws.com/psadatasync/v1/partners/15916/reports/tickets","protocol":"http","host":["internal-QAplatformpsadatasyncservice-1202862745","us-east-1","elb","amazonaws","com"],"path":["psadatasync","v1","partners","15916","reports","tickets"]}},"response":[]},{"name":"QA-psadatasync-reports/tickets?clientid=0","id":"f10a1c54-56b1-4fe0-ae52-d5c192fd7bd0","protocolProfileBehavior":{"disableBodyPruning":true},"request":{"method":"GET","header":[{"key":"x-provider-api-version","value":"REST_1_0","type":"text"},{"key":"x-provider-id","value":"connectwise","type":"text"}],"url":{"raw":"http://internal-QAplatformpsadatasyncservice-1202862745.us-east-1.elb.amazonaws.com/psadatasync/v1/partners/15916/reports/tickets?clientid=0","protocol":"http","host":["internal-QAplatformpsadatasyncservice-1202862745","us-east-1","elb","amazonaws","com"],"path":["psadatasync","v1","partners","15916","reports","tickets"],"query":[{"key":"clientid","value":"0"}]}},"response":[]}]}