{"info":{"_postman_id":"e59874b8-3953-4bdc-82e9-2d0b94c2a0f2","name":"IFT-NEFT-PPF-SSY","schema":"https://schema.getpostman.com/json/collection/v2.1.0/collection.json"},"item":[{"name":"doStandingInstructionsForOwnAccounts","event":[{"listen":"test","script":{"id":"9a132b8c-4745-4e26-a7aa-b5abb61d3dad","exec":["try {\r","    const responseJson = xml2Json(responseBody);\r","    console.log(responseJson)\r","    var MSG = responseJson['S:Envelope']['S:Body']['ns11:doStandingInstructionsForOwnAccountsResponse']['return']['responseservice:status'][\"responseservice:errorCode\"]\r","    console.log(MSG)\r","    pm.test(MSG, function () {\r","        pm.expect(responseJson['S:Envelope']['S:Body']['ns11:doStandingInstructionsForOwnAccountsResponse']['return']['responseservice:status'][\"responseservice:errorCode\"]).is.to.equal(\"0\");\r","    })\r","}\r","catch (e) {\r","    var response = responseBody;\r","    pm.test(\"response is \" + response, function () {\r","        pm.expect(pm.response.code).to.equal(200).to.be.false;\r","    })\r","}\r","//postman.setNextRequest(req[fcount]);"],"type":"text/javascript"}}],"id":"aeeddca4-270d-4d3f-8da3-1cbe2fefd679","protocolProfileBehavior":{"disableBodyPruning":true},"request":{"method":"POST","header":[{"key":"Content-Type","value":"text/xml"}],"body":{"mode":"raw","raw":"<soapenv:Envelope xmlns:soapenv=\"http://schemas.xmlsoap.org/soap/envelope/\" xmlns:tran=\"http://transaction.service.dda.appx.cz.fc.ofss.com/\" xmlns:con=\"http://context.app.fc.ofss.com\" xmlns:exc=\"http://exception.infra.fc.ofss.com\" xmlns:dto=\"http://dto.common.domain.framework.fc.ofss.com\" xmlns:dom=\"http://domain.framework.fc.ofss.com\">\r\n    <soapenv:Header/>\r\n    <soapenv:Body>\r\n        <tran:doStandingInstructionsForOwnAccounts>\r\n            <arg0>\r\n                <con:bankCode>08</con:bankCode>\r\n                <con:channel>BB11</con:channel>\r\n                <con:transactionBranch>089999</con:transactionBranch>\r\n                <con:externalReferenceNo>{{$timestamp}}</con:externalReferenceNo>\r\n                <con:userId>DevUser01</con:userId>\r\n                <con:transactingPartyCode>50000010</con:transactingPartyCode>\r\n            </arg0>\r\n            <arg1>\r\n                <amount>111</amount>\r\n                <beneAcctNo>10000020022022</beneAcctNo>\r\n                <customerId>50000019</customerId>\r\n                <debitAcctNo>00260720221115</debitAcctNo>\r\n                <endDate>14/10/2022</endDate>\r\n                <frequency>4</frequency>\r\n                <period>1</period>\r\n                <remarks>SI</remarks>\r\n                <startDate>14/10/2022</startDate>\r\n            </arg1>\r\n        </tran:doStandingInstructionsForOwnAccounts>\r\n    </soapenv:Body>\r\n</soapenv:Envelope>"},"url":{"raw":"{{obp_url}}/com.ofss.fc.cz.hdfc.obp.webservice/StandingInstructionsForOwnAccounts?wsdl","host":["{{obp_url}}"],"path":["com.ofss.fc.cz.hdfc.obp.webservice","StandingInstructionsForOwnAccounts"],"query":[{"key":"wsdl","value":""}]}},"response":[]},{"name":"getStandingInstructions","event":[{"listen":"test","script":{"exec":["try {\r","    const responseJson = xml2Json(responseBody);\r","    console.log(responseJson)\r","    var MSG = responseJson['S:Envelope']['S:Body']['ns10:getStandingInstructionsResponse']['return']['responseservice:status'][\"responseservice:errorCode\"]\r","    console.log(MSG)\r","    pm.test(MSG, function () {\r","        pm.expect(responseJson['S:Envelope']['S:Body']['ns10:getStandingInstructionsResponse']['return']['responseservice:status'][\"responseservice:errorCode\"]).is.to.equal(\"0\");\r","    })\r","}\r","catch (e) {\r","    var response = responseBody;\r","    pm.test(\"response is \" + response, function () {\r","        pm.expect(pm.response.code).to.equal(200).to.be.false;\r","    })\r","}\r","//postman.setNextRequest(req[fcount]);"],"type":"text/javascript","id":"4db5264a-aeca-435c-8a2d-235f1794f5eb"}}],"id":"1143d3a2-3c05-480d-ac0a-985a4a39d8e9","protocolProfileBehavior":{"disableBodyPruning":true},"request":{"method":"POST","header":[{"key":"Content-Type","value":"text/xml"}],"body":{"mode":"raw","raw":"<soapenv:Envelope xmlns:soapenv=\"http://schemas.xmlsoap.org/soap/envelope/\" xmlns:tran=\"http://transaction.service.dda.appx.cz.fc.ofss.com/\" xmlns:con=\"http://context.app.fc.ofss.com\" xmlns:exc=\"http://exception.infra.fc.ofss.com\" xmlns:dat=\"http://datatype.fc.ofss.com\" xmlns:dom=\"http://domain.framework.fc.ofss.com\" xmlns:dto=\"http://dto.common.domain.framework.fc.ofss.com\">\r\n    <soapenv:Header/>\r\n    <soapenv:Body>\r\n        <tran:getStandingInstructions>\r\n            <arg0>\r\n                <con:bankCode>08</con:bankCode>\r\n                <con:channel>BB11</con:channel>\r\n                <con:externalReferenceNo>1234567891123123089</con:externalReferenceNo>\r\n                <con:transactingPartyCode>33225070</con:transactingPartyCode>\r\n                <con:transactionBranch>089999</con:transactionBranch>\r\n                <con:userId>TSHIKHA</con:userId>\r\n            </arg0>\r\n            <arg1>\r\n                <customerId>50000019</customerId>\r\n                <mode>TPT</mode>\r\n            </arg1>\r\n        </tran:getStandingInstructions>\r\n    </soapenv:Body>\r\n</soapenv:Envelope>"},"url":{"raw":"{{obp_url}}/com.ofss.fc.cz.hdfc.obp.webservice/ViewStandingInstructions?wsdl","host":["{{obp_url}}"],"path":["com.ofss.fc.cz.hdfc.obp.webservice","ViewStandingInstructions"],"query":[{"key":"wsdl","value":""}]}},"response":[]},{"name":"addStandingInstruction","event":[{"listen":"test","script":{"exec":["try {\r","    const responseJson = xml2Json(responseBody);\r","    console.log(responseJson)\r","    var MSG = responseJson['S:Envelope']['S:Body']['ns11:addStandingInstructionResponse']['return']['responseservice:status'][\"responseservice:errorCode\"]\r","    console.log(MSG)\r","    pm.test(MSG, function () {\r","        pm.expect(responseJson['S:Envelope']['S:Body']['ns11:addStandingInstructionResponse']['return']['responseservice:status'][\"responseservice:errorCode\"]).is.to.equal(\"0\");\r","    })\r","}\r","catch (e) {\r","    var response = responseBody;\r","    pm.test(\"response is \" + response, function () {\r","        pm.expect(pm.response.code).to.equal(200).to.be.false;\r","    })\r","}\r","//postman.setNextRequest(req[fcount]);"],"type":"text/javascript","id":"6c0f9326-185b-4641-a380-dabd58f5881a"}}],"id":"9cd153c2-3906-420b-a5a5-f37bddd492ec","protocolProfileBehavior":{"disableBodyPruning":true},"request":{"method":"POST","header":[{"key":"Content-Type","value":"text/xml"}],"body":{"mode":"raw","raw":"<soapenv:Envelope xmlns:soapenv=\"http://schemas.xmlsoap.org/soap/envelope/\" xmlns:tran=\"http://transaction.service.dda.appx.cz.fc.ofss.com/\" xmlns:con=\"http://context.app.fc.ofss.com\" xmlns:exc=\"http://exception.infra.fc.ofss.com\" xmlns:dto=\"http://dto.common.domain.framework.fc.ofss.com\" xmlns:dom=\"http://domain.framework.fc.ofss.com\">\r\n    <soapenv:Header/>\r\n    <soapenv:Body>\r\n        <tran:addStandingInstruction>\r\n            <arg0>\r\n                <con:bankCode>08</con:bankCode>\r\n                <con:channel>BB11</con:channel>\r\n                <con:transactingPartyCode>900000213</con:transactingPartyCode>\r\n                <con:transactionBranch>089999</con:transactionBranch>\r\n                <con:userId>DevUser01</con:userId>\r\n                <con:externalReferenceNo>{{$timestamp}}</con:externalReferenceNo>\r\n            </arg0>\r\n            <arg1>\r\n                <dto:dictionaryArray>\r\n                    <dto:flexField>?</dto:flexField>\r\n                    <dto:fullyQualifiedClassName>?</dto:fullyQualifiedClassName>\r\n                    <dto:nameValuePairDTOArray>\r\n                        <dto:datatype>?</dto:datatype>\r\n                        <dto:genericName>?</dto:genericName>\r\n                        <dto:name>?</dto:name>\r\n                        <dto:value>?</dto:value>\r\n                    </dto:nameValuePairDTOArray>\r\n                </dto:dictionaryArray>\r\n                <dto:organizationName>?</dto:organizationName>\r\n                <amount>500</amount>\r\n                <beneAcctNo>55000000029846</beneAcctNo>\r\n                <beneType>PPF</beneType>\r\n                <customerId>900000213</customerId>\r\n                <debitAcctNo>50100101396703</debitAcctNo>\r\n                <endDate>30/12/2022</endDate>\r\n                <frequency>4</frequency>\r\n                <period>3</period>\r\n                <remarks>test</remarks>\r\n                <siNo>30</siNo>\r\n                <startDate>30/10/2022</startDate>\r\n            </arg1>\r\n        </tran:addStandingInstruction>\r\n    </soapenv:Body>\r\n</soapenv:Envelope>"},"url":{"raw":"{{obp_url}}/com.ofss.fc.cz.hdfc.obp.webservice/PPFStandingInstructions?wsdl","host":["{{obp_url}}"],"path":["com.ofss.fc.cz.hdfc.obp.webservice","PPFStandingInstructions"],"query":[{"key":"wsdl","value":""}]}},"response":[]},{"name":"deleteStandingInstruction","event":[{"listen":"test","script":{"id":"237b341b-7647-42f8-8110-72f1682a33f2","exec":["try {\r","    const responseJson = xml2Json(responseBody);\r","    console.log(responseJson)\r","    var MSG = responseJson['S:Envelope']['S:Body']['ns10:deleteStandingInstructionResponse']['return']['responseservice:status'][\"responseservice:errorCode\"]\r","    console.log(MSG)\r","    pm.test(MSG, function () {\r","        pm.expect(responseJson['S:Envelope']['S:Body']['ns10:deleteStandingInstructionResponse']['return']['responseservice:status'][\"responseservice:errorCode\"]).is.to.equal(\"0\");\r","    })\r","}\r","catch (e) {\r","    var response = responseBody;\r","    pm.test(\"response is \" + response, function () {\r","        pm.expect(pm.response.code).to.equal(200).to.be.false;\r","    })\r","}\r","//postman.setNextRequest(req[fcount]);"],"type":"text/javascript"}}],"id":"e330e3de-8b98-4727-b5e4-d836e62b23fb","protocolProfileBehavior":{"disableBodyPruning":true},"request":{"method":"POST","header":[{"key":"Content-Type","value":"text/xml"}],"body":{"mode":"raw","raw":"<soapenv:Envelope xmlns:soapenv=\"http://schemas.xmlsoap.org/soap/envelope/\" xmlns:tran=\"http://transaction.service.dda.appx.cz.fc.ofss.com/\" xmlns:con=\"http://context.app.fc.ofss.com\" xmlns:exc=\"http://exception.infra.fc.ofss.com\" xmlns:dat=\"http://datatype.fc.ofss.com\" xmlns:dom=\"http://domain.framework.fc.ofss.com\" xmlns:dto=\"http://dto.common.domain.framework.fc.ofss.com\">\r\n    <soapenv:Header/>\r\n    <soapenv:Body>\r\n        <tran:deleteStandingInstruction>\r\n            <arg0>\r\n                <con:bankCode>08</con:bankCode>\r\n                <con:channel>BB11</con:channel>\r\n                <con:transactingPartyCode>500000452</con:transactingPartyCode>\r\n                <con:transactionBranch>089999</con:transactionBranch>\r\n                <con:userId>IB01_USER</con:userId>\r\n                <con:externalReferenceNo>{{$timestamp}}</con:externalReferenceNo>\r\n            </arg0>\r\n            <arg1>\r\n                <amount>500</amount>\r\n                <beneacctno>55000000029846</beneacctno>\r\n                <customerId>900000213</customerId>\r\n                <debitacctno>50100101093852</debitacctno>\r\n                <endDate>10-JAN-2023</endDate>\r\n                <frequency>4</frequency>\r\n                <period>5</period>\r\n                <remarks>NET BANKING SI -test</remarks>\r\n                <siNo>6</siNo>\r\n                <startDate>10-SEP-2022</startDate>\r\n            </arg1>\r\n        </tran:deleteStandingInstruction>\r\n    </soapenv:Body>\r\n</soapenv:Envelope>"},"url":{"raw":"{{obp_url}}/com.ofss.fc.cz.hdfc.obp.webservice/ViewStandingInstructions?wsdl","host":["{{obp_url}}"],"path":["com.ofss.fc.cz.hdfc.obp.webservice","ViewStandingInstructions"],"query":[{"key":"wsdl","value":""}]}},"response":[]},{"name":"viewPPFStandingInstruction","event":[{"listen":"test","script":{"id":"e2a1fb34-15b2-484d-826b-bd7027583969","exec":["try {\r","    const responseJson = xml2Json(responseBody);\r","    console.log(responseJson)\r","    var MSG = responseJson['S:Envelope']['S:Body']['ns11:viewPPFStandingInstructionResponse']['return']['responseservice:status'][\"responseservice:errorCode\"]\r","    console.log(MSG)\r","    pm.test(MSG, function () {\r","        pm.expect(responseJson['S:Envelope']['S:Body']['ns11:viewPPFStandingInstructionResponse']['return']['responseservice:status'][\"responseservice:errorCode\"]).is.to.equal(\"0\");\r","    })\r","}\r","catch (e) {\r","    var response = responseBody;\r","    pm.test(\"response is \" + response, function () {\r","        pm.expect(pm.response.code).to.equal(200).to.be.false;\r","    })\r","}\r","//postman.setNextRequest(req[fcount]);"],"type":"text/javascript"}}],"id":"65f3fa1d-6724-459b-a113-5811e658b1ef","protocolProfileBehavior":{"disableBodyPruning":true},"request":{"method":"POST","header":[{"key":"Content-Type","value":"text/xml"}],"body":{"mode":"raw","raw":"<soapenv:Envelope xmlns:soapenv=\"http://schemas.xmlsoap.org/soap/envelope/\" xmlns:tran=\"http://transaction.service.dda.appx.cz.fc.ofss.com/\" xmlns:con=\"http://context.app.fc.ofss.com\" xmlns:exc=\"http://exception.infra.fc.ofss.com\" xmlns:dat=\"http://datatype.fc.ofss.com\" xmlns:dom=\"http://domain.framework.fc.ofss.com\" xmlns:dto=\"http://dto.common.domain.framework.fc.ofss.com\">\r\n   <soapenv:Header/>\r\n   <soapenv:Body>\r\n      <tran:viewPPFStandingInstruction>\r\n         <arg0>\r\n            <con:bankCode>08</con:bankCode>\r\n            <con:channel>BB11</con:channel>\r\n            <con:externalReferenceNo>{{$timestamp}}</con:externalReferenceNo>\r\n            <con:transactingPartyCode>50000045</con:transactingPartyCode>\r\n            <con:transactionBranch>089999</con:transactionBranch>\r\n            <con:userId>DevUser01</con:userId>\r\n         </arg0>\r\n         <arg1>\r\n            <customerId>900000213</customerId>\r\n         </arg1>\r\n      </tran:viewPPFStandingInstruction>\r\n   </soapenv:Body>\r\n</soapenv:Envelope>\r\n"},"url":{"raw":"{{obp_url}}/com.ofss.fc.cz.hdfc.obp.webservice/PPFStandingInstructions?wsdl","host":["{{obp_url}}"],"path":["com.ofss.fc.cz.hdfc.obp.webservice","PPFStandingInstructions"],"query":[{"key":"wsdl","value":""}]}},"response":[]},{"name":"deletePPFStandingInstruction","event":[{"listen":"test","script":{"id":"daa67b48-a224-473a-b972-b0c897cca33d","exec":["try {\r","    const responseJson = xml2Json(responseBody);\r","    console.log(responseJson)\r","    var MSG = responseJson['S:Envelope']['S:Body']['ns11:deletePPFStandingInstructionResponse']['return']['responseservice:status'][\"responseservice:errorCode\"]\r","    console.log(MSG)\r","    pm.test(MSG, function () {\r","        pm.expect(responseJson['S:Envelope']['S:Body']['ns11:deletePPFStandingInstructionResponse']['return']['responseservice:status'][\"responseservice:errorCode\"]).is.to.equal(\"0\");\r","    })\r","}\r","catch (e) {\r","    var response = responseBody;\r","    pm.test(\"response is \" + response, function () {\r","        pm.expect(pm.response.code).to.equal(200).to.be.false;\r","    })\r","}\r","//postman.setNextRequest(req[fcount]);"],"type":"text/javascript"}}],"id":"aae18cad-c19f-4425-98a2-3e3d26035926","protocolProfileBehavior":{"disableBodyPruning":true},"request":{"method":"POST","header":[{"key":"Content-Type","value":"text/xml"}],"body":{"mode":"raw","raw":"<soapenv:Envelope xmlns:soapenv=\"http://schemas.xmlsoap.org/soap/envelope/\" xmlns:tran=\"http://transaction.service.dda.appx.cz.fc.ofss.com/\" xmlns:con=\"http://context.app.fc.ofss.com\" xmlns:exc=\"http://exception.infra.fc.ofss.com\" xmlns:dat=\"http://datatype.fc.ofss.com\" xmlns:dto=\"http://dto.common.domain.framework.fc.ofss.com\" xmlns:dom=\"http://domain.framework.fc.ofss.com\">\r\n   <soapenv:Header/>\r\n   <soapenv:Body>\r\n      <tran:deletePPFStandingInstruction>\r\n         <arg0>\r\n            <con:bankCode>08</con:bankCode>\r\n            <con:channel>BB11</con:channel>\r\n            <con:externalReferenceNo>{{$timestamp}}</con:externalReferenceNo>\r\n            <con:transactingPartyCode>50000045</con:transactingPartyCode>\r\n            <con:transactionBranch>089999</con:transactionBranch>\r\n            <con:userId>DevUser01</con:userId>\r\n         </arg0>\r\n         <arg1>\r\n            <beneAcctNo>55000000029846</beneAcctNo>\r\n            <customerId>900000213</customerId>\r\n            <debitAcctNo>50100104126780</debitAcctNo>\r\n            <remarks>NET BANKING SI -test</remarks>\r\n            <beneType>PPF</beneType>\r\n            <siNo>5</siNo>\r\n         </arg1>\r\n      </tran:deletePPFStandingInstruction>\r\n   </soapenv:Body>\r\n</soapenv:Envelope>\r\n"},"url":{"raw":"{{obp_url}}/com.ofss.fc.cz.hdfc.obp.webservice/PPFStandingInstructions?wsdl","host":["{{obp_url}}"],"path":["com.ofss.fc.cz.hdfc.obp.webservice","PPFStandingInstructions"],"query":[{"key":"wsdl","value":""}]}},"response":[]},{"name":"Paymentstandinginstructions","id":"c24decfb-f940-40f9-ad04-e8da7c71b95a","protocolProfileBehavior":{"disableBodyPruning":true},"request":{"method":"POST","header":[],"body":{"mode":"raw","raw":"<soapenv:Envelope xmlns:soapenv=\"http://schemas.xmlsoap.org/soap/envelope/\" xmlns:tran=\"http://transaction.service.dda.appx.cz.fc.ofss.com/\" xmlns:con=\"http://context.app.fc.ofss.com\" xmlns:exc=\"http://exception.infra.fc.ofss.com\" xmlns:dat=\"http://datatype.fc.ofss.com\" xmlns:dom=\"http://domain.framework.fc.ofss.com\" xmlns:dto=\"http://dto.common.domain.framework.fc.ofss.com\"> \r\n\r\n   <soapenv:Header/> \r\n\r\n   <soapenv:Body> \r\n\r\n      <tran:merchantFundsTransfer> \r\n\r\n         <!--Optional:--> \r\n\r\n         <arg0> \r\n\r\n            <con:bankCode>08</con:bankCode> \r\n\r\n            <con:channel>IB01</con:channel> \r\n\r\n            <con:transactionBranch>089999</con:transactionBranch> \r\n\r\n            <con:externalReferenceNo>12345678911231891111111</con:externalReferenceNo> \r\n\r\n            <con:userId>IB_USER</con:userId> \r\n\r\n            <con:serviceCode>MPE</con:serviceCode> \r\n\r\n            <con:transactingPartyCode>50000010</con:transactingPartyCode> \r\n\r\n         </arg0> \r\n\r\n         <arg1> \r\n\r\n            <customerId>50000010</customerId> \r\n\r\n            <!--Optional:--> \r\n\r\n            <dealerCode>0000000001</dealerCode> \r\n\r\n            <!--Optional:--> \r\n\r\n            <fromAccountId>50100000082014</fromAccountId> \r\n\r\n            <!--Optional:--> \r\n\r\n            <merchantCode>BPCL</merchantCode> \r\n\r\n            <!--Optional:--> \r\n\r\n            <merchantName>BPCL</merchantName> \r\n\r\n            <!--Optional:--> \r\n\r\n            <salesOrg>3000</salesOrg> \r\n\r\n            <!--Optional:--> \r\n\r\n            <toAccountId>50100000082027</toAccountId> \r\n\r\n            <!--Optional:--> \r\n\r\n            <transactionAmount>80.50</transactionAmount> \r\n\r\n            <!--Optional:--> \r\n\r\n            <userRef>BPCL LPG PAYMENT</userRef> \r\n\r\n         </arg1> \r\n\r\n          \r\n\r\n      </tran:merchantFundsTransfer> \r\n\r\n   </soapenv:Body> \r\n\r\n</soapenv:Envelope>","options":{"raw":{"language":"xml"}}},"url":{"raw":"{{obp_url}}/com.ofss.fc.cz.hdfc.obp.webservice/PaymentStandingInstructions\n","host":["{{obp_url}}"],"path":["com.ofss.fc.cz.hdfc.obp.webservice","PaymentStandingInstructions\n"]}},"response":[]}]}