{"info":{"_postman_id":"ee312762-3c35-4cca-b89a-607c439cedde","name":"EPIC 2 API","schema":"https://schema.getpostman.com/json/collection/v2.1.0/collection.json"},"item":[{"name":"Light weight Account balance check","id":"d0e78f9d-6082-4b7e-b4af-deb8bdc5962c","protocolProfileBehavior":{"disabledSystemHeaders":{},"disableBodyPruning":true},"request":{"method":"POST","header":[],"body":{"mode":"raw","raw":"{\n    \"sessionContext\": {\n        \"bankCode\": \"08\",\n\t\t\"channel\": \"BB11\",\n\t\t\"userId\": \"DevUser01\",\n\t\t\"transactionBranch\": \"089999\",\n        \"externalReferenceNo\": \"1245786569\",\n        \"transactingPartyCode\": \"50000913\",\n\t\t\"serviceCode\": \"CHAPI10906\",\n\t\t\"userReferenceNumber\": \"BALINQ001\"\n    },\n    \"CASABasicBalanceInquiryRequestDTO\": {\n        \"accountNo\": \"50200004144641\",\n        \"partnerId\":\"\"\n    }\n}","options":{"raw":{"language":"json"}}},"url":{"raw":"https://10.226.163.7:9444/com.ofss.fc.cz.hdfc.obp.webservice/CASABasicBalanceInquiryRestService/CASABasicBalanceInquiryRestWrapper","protocol":"https","host":["10","226","163","7"],"port":"9444","path":["com.ofss.fc.cz.hdfc.obp.webservice","CASABasicBalanceInquiryRestService","CASABasicBalanceInquiryRestWrapper"]}},"response":[]},{"name":"Party call","id":"6e364628-89e8-4a43-a810-2007e9c951b5","protocolProfileBehavior":{"disabledSystemHeaders":{"content-type":true},"disableBodyPruning":true},"request":{"method":"POST","header":[{"key":"Content-Type","value":"application/soap+xml","type":"text"}],"body":{"mode":"raw","raw":"<soapenv:Envelope xmlns:soapenv=\"http://schemas.xmlsoap.org/soap/envelope/\" xmlns:par=\"http://core.service.party.appx.fc.ofss.com/PartyApplicationServiceSpi\" xmlns:con=\"http://context.app.fc.ofss.com\" xmlns:exc=\"http://exception.infra.fc.ofss.com\" xmlns:dat=\"http://datatype.fc.ofss.com\" xmlns:dto=\"http://dto.common.domain.framework.fc.ofss.com\" xmlns:core=\"http://core.dto.party.app.fc.ofss.com\" xmlns:con1=\"http://contact.dto.party.app.fc.ofss.com\" xmlns:iden=\"http://identity.dto.party.app.fc.ofss.com\" xmlns:role=\"http://role.dto.party.app.fc.ofss.com\" xmlns:dom=\"http://domain.framework.fc.ofss.com\">\n    <soapenv:Header/>\n    <soapenv:Body>\n        <par:fetchPartyDetailsParty>\n            <par:sessionContext>\n                <con:bankCode>08</con:bankCode>\n                <con:channel>IB01</con:channel>\n                <con:externalReferenceNo>1601201915</con:externalReferenceNo>\n                <con:transactingPartyCode>50233130</con:transactingPartyCode>\n                <con:transactionBranch>089999</con:transactionBranch>\n                <con:userId>DevUser01</con:userId>\n            </par:sessionContext>\n            <par:partyDTO>\n                <core:partyKeyDTO>\n                    <core:partyId>50233130</core:partyId>\n                </core:partyKeyDTO>\n            </par:partyDTO>\n        </par:fetchPartyDetailsParty>\n    </soapenv:Body>\n</soapenv:Envelope>","options":{"raw":{"language":"xml"}}},"url":{"raw":"https://10.226.163.7:9444/com.ofss.fc.cz.hdfc.obp.webservice/AccountInquiry","protocol":"https","host":["10","226","163","7"],"port":"9444","path":["com.ofss.fc.cz.hdfc.obp.webservice","AccountInquiry"]}},"response":[]},{"name":"Party Detail Call","event":[{"listen":"test","script":{"exec":["const responseJson = xml2Json(responseBody);\r","\r","\r","\r","console.log(responseJson)\r","\r","\r","\r","var MSG=responseJson['S:Envelope']['S:Body']['ns77:fetchPartyDetailsPartyResponse']['return']['responseservice:status'][\"responseservice:errorCode\"]\r","\r","\r","\r","\r","console.log(MSG)\r","\r","\r","\r","pm.test(MSG, function () {\r","pm.expect(responseJson['S:Envelope']['S:Body']['ns77:fetchPartyDetailsPartyResponse']['return']['responseservice:status'][\"responseservice:errorCode\"]).is.to.equal(\"0\");})"],"type":"text/javascript","id":"281fcb43-1dcd-4716-8bbb-a62f872eace6"}}],"id":"1fec29bf-ff6b-45e4-9d11-c2f9df8b93c4","protocolProfileBehavior":{"disabledSystemHeaders":{"content-type":true},"disableBodyPruning":true},"request":{"method":"POST","header":[{"key":"Content-Type","name":"Content-Type","value":"text/xml","type":"text"}],"body":{"mode":"raw","raw":"<soapenv:Envelope xmlns:soapenv=\"http://schemas.xmlsoap.org/soap/envelope/\" xmlns:par=\"http://core.service.party.appx.fc.ofss.com/PartyApplicationServiceSpi\" xmlns:con=\"http://context.app.fc.ofss.com\" xmlns:exc=\"http://exception.infra.fc.ofss.com\" xmlns:dto=\"http://dto.common.domain.framework.fc.ofss.com\" xmlns:dat=\"http://datatype.fc.ofss.com\" xmlns:core=\"http://core.dto.party.app.fc.ofss.com\" xmlns:con1=\"http://contact.dto.party.app.fc.ofss.com\" xmlns:iden=\"http://identity.dto.party.app.fc.ofss.com\" xmlns:err=\"http://error.validation.infra.fc.ofss.com\" xmlns:ins=\"http://insider.dto.party.app.fc.ofss.com\" xmlns:ind=\"http://individual.dto.party.app.fc.ofss.com\" xmlns:par1=\"http://partyctrdetails.dto.party.app.fc.ofss.com\" xmlns:role=\"http://role.dto.party.app.fc.ofss.com\" xmlns:crs=\"http://crs.core.dto.party.app.fc.ofss.com\" xmlns:dom=\"http://domain.framework.fc.ofss.com\">\r\n   <soapenv:Header/>\r\n   <soapenv:Body>\r\n      <par:fetchPartyDetailsParty>\r\n         <!--Optional:-->\r\n         <par:sessionContext>\r\n            <con:bankCode>08</con:bankCode>\r\n            <con:channel>IB01</con:channel>\r\n            <con:externalBatchNumber>3</con:externalBatchNumber>\r\n            <con:transactionBranch>089999</con:transactionBranch>\r\n            <con:externalReferenceNo>{{$timestamp}}</con:externalReferenceNo>\r\n            <con:userId>DevUser01</con:userId>\r\n         </par:sessionContext>\r\n         <!--Optional:-->\r\n         <par:partyDTO>\r\n            <core:partyKeyDTO>\r\n               <core:partyId>50000913</core:partyId>\r\n            </core:partyKeyDTO>\r\n         </par:partyDTO>\r\n      </par:fetchPartyDetailsParty>\r\n   </soapenv:Body>\r\n</soapenv:Envelope>"},"url":{"raw":"https://10.226.163.7:9444/com.ofss.fc.cz.hdfc.obp.webservice/PartyApplicationServiceSpi?wsdl","protocol":"https","host":["10","226","163","7"],"port":"9444","path":["com.ofss.fc.cz.hdfc.obp.webservice","PartyApplicationServiceSpi"],"query":[{"key":"wsdl","value":""}]}},"response":[]},{"name":"getCASASummary","event":[{"listen":"test","script":{"exec":["const responseJson = xml2Json(responseBody);\r","var MSG=responseJson['S:Envelope']['S:Body']['ns10:getCASASummaryResponse'].return['responseservice:status'][\"responseservice:errorCode\"]\r","\r","console.log(responseJson)\r","\r","console.log(MSG)\r","\r","pm.test(MSG, function () {\r","        pm.expect(responseJson['S:Envelope']['S:Body']['ns10:getCASASummaryResponse'].return['responseservice:status'][\"responseservice:errorCode\"]).is.to.equal(\"0\");})\r","        // console.log(responseJson);\r","\r","// console.log(\"hhi\")"],"type":"text/javascript","id":"b51c261d-2a54-471a-9400-25d543e0d519"}}],"id":"a699e319-965b-4f41-80ba-14ebaae9a526","protocolProfileBehavior":{"disabledSystemHeaders":{"content-type":true},"disableBodyPruning":true},"request":{"method":"POST","header":[{"key":"Content-Type","name":"Content-Type","value":"text/xml","type":"text"}],"body":{"mode":"raw","raw":"<soapenv:Envelope xmlns:soapenv=\"http://schemas.xmlsoap.org/soap/envelope/\" xmlns:inq=\"http://inquiry.service.dda.appx.cz.fc.ofss.com/\" xmlns:con=\"http://context.app.fc.ofss.com\" xmlns:exc=\"http://exception.infra.fc.ofss.com\" xmlns:dom=\"http://domain.framework.fc.ofss.com\" xmlns:dto=\"http://dto.common.domain.framework.fc.ofss.com\">\r\n   <soapenv:Header/>\r\n   <soapenv:Body>\r\n      <inq:getCASASummary>\r\n         <!--Optional:-->\r\n            <arg0>\r\n                <con:bankCode>08</con:bankCode>\r\n                <con:channel>CXH</con:channel>\r\n                <con:externalReferenceNo>{{$timestamp}}</con:externalReferenceNo>\r\n                <con:transactingPartyCode>189000012</con:transactingPartyCode>\r\n                <con:transactionBranch>089999</con:transactionBranch>\r\n                <con:userId>DevUser01</con:userId>\r\n            </arg0>\r\n         <arg1>\r\n            <customerId>189000012</customerId>\r\n         </arg1>\r\n      </inq:getCASASummary>\r\n   </soapenv:Body>\r\n</soapenv:Envelope>"},"url":{"raw":"https://10.226.163.7:9444/com.ofss.fc.cz.hdfc.obp.webservice/casaSummarySpi","protocol":"https","host":["10","226","163","7"],"port":"9444","path":["com.ofss.fc.cz.hdfc.obp.webservice","casaSummarySpi"]}},"response":[]},{"name":"Party call - MDM ","id":"8786c4e0-11ca-48af-9b68-1bdd448bce07","protocolProfileBehavior":{"disabledSystemHeaders":{"content-type":true},"disableBodyPruning":true},"request":{"method":"POST","header":[{"key":"Content-Type","value":"text/xml","type":"text"}],"body":{"mode":"raw","raw":"<soapenv:Envelope xmlns:soapenv=\"http://schemas.xmlsoap.org/soap/envelope/\">\n    <soapenv:Body>\n        <ns51:fetchPartyInformationDetailsMDMParty xmlns:ns66=\"http://relation.party.enumeration.fc.ofss.com\" xmlns:ns65=\"http://template.finance.party.enumeration.fc.ofss.com\" xmlns:ns64=\"http://finance.party.enumeration.fc.ofss.com\" xmlns:ns63=\"http://fatca.party.enumeration.fc.ofss.com\" xmlns:ns62=\"http://duediligence.party.enumeration.fc.ofss.com\" xmlns:ns61=\"http://assessment.party.enumeration.fc.ofss.com\" xmlns:ns60=\"http://party.enumeration.fc.ofss.com\" xmlns:ns59=\"http://origination.enumeration.fc.ofss.com\" xmlns:ns58=\"http://collaterals.lcm.enumeration.fc.ofss.com\" xmlns:ns57=\"http://content.enumeration.fc.ofss.com\" xmlns:ns56=\"http://commonservice.enumeration.fc.ofss.com\" xmlns:ns55=\"http://card.enumeration.fc.ofss.com\" xmlns:ns54=\"http://account.enumeration.fc.ofss.com\" xmlns:ns53=\"http://enumeration.fc.ofss.com\" xmlns:ns52=\"http://domain.framework.fc.ofss.com\" xmlns:ns51=\"http://core.service.party.appx.fc.ofss.com/MDMPartyApplicationServiceSpi\" xmlns:ns50=\"http://conduct.dto.party.app.fc.ofss.com\" xmlns:ns49=\"http://datatype.statement.profile.finance.dto.party.app.fc.ofss.com\" xmlns:ns48=\"http://trust.dto.party.app.fc.ofss.com\" xmlns:ns47=\"http://application.core.dto.origination.app.fc.ofss.com\" xmlns:ns46=\"http://partygroup.dto.party.app.fc.ofss.com\" xmlns:ns45=\"http://income.profile.finance.dto.party.app.fc.ofss.com\" xmlns:ns44=\"http://nature.template.financial.dto.party.app.fc.ofss.com\" xmlns:ns43=\"http://template.financial.dto.party.app.fc.ofss.com\" xmlns:ns42=\"http://category.template.financial.dto.party.app.fc.ofss.com\" xmlns:ns41=\"http://statement.profile.finance.dto.party.app.fc.ofss.com\" xmlns:ns40=\"http://expense.profile.finance.dto.party.app.fc.ofss.com\" xmlns:ns39=\"http://summary.financial.dto.party.app.fc.ofss.com\" xmlns:ns38=\"http://asset.profile.finance.dto.party.app.fc.ofss.com\" xmlns:ns37=\"http://liability.profile.finance.dto.party.app.fc.ofss.com\" xmlns:ns36=\"http://profile.finance.dto.party.app.fc.ofss.com\" xmlns:ns35=\"http://identity.dto.sms.app.fc.ofss.com\" xmlns:ns34=\"http://kyc.dto.party.app.fc.ofss.com\" xmlns:ns33=\"http://duediligence.dto.party.app.fc.ofss.com\" xmlns:ns32=\"http://assessment.decision.core.dto.party.app.fc.ofss.com\" xmlns:ns31=\"http://global.organization.dto.party.app.fc.ofss.com\" xmlns:ns30=\"http://relation.dto.party.app.fc.ofss.com\" xmlns:ns29=\"http://lastactivity.dto.party.app.fc.ofss.com\" xmlns:ns28=\"http://fatca.core.dto.party.app.fc.ofss.com\" xmlns:ns27=\"http://global.dto.party.app.fc.ofss.com\" xmlns:ns26=\"http://role.dto.party.app.fc.ofss.com\" xmlns:ns25=\"http://error.validation.infra.fc.ofss.com\" xmlns:ns24=\"http://response.service.fc.ofss.com\" xmlns:ns23=\"http://common.dto.integration.app.fc.ofss.com\" xmlns:ns22=\"http://exception.infra.fc.ofss.com\" xmlns:ns21=\"http://context.app.fc.ofss.com\" xmlns:ns20=\"http://linkage.reasoncode.dto.core.commonservice.app.fc.ofss.com\" xmlns:ns19=\"http://consent.dto.core.commonservice.app.fc.ofss.com\" xmlns:ns18=\"http://organization.dto.party.app.fc.ofss.com\" xmlns:ns17=\"http://feeaccrual.dto.pricing.app.fc.ofss.com\" xmlns:ns16=\"http://dto.datatype.fc.ofss.com\" xmlns:ns15=\"http://earmark.account.dto.dda.app.fc.ofss.com\" xmlns:ns14=\"http://individual.dto.party.app.fc.ofss.com\" xmlns:ns13=\"http://identity.dto.party.app.fc.ofss.com\" xmlns:ns12=\"http://accountlinkage.dto.card.app.fc.ofss.com\" xmlns:ns11=\"http://debit.dto.card.app.fc.ofss.com\" xmlns:ns10=\"http://common.dto.card.app.fc.ofss.com\" xmlns:ns9=\"http://holderpreference.dto.account.app.fc.ofss.com\" xmlns:ns8=\"http://contact.dto.party.app.fc.ofss.com\" xmlns:ns7=\"http://core.dto.party.app.fc.ofss.com\" xmlns:ns6=\"http://preferences.account.relation.dto.party.app.fc.ofss.com\" xmlns:ns5=\"http://account.relation.dto.party.app.fc.ofss.com\" xmlns:ns4=\"http://datatype.fc.ofss.com\" xmlns:ns3=\"http://accountaddresslinkage.dto.account.app.fc.ofss.com\" xmlns:ns2=\"http://dto.common.domain.framework.fc.ofss.com\">\n            <ns51:sessionContext>\n                <ns21:allModeSelected>false</ns21:allModeSelected>\n                <ns21:bankCode>08</ns21:bankCode>\n                <ns21:channel>BB11</ns21:channel>\n                <ns21:externalBatchNumber>0</ns21:externalBatchNumber>\n                <ns21:externalReferenceNo>BN91960005580364</ns21:externalReferenceNo>\n                <ns21:externalSystemAuditTrailNumber>0</ns21:externalSystemAuditTrailNumber>\n                <ns21:serviceCode/>\n                <ns21:transactingPartyCode>50000004</ns21:transactingPartyCode>\n                <ns21:transactionBranch>089999</ns21:transactionBranch>\n                <ns21:userId>DevUser01</ns21:userId>\n            </ns51:sessionContext>\n            <ns51:mdmPartyRequestDTO>\n                <ns23:partyId>50000004</ns23:partyId>\n            </ns51:mdmPartyRequestDTO>\n        </ns51:fetchPartyInformationDetailsMDMParty>\n    </soapenv:Body>\n</soapenv:Envelope>","options":{"raw":{"language":"xml"}}},"url":{"raw":"https://10.226.163.7:9444/com.ofss.fc.cz.hdfc.obp.webservice/MDMPartyApplicationServiceSpi","protocol":"https","host":["10","226","163","7"],"port":"9444","path":["com.ofss.fc.cz.hdfc.obp.webservice","MDMPartyApplicationServiceSpi"]}},"response":[]}]}