{"info":{"_postman_id":"fe1b0724-8036-40d5-851c-008803489583","name":"AutoTask","schema":"https://schema.getpostman.com/json/collection/v2.1.0/collection.json"},"item":[{"name":"Autorization","item":[{"name":"http://internal-intplatformpsadatasyncservice-1649242919.ap-south-1.elb.amazonaws.com/psadatasync/v1/partners/50016360/providers/autotask/keys","id":"fdaf1af0-8926-4810-a54e-b64dcc47a39c","protocolProfileBehavior":{"disableBodyPruning":true},"request":{"method":"DELETE","header":[{"key":"x-provider-id","value":"autotask","type":"text"},{"key":"x-provider-api-version","value":"REST_1_0","type":"text"}],"url":{"raw":"http://internal-intplatformpsadatasyncservice-1649242919.ap-south-1.elb.amazonaws.com/psadatasync/v1/partners/50016360/providers/autotask/keys","protocol":"http","host":["internal-intplatformpsadatasyncservice-1649242919","ap-south-1","elb","amazonaws","com"],"path":["psadatasync","v1","partners","50016360","providers","autotask","keys"]}},"response":[]}],"id":"36640e30-509f-4ab9-b3db-94c615b44e2a"},{"name":"PropertyMapping","item":[{"name":"DT-CREATE","id":"b927e519-1d42-4b82-8bbf-e07f0b0e06b4","protocolProfileBehavior":{"disableBodyPruning":true},"request":{"method":"POST","header":[{"key":"Content-Type","name":"Content-Type","value":"application/json","type":"text"},{"key":"x-source-provider-id","value":"autotask","type":"text"},{"key":"x-source-provider-api-version","value":"REST_1_0","type":"text"},{"key":"x-target-provider-api-version","value":"REST_1_0","type":"text"},{"key":"x-target-provider-id","value":"noc","type":"text"}],"body":{"mode":"raw","raw":"{\"mappingId\":null,\"partnerId\":\"5646\",\"entityName\":\"ticketstatus\",\"entityType\":\"ticket\",\"propertyName\":\"id\",\"propertyValue\":\"104\",\"propertyType\":\"\",\"sourceProviderId\":\"autotask\",\"sourceProviderAPIVersion\":\"REST_1_0\",\"targetProviderId\":\"noc\",\"targetProviderAPIVersion\":\"REST_1_0\",\"sourceConditions\":[{\"ruleName\":\"1\",\"ruleMapping\":[{\"name\":\"id\",\"displayName\":\"Approval Needed\",\"value\":\"104\"}]}],\"targetConditions\":[{\"ruleName\":\"1\",\"ruleMapping\":[{\"name\":\"id\",\"displayName\":\"Complete\",\"value\":\"5\"}]}],\"isRequired\":true,\"isActive\":true,\"createdInfo\":{\"activityDate\":null,\"userId\":null,\"userName\":null},\"updatedInfo\":{\"activityDate\":null,\"userId\":null,\"userName\":null}}"},"url":{"raw":"http://internal-intplatformpsadatasyncservice-1649242919.ap-south-1.elb.amazonaws.com/psadatasync/v1/partners/50000086/entity/ticketstatus/property/id/value/104","protocol":"http","host":["internal-intplatformpsadatasyncservice-1649242919","ap-south-1","elb","amazonaws","com"],"path":["psadatasync","v1","partners","50000086","entity","ticketstatus","property","id","value","104"]}},"response":[]},{"name":"DT-DELETE","id":"73026d4d-0835-4dad-b690-30530667f904","protocolProfileBehavior":{"disableBodyPruning":true},"request":{"method":"DELETE","header":[{"key":"Content-Type","name":"Content-Type","value":"application/json","type":"text"},{"key":"x-source-provider-id","value":"autotask","type":"text"},{"key":"x-source-provider-api-version","value":"REST_1_0","type":"text"},{"key":"x-target-provider-api-version","value":"REST_1_0","type":"text"},{"key":"x-target-provider-id","value":"noc","type":"text"},{"key":"rollback-juno-partner","value":"Juno_Partner_Rollback","type":"text"}],"body":{"mode":"raw","raw":"{\"mappingId\":null,\"partnerId\":\"5646\",\"entityName\":\"ticketstatus\",\"entityType\":\"ticket\",\"propertyName\":\"id\",\"propertyValue\":\"104\",\"propertyType\":\"\",\"sourceProviderId\":\"autotask\",\"sourceProviderAPIVersion\":\"REST_1_0\",\"targetProviderId\":\"noc\",\"targetProviderAPIVersion\":\"REST_1_0\",\"sourceConditions\":[{\"ruleName\":\"1\",\"ruleMapping\":[{\"name\":\"id\",\"displayName\":\"Approval Needed\",\"value\":\"104\"}]}],\"targetConditions\":[{\"ruleName\":\"1\",\"ruleMapping\":[{\"name\":\"id\",\"displayName\":\"Complete\",\"value\":\"5\"}]}],\"isRequired\":true,\"isActive\":true,\"createdInfo\":{\"activityDate\":null,\"userId\":null,\"userName\":null},\"updatedInfo\":{\"activityDate\":null,\"userId\":null,\"userName\":null}}"},"url":{"raw":"http://internal-intplatformpsadatasyncservice-1649242919.ap-south-1.elb.amazonaws.com/psadatasync/v1/partners/54325/entity/ALL/property/id/value/New","protocol":"http","host":["internal-intplatformpsadatasyncservice-1649242919","ap-south-1","elb","amazonaws","com"],"path":["psadatasync","v1","partners","54325","entity","ALL","property","id","value","New"]}},"response":[]},{"name":"http://127.0.0.1:1212/psadatasync/v1/partners/{partnerid}/configs/clients/{configid}","id":"a9d9150f-1145-4882-92ba-a8e18f11862c","protocolProfileBehavior":{"disableBodyPruning":true},"request":{"method":"POST","header":[{"key":"Content-Type","name":"Content-Type","value":"application/json","type":"text"},{"key":"x-source-provider-id","value":"autotask","type":"text"},{"key":"x-source-provider-api-version","value":"REST_1_0","type":"text"},{"key":"x-target-provider-api-version","value":"REST_1_0","type":"text"},{"key":"x-target-provider-id","value":"noc","type":"text"}],"body":{"mode":"raw","raw":"{\"mappingId\":null,\"partnerId\":\"50000086\",\"entityName\":\"ticketpriority\",\"entityType\":\"ticket\",\"propertyName\":\"id\",\"propertyValue\":\"2\",\"propertyType\":\"\",\"sourceProviderId\":\"autotask\",\"sourceProviderAPIVersion\":\"REST_1_0\",\"targetProviderId\":\"noc\",\"targetProviderAPIVersion\":\"REST_1_0\",\"sourceConditions\":[{\"ruleName\":\"1\",\"ruleMapping\":[{\"name\":\"id\",\"displayName\":\"Medium\",\"value\":\"2\"}]}],\"targetConditions\":[{\"ruleName\":\"1\",\"ruleMapping\":[{\"name\":\"id\",\"displayName\":\"High\",\"value\":\"1\"}]}],\"isRequired\":true,\"isActive\":true,\"createdInfo\":{\"activityDate\":null,\"userId\":null,\"userName\":null},\"updatedInfo\":{\"activityDate\":null,\"userId\":null,\"userName\":null}}"},"url":{"raw":"http://127.0.0.1:1212/psadatasync/v1/partners/50000086/entity/ticketpriority/property/id/value/2","protocol":"http","host":["127","0","0","1"],"port":"1212","path":["psadatasync","v1","partners","50000086","entity","ticketpriority","property","id","value","2"]}},"response":[]}],"id":"6632f3e9-ba92-430a-9715-e88adcbc10cd"},{"name":"ClientConfiguration","item":[{"name":"127.0.0.1:1212 - DEL","id":"356845f7-b1b8-43f1-8b1f-c65c67b137fb","protocolProfileBehavior":{"disableBodyPruning":true},"request":{"method":"DELETE","header":[{"key":"Content-Type","name":"Content-Type","value":"application/json","type":"text"},{"key":"x-provider-id","value":"servicenow","type":"text"},{"key":"x-provider-api-version","value":"REST_1_0","type":"text"},{"key":"x-target-provider-api-version","value":"REST_1_0","type":"text","disabled":true},{"key":"x-target-provider-id","value":"noc","type":"text","disabled":true}],"body":{"mode":"raw","raw":""},"url":{"raw":"http://127.0.0.1:1212/psadatasync/v1/partners/03926759/configs/clients/ALL","protocol":"http","host":["127","0","0","1"],"port":"1212","path":["psadatasync","v1","partners","03926759","configs","clients","ALL"]}},"response":[]},{"name":"DT - DEL","id":"91c3853a-bf70-4fe9-9412-0301b7833585","protocolProfileBehavior":{"disableBodyPruning":true},"request":{"method":"DELETE","header":[{"key":"Content-Type","name":"Content-Type","value":"application/json","type":"text"},{"key":"x-provider-id","value":"servicenow","type":"text"},{"key":"x-provider-api-version","value":"REST_1_0","type":"text"},{"key":"x-target-provider-api-version","value":"REST_1_0","type":"text","disabled":true},{"key":"x-target-provider-id","value":"noc","type":"text","disabled":true}],"body":{"mode":"raw","raw":""},"url":{"raw":"http://127.0.0.1:1212/psadatasync/v1/partners/1/configs/clients/ALL","protocol":"http","host":["127","0","0","1"],"port":"1212","path":["psadatasync","v1","partners","1","configs","clients","ALL"]}},"response":[]}],"id":"052dc875-c4ea-4bc0-a808-168d38316a6e"},{"name":"PartnerConfig","item":[{"name":"http://127.0.0.1:1212/psadatasync/v1/partners/12345/configs/member","id":"e8f9cf97-858f-4dc9-b9a7-29ca20bc3caf","protocolProfileBehavior":{"disableBodyPruning":true},"request":{"method":"POST","header":[{"key":"x-provider-id","value":"sdsdsf"},{"key":"Content-Type","name":"Content-Type","value":"application/json","type":"text"}],"body":{"mode":"raw","raw":"{\r\n   \"active\" : true,\r\n   \"partnerId\": \"50016360\",\r\n   \"providerId\" : \"connectwise\",\r\n   \"urlcompanyId\" : \"continuum_c\",\r\n   \"url\": \"api-staging.connectwisedev.com\",\r\n   \"configStatus\" : \"success\",\r\n   \"customInfo\":{\"materialCostCode\":\"mcc132\", \"defaultQueue\":\"df231\"}\r\n}"},"url":{"raw":"http://127.0.0.1:1212/psadatasync/v1/partners/12345/configs/member","protocol":"http","host":["127","0","0","1"],"port":"1212","path":["psadatasync","v1","partners","12345","configs","member"]}},"response":[]},{"name":"127.0.0.1:1212 - DEL","id":"3e9f78b4-8003-486e-a935-7621b2975edb","protocolProfileBehavior":{"disableBodyPruning":true},"request":{"method":"DELETE","header":[{"key":"Content-Type","name":"Content-Type","value":"application/json","type":"text"},{"key":"x-provider-id","value":"servicenow","type":"text"},{"key":"x-provider-api-version","value":"REST_1_0","type":"text"},{"key":"x-target-provider-api-version","value":"REST_1_0","type":"text","disabled":true},{"key":"x-target-provider-id","value":"noc","type":"text","disabled":true}],"body":{"mode":"raw","raw":""},"url":{"raw":"http://127.0.0.1:1212/psadatasync/v1/partners/03926759/configs/clients/ALL","protocol":"http","host":["127","0","0","1"],"port":"1212","path":["psadatasync","v1","partners","03926759","configs","clients","ALL"]}},"response":[]},{"name":"http://internal-intplatformpsadatasyncservice-1649242919.ap-south-1.elb.amazonaws.com/psadatasync/v1/partners/50016282/configs/member","id":"ba7d05b6-edd0-4c40-9aff-e24f66977bcf","protocolProfileBehavior":{"disableBodyPruning":true},"request":{"method":"GET","header":[{"key":"x-provider-id","value":"autotask","type":"text"},{"key":"x-provider-api-version","value":"SOAP_1.6","type":"text"},{"key":"Content-Type","value":"application/json","type":"text"}],"url":{"raw":"http://internal-intplatformpsadatasyncservice-1649242919.ap-south-1.elb.amazonaws.com/psadatasync/v1/partners/50016282/configs/member","protocol":"http","host":["internal-intplatformpsadatasyncservice-1649242919","ap-south-1","elb","amazonaws","com"],"path":["psadatasync","v1","partners","50016282","configs","member"]}},"response":[]}],"id":"39b9de95-70d9-4ed9-9273-f59007a8ced7"},{"name":"Reports/Tickets","item":[{"name":"DT-Widgets","id":"7df0c4df-f63b-41e7-bc59-8f2234d9d827","protocolProfileBehavior":{"disableBodyPruning":true},"request":{"method":"GET","header":[{"key":"x-provider-id","value":"autotask","type":"text"}],"url":{"raw":"http://internal-intplatformpsadatasyncservice-1649242919.ap-south-1.elb.amazonaws.com/psadatasync/v1/partners/50000019/widget/tickets","protocol":"http","host":["internal-intplatformpsadatasyncservice-1649242919","ap-south-1","elb","amazonaws","com"],"path":["psadatasync","v1","partners","50000019","widget","tickets"]}},"response":[]},{"name":"DT-Tickets","id":"21cdd8a9-7bae-43a8-9699-bd59d800afb3","protocolProfileBehavior":{"disableBodyPruning":true},"request":{"method":"GET","header":[{"key":"x-provider-id","value":"autotask","type":"text"},{"key":"x-provider-api-version","value":"REST_1_0","type":"text"}],"url":{"raw":"http://internal-intplatformpsadatasyncservice-1649242919.ap-south-1.elb.amazonaws.com/psadatasync/v1/partners/50000019/configs/clients","protocol":"http","host":["internal-intplatformpsadatasyncservice-1649242919","ap-south-1","elb","amazonaws","com"],"path":["psadatasync","v1","partners","50000019","configs","clients"]}},"response":[]}],"id":"96fa4e58-e2db-40b9-85d5-4cbf40547d65"},{"name":"Ticket","item":[],"id":"e12f6668-56ff-45a5-b908-9164ccf91fd4"}]}